[0.066s] DEBUG:colcon:Command line arguments: ['/usr/bin/colcon', 'build', '--event-handlers', 'console_direct+']
[0.067s] DEBUG:colcon:Parsed command line arguments: Namespace(log_base=None, log_level=None, verb_name='build', build_base='build', install_base='install', merge_install=False, symlink_install=False, test_result_base=None, continue_on_error=False, executor='parallel', parallel_workers=32, event_handlers=['console_direct+'], ignore_user_meta=False, metas=['./colcon.meta'], base_paths=['.'], packages_ignore=None, packages_ignore_regex=None, paths=None, packages_up_to=None, packages_up_to_regex=None, packages_above=None, packages_above_and_dependencies=None, packages_above_depth=None, packages_select_by_dep=None, packages_skip_by_dep=None, packages_skip_up_to=None, packages_select_build_failed=False, packages_skip_build_finished=False, packages_select_test_failures=False, packages_skip_test_passed=False, packages_select=None, packages_skip=None, packages_select_regex=None, packages_skip_regex=None, packages_start=None, packages_end=None, allow_overriding=[], cmake_args=None, cmake_target=None, cmake_target_skip_unavailable=False, cmake_clean_cache=False, cmake_clean_first=False, cmake_force_configure=False, ament_cmake_args=None, catkin_cmake_args=None, catkin_skip_building_tests=False, mixin_files=None, mixin=None, verb_parser=<colcon_mixin.mixin.mixin_argument.MixinArgumentDecorator object at 0x758fd1d12830>, verb_extension=<colcon_core.verb.build.BuildVerb object at 0x758fd1d122c0>, main=<bound method BuildVerb.main of <colcon_core.verb.build.BuildVerb object at 0x758fd1d122c0>>, mixin_verb=('build',))
[0.167s] Level 1:colcon.colcon_core.package_discovery:discover_packages(colcon_meta) check parameters
[0.167s] Level 1:colcon.colcon_core.package_discovery:discover_packages(recursive) check parameters
[0.167s] Level 1:colcon.colcon_core.package_discovery:discover_packages(ignore) check parameters
[0.167s] Level 1:colcon.colcon_core.package_discovery:discover_packages(path) check parameters
[0.167s] Level 1:colcon.colcon_core.package_discovery:discover_packages(colcon_meta) discover
[0.167s] Level 1:colcon.colcon_core.package_discovery:discover_packages(recursive) discover
[0.167s] INFO:colcon.colcon_core.package_discovery:Crawling recursively for packages in '/home/wei/fire_scout_ws'
[0.168s] Level 1:colcon.colcon_core.package_identification:_identify(.) by extensions ['ignore', 'ignore_ament_install']
[0.168s] Level 1:colcon.colcon_core.package_identification:_identify(.) by extension 'ignore'
[0.168s] Level 1:colcon.colcon_core.package_identification:_identify(.) by extension 'ignore_ament_install'
[0.168s] Level 1:colcon.colcon_core.package_identification:_identify(.) by extensions ['colcon_pkg']
[0.168s] Level 1:colcon.colcon_core.package_identification:_identify(.) by extension 'colcon_pkg'
[0.168s] Level 1:colcon.colcon_core.package_identification:_identify(.) by extensions ['colcon_meta']
[0.168s] Level 1:colcon.colcon_core.package_identification:_identify(.) by extension 'colcon_meta'
[0.168s] Level 1:colcon.colcon_core.package_identification:_identify(.) by extensions ['ros']
[0.168s] Level 1:colcon.colcon_core.package_identification:_identify(.) by extension 'ros'
[0.175s] Level 1:colcon.colcon_core.package_identification:_identify(.) by extensions ['cmake', 'python']
[0.175s] Level 1:colcon.colcon_core.package_identification:_identify(.) by extension 'cmake'
[0.175s] Level 1:colcon.colcon_core.package_identification:_identify(.) by extension 'python'
[0.175s] Level 1:colcon.colcon_core.package_identification:_identify(.) by extensions ['python_setup_py']
[0.175s] Level 1:colcon.colcon_core.package_identification:_identify(.) by extension 'python_setup_py'
[0.175s] Level 1:colcon.colcon_core.package_identification:_identify(build) by extensions ['ignore', 'ignore_ament_install']
[0.175s] Level 1:colcon.colcon_core.package_identification:_identify(build) by extension 'ignore'
[0.175s] Level 1:colcon.colcon_core.package_identification:_identify(build) ignored
[0.175s] Level 1:colcon.colcon_core.package_identification:_identify(install) by extensions ['ignore', 'ignore_ament_install']
[0.175s] Level 1:colcon.colcon_core.package_identification:_identify(install) by extension 'ignore'
[0.175s] Level 1:colcon.colcon_core.package_identification:_identify(install) ignored
[0.175s] Level 1:colcon.colcon_core.package_identification:_identify(log) by extensions ['ignore', 'ignore_ament_install']
[0.175s] Level 1:colcon.colcon_core.package_identification:_identify(log) by extension 'ignore'
[0.175s] Level 1:colcon.colcon_core.package_identification:_identify(log) ignored
[0.175s] Level 1:colcon.colcon_core.package_identification:_identify(src) by extensions ['ignore', 'ignore_ament_install']
[0.175s] Level 1:colcon.colcon_core.package_identification:_identify(src) by extension 'ignore'
[0.175s] Level 1:colcon.colcon_core.package_identification:_identify(src) by extension 'ignore_ament_install'
[0.175s] Level 1:colcon.colcon_core.package_identification:_identify(src) by extensions ['colcon_pkg']
[0.175s] Level 1:colcon.colcon_core.package_identification:_identify(src) by extension 'colcon_pkg'
[0.175s] Level 1:colcon.colcon_core.package_identification:_identify(src) by extensions ['colcon_meta']
[0.175s] Level 1:colcon.colcon_core.package_identification:_identify(src) by extension 'colcon_meta'
[0.175s] Level 1:colcon.colcon_core.package_identification:_identify(src) by extensions ['ros']
[0.175s] Level 1:colcon.colcon_core.package_identification:_identify(src) by extension 'ros'
[0.175s] Level 1:colcon.colcon_core.package_identification:_identify(src) by extensions ['cmake', 'python']
[0.175s] Level 1:colcon.colcon_core.package_identification:_identify(src) by extension 'cmake'
[0.176s] Level 1:colcon.colcon_core.package_identification:_identify(src) by extension 'python'
[0.176s] Level 1:colcon.colcon_core.package_identification:_identify(src) by extensions ['python_setup_py']
[0.176s] Level 1:colcon.colcon_core.package_identification:_identify(src) by extension 'python_setup_py'
[0.176s] Level 1:colcon.colcon_core.package_identification:_identify(src/fire_scout_bringup) by extensions ['ignore', 'ignore_ament_install']
[0.176s] Level 1:colcon.colcon_core.package_identification:_identify(src/fire_scout_bringup) by extension 'ignore'
[0.176s] Level 1:colcon.colcon_core.package_identification:_identify(src/fire_scout_bringup) by extension 'ignore_ament_install'
[0.176s] Level 1:colcon.colcon_core.package_identification:_identify(src/fire_scout_bringup) by extensions ['colcon_pkg']
[0.176s] Level 1:colcon.colcon_core.package_identification:_identify(src/fire_scout_bringup) by extension 'colcon_pkg'
[0.176s] Level 1:colcon.colcon_core.package_identification:_identify(src/fire_scout_bringup) by extensions ['colcon_meta']
[0.176s] Level 1:colcon.colcon_core.package_identification:_identify(src/fire_scout_bringup) by extension 'colcon_meta'
[0.176s] Level 1:colcon.colcon_core.package_identification:_identify(src/fire_scout_bringup) by extensions ['ros']
[0.176s] Level 1:colcon.colcon_core.package_identification:_identify(src/fire_scout_bringup) by extension 'ros'
[0.177s] DEBUG:colcon.colcon_core.package_identification:Package 'src/fire_scout_bringup' with type 'ros.ament_cmake' and name 'fire_scout_bringup'
[0.177s] Level 1:colcon.colcon_core.package_identification:_identify(src/fire_scout_control) by extensions ['ignore', 'ignore_ament_install']
[0.177s] Level 1:colcon.colcon_core.package_identification:_identify(src/fire_scout_control) by extension 'ignore'
[0.177s] Level 1:colcon.colcon_core.package_identification:_identify(src/fire_scout_control) by extension 'ignore_ament_install'
[0.178s] Level 1:colcon.colcon_core.package_identification:_identify(src/fire_scout_control) by extensions ['colcon_pkg']
[0.178s] Level 1:colcon.colcon_core.package_identification:_identify(src/fire_scout_control) by extension 'colcon_pkg'
[0.178s] Level 1:colcon.colcon_core.package_identification:_identify(src/fire_scout_control) by extensions ['colcon_meta']
[0.178s] Level 1:colcon.colcon_core.package_identification:_identify(src/fire_scout_control) by extension 'colcon_meta'
[0.178s] Level 1:colcon.colcon_core.package_identification:_identify(src/fire_scout_control) by extensions ['ros']
[0.178s] Level 1:colcon.colcon_core.package_identification:_identify(src/fire_scout_control) by extension 'ros'
[0.178s] DEBUG:colcon.colcon_core.package_identification:Package 'src/fire_scout_control' with type 'ros.ament_cmake' and name 'fire_scout_control'
[0.178s] Level 1:colcon.colcon_core.package_identification:_identify(src/fire_scout_gazebo) by extensions ['ignore', 'ignore_ament_install']
[0.178s] Level 1:colcon.colcon_core.package_identification:_identify(src/fire_scout_gazebo) by extension 'ignore'
[0.178s] Level 1:colcon.colcon_core.package_identification:_identify(src/fire_scout_gazebo) by extension 'ignore_ament_install'
[0.178s] Level 1:colcon.colcon_core.package_identification:_identify(src/fire_scout_gazebo) by extensions ['colcon_pkg']
[0.178s] Level 1:colcon.colcon_core.package_identification:_identify(src/fire_scout_gazebo) by extension 'colcon_pkg'
[0.178s] Level 1:colcon.colcon_core.package_identification:_identify(src/fire_scout_gazebo) by extensions ['colcon_meta']
[0.178s] Level 1:colcon.colcon_core.package_identification:_identify(src/fire_scout_gazebo) by extension 'colcon_meta'
[0.178s] Level 1:colcon.colcon_core.package_identification:_identify(src/fire_scout_gazebo) by extensions ['ros']
[0.178s] Level 1:colcon.colcon_core.package_identification:_identify(src/fire_scout_gazebo) by extension 'ros'
[0.179s] DEBUG:colcon.colcon_core.package_identification:Package 'src/fire_scout_gazebo' with type 'ros.ament_cmake' and name 'fire_scout_gazebo'
[0.179s] Level 1:colcon.colcon_core.package_identification:_identify(src/fire_scout_localization) by extensions ['ignore', 'ignore_ament_install']
[0.179s] Level 1:colcon.colcon_core.package_identification:_identify(src/fire_scout_localization) by extension 'ignore'
[0.179s] Level 1:colcon.colcon_core.package_identification:_identify(src/fire_scout_localization) by extension 'ignore_ament_install'
[0.179s] Level 1:colcon.colcon_core.package_identification:_identify(src/fire_scout_localization) by extensions ['colcon_pkg']
[0.179s] Level 1:colcon.colcon_core.package_identification:_identify(src/fire_scout_localization) by extension 'colcon_pkg'
[0.179s] Level 1:colcon.colcon_core.package_identification:_identify(src/fire_scout_localization) by extensions ['colcon_meta']
[0.179s] Level 1:colcon.colcon_core.package_identification:_identify(src/fire_scout_localization) by extension 'colcon_meta'
[0.179s] Level 1:colcon.colcon_core.package_identification:_identify(src/fire_scout_localization) by extensions ['ros']
[0.179s] Level 1:colcon.colcon_core.package_identification:_identify(src/fire_scout_localization) by extension 'ros'
[0.179s] DEBUG:colcon.colcon_core.package_identification:Package 'src/fire_scout_localization' with type 'ros.ament_cmake' and name 'fire_scout_localization'
[0.180s] Level 1:colcon.colcon_core.package_identification:_identify(src/fire_scout_mapping) by extensions ['ignore', 'ignore_ament_install']
[0.180s] Level 1:colcon.colcon_core.package_identification:_identify(src/fire_scout_mapping) by extension 'ignore'
[0.180s] Level 1:colcon.colcon_core.package_identification:_identify(src/fire_scout_mapping) by extension 'ignore_ament_install'
[0.180s] Level 1:colcon.colcon_core.package_identification:_identify(src/fire_scout_mapping) by extensions ['colcon_pkg']
[0.180s] Level 1:colcon.colcon_core.package_identification:_identify(src/fire_scout_mapping) by extension 'colcon_pkg'
[0.180s] Level 1:colcon.colcon_core.package_identification:_identify(src/fire_scout_mapping) by extensions ['colcon_meta']
[0.180s] Level 1:colcon.colcon_core.package_identification:_identify(src/fire_scout_mapping) by extension 'colcon_meta'
[0.180s] Level 1:colcon.colcon_core.package_identification:_identify(src/fire_scout_mapping) by extensions ['ros']
[0.180s] Level 1:colcon.colcon_core.package_identification:_identify(src/fire_scout_mapping) by extension 'ros'
[0.180s] DEBUG:colcon.colcon_core.package_identification:Package 'src/fire_scout_mapping' with type 'ros.ament_cmake' and name 'fire_scout_mapping'
[0.180s] Level 1:colcon.colcon_core.package_identification:_identify(src/fire_scout_planning_safe) by extensions ['ignore', 'ignore_ament_install']
[0.180s] Level 1:colcon.colcon_core.package_identification:_identify(src/fire_scout_planning_safe) by extension 'ignore'
[0.180s] Level 1:colcon.colcon_core.package_identification:_identify(src/fire_scout_planning_safe) by extension 'ignore_ament_install'
[0.180s] Level 1:colcon.colcon_core.package_identification:_identify(src/fire_scout_planning_safe) by extensions ['colcon_pkg']
[0.180s] Level 1:colcon.colcon_core.package_identification:_identify(src/fire_scout_planning_safe) by extension 'colcon_pkg'
[0.180s] Level 1:colcon.colcon_core.package_identification:_identify(src/fire_scout_planning_safe) by extensions ['colcon_meta']
[0.180s] Level 1:colcon.colcon_core.package_identification:_identify(src/fire_scout_planning_safe) by extension 'colcon_meta'
[0.180s] Level 1:colcon.colcon_core.package_identification:_identify(src/fire_scout_planning_safe) by extensions ['ros']
[0.181s] Level 1:colcon.colcon_core.package_identification:_identify(src/fire_scout_planning_safe) by extension 'ros'
[0.181s] DEBUG:colcon.colcon_core.package_identification:Package 'src/fire_scout_planning_safe' with type 'ros.ament_cmake' and name 'fire_scout_planning_safe'
[0.181s] Level 1:colcon.colcon_core.package_identification:_identify(src/fire_scout_sensors) by extensions ['ignore', 'ignore_ament_install']
[0.181s] Level 1:colcon.colcon_core.package_identification:_identify(src/fire_scout_sensors) by extension 'ignore'
[0.181s] Level 1:colcon.colcon_core.package_identification:_identify(src/fire_scout_sensors) by extension 'ignore_ament_install'
[0.181s] Level 1:colcon.colcon_core.package_identification:_identify(src/fire_scout_sensors) by extensions ['colcon_pkg']
[0.181s] Level 1:colcon.colcon_core.package_identification:_identify(src/fire_scout_sensors) by extension 'colcon_pkg'
[0.181s] Level 1:colcon.colcon_core.package_identification:_identify(src/fire_scout_sensors) by extensions ['colcon_meta']
[0.181s] Level 1:colcon.colcon_core.package_identification:_identify(src/fire_scout_sensors) by extension 'colcon_meta'
[0.181s] Level 1:colcon.colcon_core.package_identification:_identify(src/fire_scout_sensors) by extensions ['ros']
[0.181s] Level 1:colcon.colcon_core.package_identification:_identify(src/fire_scout_sensors) by extension 'ros'
[0.182s] DEBUG:colcon.colcon_core.package_identification:Package 'src/fire_scout_sensors' with type 'ros.ament_cmake' and name 'fire_scout_sensors'
[0.182s] Level 1:colcon.colcon_core.package_identification:_identify(src/planning1) by extensions ['ignore', 'ignore_ament_install']
[0.182s] Level 1:colcon.colcon_core.package_identification:_identify(src/planning1) by extension 'ignore'
[0.182s] Level 1:colcon.colcon_core.package_identification:_identify(src/planning1) by extension 'ignore_ament_install'
[0.182s] Level 1:colcon.colcon_core.package_identification:_identify(src/planning1) by extensions ['colcon_pkg']
[0.182s] Level 1:colcon.colcon_core.package_identification:_identify(src/planning1) by extension 'colcon_pkg'
[0.182s] Level 1:colcon.colcon_core.package_identification:_identify(src/planning1) by extensions ['colcon_meta']
[0.182s] Level 1:colcon.colcon_core.package_identification:_identify(src/planning1) by extension 'colcon_meta'
[0.182s] Level 1:colcon.colcon_core.package_identification:_identify(src/planning1) by extensions ['ros']
[0.182s] Level 1:colcon.colcon_core.package_identification:_identify(src/planning1) by extension 'ros'
[0.182s] Level 1:colcon.colcon_core.package_identification:_identify(src/planning1) by extensions ['cmake', 'python']
[0.182s] Level 1:colcon.colcon_core.package_identification:_identify(src/planning1) by extension 'cmake'
[0.182s] Level 1:colcon.colcon_core.package_identification:_identify(src/planning1) by extension 'python'
[0.182s] Level 1:colcon.colcon_core.package_identification:_identify(src/planning1) by extensions ['python_setup_py']
[0.182s] Level 1:colcon.colcon_core.package_identification:_identify(src/planning1) by extension 'python_setup_py'
[0.182s] Level 1:colcon.colcon_core.package_identification:_identify(src/px4_msgs) by extensions ['ignore', 'ignore_ament_install']
[0.182s] Level 1:colcon.colcon_core.package_identification:_identify(src/px4_msgs) by extension 'ignore'
[0.182s] Level 1:colcon.colcon_core.package_identification:_identify(src/px4_msgs) by extension 'ignore_ament_install'
[0.182s] Level 1:colcon.colcon_core.package_identification:_identify(src/px4_msgs) by extensions ['colcon_pkg']
[0.182s] Level 1:colcon.colcon_core.package_identification:_identify(src/px4_msgs) by extension 'colcon_pkg'
[0.182s] Level 1:colcon.colcon_core.package_identification:_identify(src/px4_msgs) by extensions ['colcon_meta']
[0.182s] Level 1:colcon.colcon_core.package_identification:_identify(src/px4_msgs) by extension 'colcon_meta'
[0.182s] Level 1:colcon.colcon_core.package_identification:_identify(src/px4_msgs) by extensions ['ros']
[0.182s] Level 1:colcon.colcon_core.package_identification:_identify(src/px4_msgs) by extension 'ros'
[0.183s] DEBUG:colcon.colcon_core.package_identification:Package 'src/px4_msgs' with type 'ros.ament_cmake' and name 'px4_msgs'
[0.183s] Level 1:colcon.colcon_core.package_discovery:discover_packages(recursive) using defaults
[0.183s] Level 1:colcon.colcon_core.package_discovery:discover_packages(ignore) discover
[0.183s] Level 1:colcon.colcon_core.package_discovery:discover_packages(ignore) using defaults
[0.183s] Level 1:colcon.colcon_core.package_discovery:discover_packages(path) discover
[0.183s] Level 1:colcon.colcon_core.package_discovery:discover_packages(path) using defaults
[0.203s] Level 1:colcon.colcon_core.package_discovery:discover_packages(prefix_path) check parameters
[0.203s] Level 1:colcon.colcon_core.package_discovery:discover_packages(prefix_path) discover
[0.204s] DEBUG:colcon.colcon_installed_package_information.package_discovery:Found 351 installed packages in /opt/ros/humble
[0.205s] Level 1:colcon.colcon_core.package_discovery:discover_packages(prefix_path) using defaults
[0.230s] Level 5:colcon.colcon_core.verb:set package 'fire_scout_gazebo' build argument 'cmake_args' from command line to 'None'
[0.230s] Level 5:colcon.colcon_core.verb:set package 'fire_scout_gazebo' build argument 'cmake_target' from command line to 'None'
[0.230s] Level 5:colcon.colcon_core.verb:set package 'fire_scout_gazebo' build argument 'cmake_target_skip_unavailable' from command line to 'False'
[0.230s] Level 5:colcon.colcon_core.verb:set package 'fire_scout_gazebo' build argument 'cmake_clean_cache' from command line to 'False'
[0.230s] Level 5:colcon.colcon_core.verb:set package 'fire_scout_gazebo' build argument 'cmake_clean_first' from command line to 'False'
[0.230s] Level 5:colcon.colcon_core.verb:set package 'fire_scout_gazebo' build argument 'cmake_force_configure' from command line to 'False'
[0.230s] Level 5:colcon.colcon_core.verb:set package 'fire_scout_gazebo' build argument 'ament_cmake_args' from command line to 'None'
[0.230s] Level 5:colcon.colcon_core.verb:set package 'fire_scout_gazebo' build argument 'catkin_cmake_args' from command line to 'None'
[0.230s] Level 5:colcon.colcon_core.verb:set package 'fire_scout_gazebo' build argument 'catkin_skip_building_tests' from command line to 'False'
[0.230s] DEBUG:colcon.colcon_core.verb:Building package 'fire_scout_gazebo' with the following arguments: {'ament_cmake_args': None, 'build_base': '/home/wei/fire_scout_ws/build/fire_scout_gazebo', 'catkin_cmake_args': None, 'catkin_skip_building_tests': False, 'cmake_args': None, 'cmake_clean_cache': False, 'cmake_clean_first': False, 'cmake_force_configure': False, 'cmake_target': None, 'cmake_target_skip_unavailable': False, 'install_base': '/home/wei/fire_scout_ws/install/fire_scout_gazebo', 'merge_install': False, 'path': '/home/wei/fire_scout_ws/src/fire_scout_gazebo', 'symlink_install': False, 'test_result_base': None}
[0.230s] Level 5:colcon.colcon_core.verb:set package 'px4_msgs' build argument 'cmake_args' from command line to 'None'
[0.230s] Level 5:colcon.colcon_core.verb:set package 'px4_msgs' build argument 'cmake_target' from command line to 'None'
[0.230s] Level 5:colcon.colcon_core.verb:set package 'px4_msgs' build argument 'cmake_target_skip_unavailable' from command line to 'False'
[0.230s] Level 5:colcon.colcon_core.verb:set package 'px4_msgs' build argument 'cmake_clean_cache' from command line to 'False'
[0.230s] Level 5:colcon.colcon_core.verb:set package 'px4_msgs' build argument 'cmake_clean_first' from command line to 'False'
[0.230s] Level 5:colcon.colcon_core.verb:set package 'px4_msgs' build argument 'cmake_force_configure' from command line to 'False'
[0.230s] Level 5:colcon.colcon_core.verb:set package 'px4_msgs' build argument 'ament_cmake_args' from command line to 'None'
[0.230s] Level 5:colcon.colcon_core.verb:set package 'px4_msgs' build argument 'catkin_cmake_args' from command line to 'None'
[0.230s] Level 5:colcon.colcon_core.verb:set package 'px4_msgs' build argument 'catkin_skip_building_tests' from command line to 'False'
[0.230s] DEBUG:colcon.colcon_core.verb:Building package 'px4_msgs' with the following arguments: {'ament_cmake_args': None, 'build_base': '/home/wei/fire_scout_ws/build/px4_msgs', 'catkin_cmake_args': None, 'catkin_skip_building_tests': False, 'cmake_args': None, 'cmake_clean_cache': False, 'cmake_clean_first': False, 'cmake_force_configure': False, 'cmake_target': None, 'cmake_target_skip_unavailable': False, 'install_base': '/home/wei/fire_scout_ws/install/px4_msgs', 'merge_install': False, 'path': '/home/wei/fire_scout_ws/src/px4_msgs', 'symlink_install': False, 'test_result_base': None}
[0.231s] Level 5:colcon.colcon_core.verb:set package 'fire_scout_control' build argument 'cmake_args' from command line to 'None'
[0.231s] Level 5:colcon.colcon_core.verb:set package 'fire_scout_control' build argument 'cmake_target' from command line to 'None'
[0.231s] Level 5:colcon.colcon_core.verb:set package 'fire_scout_control' build argument 'cmake_target_skip_unavailable' from command line to 'False'
[0.231s] Level 5:colcon.colcon_core.verb:set package 'fire_scout_control' build argument 'cmake_clean_cache' from command line to 'False'
[0.231s] Level 5:colcon.colcon_core.verb:set package 'fire_scout_control' build argument 'cmake_clean_first' from command line to 'False'
[0.231s] Level 5:colcon.colcon_core.verb:set package 'fire_scout_control' build argument 'cmake_force_configure' from command line to 'False'
[0.231s] Level 5:colcon.colcon_core.verb:set package 'fire_scout_control' build argument 'ament_cmake_args' from command line to 'None'
[0.231s] Level 5:colcon.colcon_core.verb:set package 'fire_scout_control' build argument 'catkin_cmake_args' from command line to 'None'
[0.231s] Level 5:colcon.colcon_core.verb:set package 'fire_scout_control' build argument 'catkin_skip_building_tests' from command line to 'False'
[0.231s] DEBUG:colcon.colcon_core.verb:Building package 'fire_scout_control' with the following arguments: {'ament_cmake_args': None, 'build_base': '/home/wei/fire_scout_ws/build/fire_scout_control', 'catkin_cmake_args': None, 'catkin_skip_building_tests': False, 'cmake_args': None, 'cmake_clean_cache': False, 'cmake_clean_first': False, 'cmake_force_configure': False, 'cmake_target': None, 'cmake_target_skip_unavailable': False, 'install_base': '/home/wei/fire_scout_ws/install/fire_scout_control', 'merge_install': False, 'path': '/home/wei/fire_scout_ws/src/fire_scout_control', 'symlink_install': False, 'test_result_base': None}
[0.231s] Level 5:colcon.colcon_core.verb:set package 'fire_scout_localization' build argument 'cmake_args' from command line to 'None'
[0.231s] Level 5:colcon.colcon_core.verb:set package 'fire_scout_localization' build argument 'cmake_target' from command line to 'None'
[0.231s] Level 5:colcon.colcon_core.verb:set package 'fire_scout_localization' build argument 'cmake_target_skip_unavailable' from command line to 'False'
[0.231s] Level 5:colcon.colcon_core.verb:set package 'fire_scout_localization' build argument 'cmake_clean_cache' from command line to 'False'
[0.231s] Level 5:colcon.colcon_core.verb:set package 'fire_scout_localization' build argument 'cmake_clean_first' from command line to 'False'
[0.231s] Level 5:colcon.colcon_core.verb:set package 'fire_scout_localization' build argument 'cmake_force_configure' from command line to 'False'
[0.231s] Level 5:colcon.colcon_core.verb:set package 'fire_scout_localization' build argument 'ament_cmake_args' from command line to 'None'
[0.231s] Level 5:colcon.colcon_core.verb:set package 'fire_scout_localization' build argument 'catkin_cmake_args' from command line to 'None'
[0.231s] Level 5:colcon.colcon_core.verb:set package 'fire_scout_localization' build argument 'catkin_skip_building_tests' from command line to 'False'
[0.231s] DEBUG:colcon.colcon_core.verb:Building package 'fire_scout_localization' with the following arguments: {'ament_cmake_args': None, 'build_base': '/home/wei/fire_scout_ws/build/fire_scout_localization', 'catkin_cmake_args': None, 'catkin_skip_building_tests': False, 'cmake_args': None, 'cmake_clean_cache': False, 'cmake_clean_first': False, 'cmake_force_configure': False, 'cmake_target': None, 'cmake_target_skip_unavailable': False, 'install_base': '/home/wei/fire_scout_ws/install/fire_scout_localization', 'merge_install': False, 'path': '/home/wei/fire_scout_ws/src/fire_scout_localization', 'symlink_install': False, 'test_result_base': None}
[0.231s] Level 5:colcon.colcon_core.verb:set package 'fire_scout_planning_safe' build argument 'cmake_args' from command line to 'None'
[0.231s] Level 5:colcon.colcon_core.verb:set package 'fire_scout_planning_safe' build argument 'cmake_target' from command line to 'None'
[0.231s] Level 5:colcon.colcon_core.verb:set package 'fire_scout_planning_safe' build argument 'cmake_target_skip_unavailable' from command line to 'False'
[0.231s] Level 5:colcon.colcon_core.verb:set package 'fire_scout_planning_safe' build argument 'cmake_clean_cache' from command line to 'False'
[0.231s] Level 5:colcon.colcon_core.verb:set package 'fire_scout_planning_safe' build argument 'cmake_clean_first' from command line to 'False'
[0.231s] Level 5:colcon.colcon_core.verb:set package 'fire_scout_planning_safe' build argument 'cmake_force_configure' from command line to 'False'
[0.231s] Level 5:colcon.colcon_core.verb:set package 'fire_scout_planning_safe' build argument 'ament_cmake_args' from command line to 'None'
[0.231s] Level 5:colcon.colcon_core.verb:set package 'fire_scout_planning_safe' build argument 'catkin_cmake_args' from command line to 'None'
[0.231s] Level 5:colcon.colcon_core.verb:set package 'fire_scout_planning_safe' build argument 'catkin_skip_building_tests' from command line to 'False'
[0.231s] DEBUG:colcon.colcon_core.verb:Building package 'fire_scout_planning_safe' with the following arguments: {'ament_cmake_args': None, 'build_base': '/home/wei/fire_scout_ws/build/fire_scout_planning_safe', 'catkin_cmake_args': None, 'catkin_skip_building_tests': False, 'cmake_args': None, 'cmake_clean_cache': False, 'cmake_clean_first': False, 'cmake_force_configure': False, 'cmake_target': None, 'cmake_target_skip_unavailable': False, 'install_base': '/home/wei/fire_scout_ws/install/fire_scout_planning_safe', 'merge_install': False, 'path': '/home/wei/fire_scout_ws/src/fire_scout_planning_safe', 'symlink_install': False, 'test_result_base': None}
[0.231s] Level 5:colcon.colcon_core.verb:set package 'fire_scout_sensors' build argument 'cmake_args' from command line to 'None'
[0.231s] Level 5:colcon.colcon_core.verb:set package 'fire_scout_sensors' build argument 'cmake_target' from command line to 'None'
[0.231s] Level 5:colcon.colcon_core.verb:set package 'fire_scout_sensors' build argument 'cmake_target_skip_unavailable' from command line to 'False'
[0.231s] Level 5:colcon.colcon_core.verb:set package 'fire_scout_sensors' build argument 'cmake_clean_cache' from command line to 'False'
[0.231s] Level 5:colcon.colcon_core.verb:set package 'fire_scout_sensors' build argument 'cmake_clean_first' from command line to 'False'
[0.232s] Level 5:colcon.colcon_core.verb:set package 'fire_scout_sensors' build argument 'cmake_force_configure' from command line to 'False'
[0.232s] Level 5:colcon.colcon_core.verb:set package 'fire_scout_sensors' build argument 'ament_cmake_args' from command line to 'None'
[0.232s] Level 5:colcon.colcon_core.verb:set package 'fire_scout_sensors' build argument 'catkin_cmake_args' from command line to 'None'
[0.232s] Level 5:colcon.colcon_core.verb:set package 'fire_scout_sensors' build argument 'catkin_skip_building_tests' from command line to 'False'
[0.232s] DEBUG:colcon.colcon_core.verb:Building package 'fire_scout_sensors' with the following arguments: {'ament_cmake_args': None, 'build_base': '/home/wei/fire_scout_ws/build/fire_scout_sensors', 'catkin_cmake_args': None, 'catkin_skip_building_tests': False, 'cmake_args': None, 'cmake_clean_cache': False, 'cmake_clean_first': False, 'cmake_force_configure': False, 'cmake_target': None, 'cmake_target_skip_unavailable': False, 'install_base': '/home/wei/fire_scout_ws/install/fire_scout_sensors', 'merge_install': False, 'path': '/home/wei/fire_scout_ws/src/fire_scout_sensors', 'symlink_install': False, 'test_result_base': None}
[0.232s] Level 5:colcon.colcon_core.verb:set package 'fire_scout_bringup' build argument 'cmake_args' from command line to 'None'
[0.232s] Level 5:colcon.colcon_core.verb:set package 'fire_scout_bringup' build argument 'cmake_target' from command line to 'None'
[0.232s] Level 5:colcon.colcon_core.verb:set package 'fire_scout_bringup' build argument 'cmake_target_skip_unavailable' from command line to 'False'
[0.232s] Level 5:colcon.colcon_core.verb:set package 'fire_scout_bringup' build argument 'cmake_clean_cache' from command line to 'False'
[0.232s] Level 5:colcon.colcon_core.verb:set package 'fire_scout_bringup' build argument 'cmake_clean_first' from command line to 'False'
[0.232s] Level 5:colcon.colcon_core.verb:set package 'fire_scout_bringup' build argument 'cmake_force_configure' from command line to 'False'
[0.232s] Level 5:colcon.colcon_core.verb:set package 'fire_scout_bringup' build argument 'ament_cmake_args' from command line to 'None'
[0.232s] Level 5:colcon.colcon_core.verb:set package 'fire_scout_bringup' build argument 'catkin_cmake_args' from command line to 'None'
[0.232s] Level 5:colcon.colcon_core.verb:set package 'fire_scout_bringup' build argument 'catkin_skip_building_tests' from command line to 'False'
[0.232s] DEBUG:colcon.colcon_core.verb:Building package 'fire_scout_bringup' with the following arguments: {'ament_cmake_args': None, 'build_base': '/home/wei/fire_scout_ws/build/fire_scout_bringup', 'catkin_cmake_args': None, 'catkin_skip_building_tests': False, 'cmake_args': None, 'cmake_clean_cache': False, 'cmake_clean_first': False, 'cmake_force_configure': False, 'cmake_target': None, 'cmake_target_skip_unavailable': False, 'install_base': '/home/wei/fire_scout_ws/install/fire_scout_bringup', 'merge_install': False, 'path': '/home/wei/fire_scout_ws/src/fire_scout_bringup', 'symlink_install': False, 'test_result_base': None}
[0.232s] Level 5:colcon.colcon_core.verb:set package 'fire_scout_mapping' build argument 'cmake_args' from command line to 'None'
[0.232s] Level 5:colcon.colcon_core.verb:set package 'fire_scout_mapping' build argument 'cmake_target' from command line to 'None'
[0.232s] Level 5:colcon.colcon_core.verb:set package 'fire_scout_mapping' build argument 'cmake_target_skip_unavailable' from command line to 'False'
[0.232s] Level 5:colcon.colcon_core.verb:set package 'fire_scout_mapping' build argument 'cmake_clean_cache' from command line to 'False'
[0.232s] Level 5:colcon.colcon_core.verb:set package 'fire_scout_mapping' build argument 'cmake_clean_first' from command line to 'False'
[0.232s] Level 5:colcon.colcon_core.verb:set package 'fire_scout_mapping' build argument 'cmake_force_configure' from command line to 'False'
[0.232s] Level 5:colcon.colcon_core.verb:set package 'fire_scout_mapping' build argument 'ament_cmake_args' from command line to 'None'
[0.232s] Level 5:colcon.colcon_core.verb:set package 'fire_scout_mapping' build argument 'catkin_cmake_args' from command line to 'None'
[0.232s] Level 5:colcon.colcon_core.verb:set package 'fire_scout_mapping' build argument 'catkin_skip_building_tests' from command line to 'False'
[0.232s] DEBUG:colcon.colcon_core.verb:Building package 'fire_scout_mapping' with the following arguments: {'ament_cmake_args': None, 'build_base': '/home/wei/fire_scout_ws/build/fire_scout_mapping', 'catkin_cmake_args': None, 'catkin_skip_building_tests': False, 'cmake_args': None, 'cmake_clean_cache': False, 'cmake_clean_first': False, 'cmake_force_configure': False, 'cmake_target': None, 'cmake_target_skip_unavailable': False, 'install_base': '/home/wei/fire_scout_ws/install/fire_scout_mapping', 'merge_install': False, 'path': '/home/wei/fire_scout_ws/src/fire_scout_mapping', 'symlink_install': False, 'test_result_base': None}
[0.232s] INFO:colcon.colcon_core.executor:Executing jobs using 'parallel' executor
[0.233s] DEBUG:colcon.colcon_parallel_executor.executor.parallel:run_until_complete
[0.233s] INFO:colcon.colcon_ros.task.ament_cmake.build:Building ROS package in '/home/wei/fire_scout_ws/src/px4_msgs' with build type 'ament_cmake'
[0.233s] INFO:colcon.colcon_cmake.task.cmake.build:Building CMake package in '/home/wei/fire_scout_ws/src/px4_msgs'
[0.235s] INFO:colcon.colcon_core.plugin_system:Skipping extension 'colcon_core.shell.bat': Not used on non-Windows systems
[0.235s] INFO:colcon.colcon_core.shell:Skip shell extension 'powershell' for command environment: Not usable outside of PowerShell
[0.235s] DEBUG:colcon.colcon_core.shell:Skip shell extension 'dsv' for command environment
[0.237s] INFO:colcon.colcon_ros.task.ament_cmake.build:Building ROS package in '/home/wei/fire_scout_ws/src/fire_scout_gazebo' with build type 'ament_cmake'
[0.237s] INFO:colcon.colcon_cmake.task.cmake.build:Building CMake package in '/home/wei/fire_scout_ws/src/fire_scout_gazebo'
[0.237s] INFO:colcon.colcon_core.shell:Skip shell extension 'powershell' for command environment: Not usable outside of PowerShell
[0.237s] DEBUG:colcon.colcon_core.shell:Skip shell extension 'dsv' for command environment
[0.242s] DEBUG:colcon.colcon_core.event_handler.log_command:Invoking command in '/home/wei/fire_scout_ws/build/px4_msgs': CMAKE_PREFIX_PATH=/opt/ros/humble /usr/bin/cmake /home/wei/fire_scout_ws/src/px4_msgs -DCMAKE_INSTALL_PREFIX=/home/wei/fire_scout_ws/install/px4_msgs
[0.243s] DEBUG:colcon.colcon_core.event_handler.log_command:Invoking command in '/home/wei/fire_scout_ws/build/fire_scout_gazebo': CMAKE_PREFIX_PATH=/opt/ros/humble /usr/bin/cmake /home/wei/fire_scout_ws/src/fire_scout_gazebo -DCMAKE_INSTALL_PREFIX=/home/wei/fire_scout_ws/install/fire_scout_gazebo
[0.703s] DEBUG:colcon.colcon_core.event_handler.log_command:Invoked command in '/home/wei/fire_scout_ws/build/fire_scout_gazebo' returned '0': CMAKE_PREFIX_PATH=/opt/ros/humble /usr/bin/cmake /home/wei/fire_scout_ws/src/fire_scout_gazebo -DCMAKE_INSTALL_PREFIX=/home/wei/fire_scout_ws/install/fire_scout_gazebo
[0.703s] DEBUG:colcon.colcon_core.event_handler.log_command:Invoking command in '/home/wei/fire_scout_ws/build/fire_scout_gazebo': CMAKE_PREFIX_PATH=/opt/ros/humble /usr/bin/cmake --build /home/wei/fire_scout_ws/build/fire_scout_gazebo -- -j32 -l32
[0.735s] DEBUG:colcon.colcon_core.event_handler.log_command:Invoked command in '/home/wei/fire_scout_ws/build/fire_scout_gazebo' returned '0': CMAKE_PREFIX_PATH=/opt/ros/humble /usr/bin/cmake --build /home/wei/fire_scout_ws/build/fire_scout_gazebo -- -j32 -l32
[0.742s] DEBUG:colcon.colcon_core.event_handler.log_command:Invoking command in '/home/wei/fire_scout_ws/build/fire_scout_gazebo': CMAKE_PREFIX_PATH=/opt/ros/humble /usr/bin/cmake --install /home/wei/fire_scout_ws/build/fire_scout_gazebo
[0.749s] Level 1:colcon.colcon_core.environment:create_environment_scripts_only(fire_scout_gazebo)
[0.749s] DEBUG:colcon.colcon_core.event_handler.log_command:Invoked command in '/home/wei/fire_scout_ws/build/fire_scout_gazebo' returned '0': CMAKE_PREFIX_PATH=/opt/ros/humble /usr/bin/cmake --install /home/wei/fire_scout_ws/build/fire_scout_gazebo
[0.751s] Level 1:colcon.colcon_core.environment:checking '/home/wei/fire_scout_ws/install/fire_scout_gazebo' for CMake module files
[0.751s] Level 1:colcon.colcon_core.environment:checking '/home/wei/fire_scout_ws/install/fire_scout_gazebo' for CMake config files
[0.751s] Level 1:colcon.colcon_core.shell:create_environment_hook('fire_scout_gazebo', 'cmake_prefix_path')
[0.751s] INFO:colcon.colcon_core.shell:Creating environment hook '/home/wei/fire_scout_ws/install/fire_scout_gazebo/share/fire_scout_gazebo/hook/cmake_prefix_path.ps1'
[0.752s] INFO:colcon.colcon_core.shell:Creating environment descriptor '/home/wei/fire_scout_ws/install/fire_scout_gazebo/share/fire_scout_gazebo/hook/cmake_prefix_path.dsv'
[0.752s] INFO:colcon.colcon_core.shell:Creating environment hook '/home/wei/fire_scout_ws/install/fire_scout_gazebo/share/fire_scout_gazebo/hook/cmake_prefix_path.sh'
[0.752s] Level 1:colcon.colcon_core.environment:checking '/home/wei/fire_scout_ws/install/fire_scout_gazebo/bin'
[0.752s] Level 1:colcon.colcon_core.environment:checking '/home/wei/fire_scout_ws/install/fire_scout_gazebo/lib/pkgconfig/fire_scout_gazebo.pc'
[0.752s] Level 1:colcon.colcon_core.environment:checking '/home/wei/fire_scout_ws/install/fire_scout_gazebo/lib/python3.10/site-packages'
[0.753s] Level 1:colcon.colcon_core.environment:checking '/home/wei/fire_scout_ws/install/fire_scout_gazebo/bin'
[0.753s] INFO:colcon.colcon_core.shell:Creating package script '/home/wei/fire_scout_ws/install/fire_scout_gazebo/share/fire_scout_gazebo/package.ps1'
[0.753s] INFO:colcon.colcon_core.shell:Creating package descriptor '/home/wei/fire_scout_ws/install/fire_scout_gazebo/share/fire_scout_gazebo/package.dsv'
[0.754s] INFO:colcon.colcon_core.shell:Creating package script '/home/wei/fire_scout_ws/install/fire_scout_gazebo/share/fire_scout_gazebo/package.sh'
[0.754s] INFO:colcon.colcon_core.shell:Creating package script '/home/wei/fire_scout_ws/install/fire_scout_gazebo/share/fire_scout_gazebo/package.bash'
[0.755s] INFO:colcon.colcon_core.shell:Creating package script '/home/wei/fire_scout_ws/install/fire_scout_gazebo/share/fire_scout_gazebo/package.zsh'
[0.755s] Level 1:colcon.colcon_core.environment:create_file_with_runtime_dependencies(/home/wei/fire_scout_ws/install/fire_scout_gazebo/share/colcon-core/packages/fire_scout_gazebo)
[0.755s] Level 1:colcon.colcon_core.environment:create_environment_scripts_only(fire_scout_gazebo)
[0.755s] Level 1:colcon.colcon_core.environment:checking '/home/wei/fire_scout_ws/install/fire_scout_gazebo' for CMake module files
[0.756s] Level 1:colcon.colcon_core.environment:checking '/home/wei/fire_scout_ws/install/fire_scout_gazebo' for CMake config files
[0.756s] Level 1:colcon.colcon_core.shell:create_environment_hook('fire_scout_gazebo', 'cmake_prefix_path')
[0.756s] INFO:colcon.colcon_core.shell:Creating environment hook '/home/wei/fire_scout_ws/install/fire_scout_gazebo/share/fire_scout_gazebo/hook/cmake_prefix_path.ps1'
[0.756s] INFO:colcon.colcon_core.shell:Creating environment descriptor '/home/wei/fire_scout_ws/install/fire_scout_gazebo/share/fire_scout_gazebo/hook/cmake_prefix_path.dsv'
[0.756s] INFO:colcon.colcon_core.shell:Creating environment hook '/home/wei/fire_scout_ws/install/fire_scout_gazebo/share/fire_scout_gazebo/hook/cmake_prefix_path.sh'
[0.757s] Level 1:colcon.colcon_core.environment:checking '/home/wei/fire_scout_ws/install/fire_scout_gazebo/bin'
[0.757s] Level 1:colcon.colcon_core.environment:checking '/home/wei/fire_scout_ws/install/fire_scout_gazebo/lib/pkgconfig/fire_scout_gazebo.pc'
[0.757s] Level 1:colcon.colcon_core.environment:checking '/home/wei/fire_scout_ws/install/fire_scout_gazebo/lib/python3.10/site-packages'
[0.757s] Level 1:colcon.colcon_core.environment:checking '/home/wei/fire_scout_ws/install/fire_scout_gazebo/bin'
[0.757s] INFO:colcon.colcon_core.shell:Creating package script '/home/wei/fire_scout_ws/install/fire_scout_gazebo/share/fire_scout_gazebo/package.ps1'
[0.758s] INFO:colcon.colcon_core.shell:Creating package descriptor '/home/wei/fire_scout_ws/install/fire_scout_gazebo/share/fire_scout_gazebo/package.dsv'
[0.758s] INFO:colcon.colcon_core.shell:Creating package script '/home/wei/fire_scout_ws/install/fire_scout_gazebo/share/fire_scout_gazebo/package.sh'
[0.758s] INFO:colcon.colcon_core.shell:Creating package script '/home/wei/fire_scout_ws/install/fire_scout_gazebo/share/fire_scout_gazebo/package.bash'
[0.758s] INFO:colcon.colcon_core.shell:Creating package script '/home/wei/fire_scout_ws/install/fire_scout_gazebo/share/fire_scout_gazebo/package.zsh'
[0.758s] Level 1:colcon.colcon_core.environment:create_file_with_runtime_dependencies(/home/wei/fire_scout_ws/install/fire_scout_gazebo/share/colcon-core/packages/fire_scout_gazebo)
[2.846s] DEBUG:colcon.colcon_core.event_handler.log_command:Invoked command in '/home/wei/fire_scout_ws/build/px4_msgs' returned '0': CMAKE_PREFIX_PATH=/opt/ros/humble /usr/bin/cmake /home/wei/fire_scout_ws/src/px4_msgs -DCMAKE_INSTALL_PREFIX=/home/wei/fire_scout_ws/install/px4_msgs
[2.848s] DEBUG:colcon.colcon_core.event_handler.log_command:Invoking command in '/home/wei/fire_scout_ws/build/px4_msgs': CMAKE_PREFIX_PATH=/opt/ros/humble /usr/bin/cmake --build /home/wei/fire_scout_ws/build/px4_msgs -- -j32 -l32
[115.859s] DEBUG:colcon.colcon_core.event_handler.log_command:Invoked command in '/home/wei/fire_scout_ws/build/px4_msgs' returned '0': CMAKE_PREFIX_PATH=/opt/ros/humble /usr/bin/cmake --build /home/wei/fire_scout_ws/build/px4_msgs -- -j32 -l32
[115.860s] DEBUG:colcon.colcon_core.event_handler.log_command:Invoking command in '/home/wei/fire_scout_ws/build/px4_msgs': CMAKE_PREFIX_PATH=/opt/ros/humble /usr/bin/cmake --install /home/wei/fire_scout_ws/build/px4_msgs
[116.533s] Level 1:colcon.colcon_core.environment:create_environment_scripts_only(px4_msgs)
[116.533s] Level 1:colcon.colcon_core.environment:checking '/home/wei/fire_scout_ws/install/px4_msgs' for CMake module files
[116.534s] DEBUG:colcon.colcon_core.event_handler.log_command:Invoked command in '/home/wei/fire_scout_ws/build/px4_msgs' returned '0': CMAKE_PREFIX_PATH=/opt/ros/humble /usr/bin/cmake --install /home/wei/fire_scout_ws/build/px4_msgs
[116.534s] Level 1:colcon.colcon_core.environment:checking '/home/wei/fire_scout_ws/install/px4_msgs' for CMake config files
[116.534s] Level 1:colcon.colcon_core.shell:create_environment_hook('px4_msgs', 'cmake_prefix_path')
[116.534s] INFO:colcon.colcon_core.shell:Creating environment hook '/home/wei/fire_scout_ws/install/px4_msgs/share/px4_msgs/hook/cmake_prefix_path.ps1'
[116.535s] INFO:colcon.colcon_core.shell:Creating environment descriptor '/home/wei/fire_scout_ws/install/px4_msgs/share/px4_msgs/hook/cmake_prefix_path.dsv'
[116.535s] INFO:colcon.colcon_core.shell:Creating environment hook '/home/wei/fire_scout_ws/install/px4_msgs/share/px4_msgs/hook/cmake_prefix_path.sh'
[116.535s] Level 1:colcon.colcon_core.environment:checking '/home/wei/fire_scout_ws/install/px4_msgs/lib'
[116.535s] Level 1:colcon.colcon_core.shell:create_environment_hook('px4_msgs', 'ld_library_path_lib')
[116.535s] INFO:colcon.colcon_core.shell:Creating environment hook '/home/wei/fire_scout_ws/install/px4_msgs/share/px4_msgs/hook/ld_library_path_lib.ps1'
[116.536s] INFO:colcon.colcon_core.shell:Creating environment descriptor '/home/wei/fire_scout_ws/install/px4_msgs/share/px4_msgs/hook/ld_library_path_lib.dsv'
[116.536s] INFO:colcon.colcon_core.shell:Creating environment hook '/home/wei/fire_scout_ws/install/px4_msgs/share/px4_msgs/hook/ld_library_path_lib.sh'
[116.536s] Level 1:colcon.colcon_core.environment:checking '/home/wei/fire_scout_ws/install/px4_msgs/bin'
[116.536s] Level 1:colcon.colcon_core.environment:checking '/home/wei/fire_scout_ws/install/px4_msgs/lib/pkgconfig/px4_msgs.pc'
[116.536s] Level 1:colcon.colcon_core.environment:checking '/home/wei/fire_scout_ws/install/px4_msgs/lib/python3.10/site-packages'
[116.536s] Level 1:colcon.colcon_core.environment:checking '/home/wei/fire_scout_ws/install/px4_msgs/bin'
[116.537s] INFO:colcon.colcon_core.shell:Creating package script '/home/wei/fire_scout_ws/install/px4_msgs/share/px4_msgs/package.ps1'
[116.537s] INFO:colcon.colcon_core.shell:Creating package descriptor '/home/wei/fire_scout_ws/install/px4_msgs/share/px4_msgs/package.dsv'
[116.537s] INFO:colcon.colcon_core.shell:Creating package script '/home/wei/fire_scout_ws/install/px4_msgs/share/px4_msgs/package.sh'
[116.537s] INFO:colcon.colcon_core.shell:Creating package script '/home/wei/fire_scout_ws/install/px4_msgs/share/px4_msgs/package.bash'
[116.538s] INFO:colcon.colcon_core.shell:Creating package script '/home/wei/fire_scout_ws/install/px4_msgs/share/px4_msgs/package.zsh'
[116.538s] Level 1:colcon.colcon_core.environment:create_file_with_runtime_dependencies(/home/wei/fire_scout_ws/install/px4_msgs/share/colcon-core/packages/px4_msgs)
[116.538s] Level 1:colcon.colcon_core.environment:create_environment_scripts_only(px4_msgs)
[116.538s] Level 1:colcon.colcon_core.environment:checking '/home/wei/fire_scout_ws/install/px4_msgs' for CMake module files
[116.538s] Level 1:colcon.colcon_core.environment:checking '/home/wei/fire_scout_ws/install/px4_msgs' for CMake config files
[116.539s] Level 1:colcon.colcon_core.shell:create_environment_hook('px4_msgs', 'cmake_prefix_path')
[116.539s] INFO:colcon.colcon_core.shell:Creating environment hook '/home/wei/fire_scout_ws/install/px4_msgs/share/px4_msgs/hook/cmake_prefix_path.ps1'
[116.539s] INFO:colcon.colcon_core.shell:Creating environment descriptor '/home/wei/fire_scout_ws/install/px4_msgs/share/px4_msgs/hook/cmake_prefix_path.dsv'
[116.539s] INFO:colcon.colcon_core.shell:Creating environment hook '/home/wei/fire_scout_ws/install/px4_msgs/share/px4_msgs/hook/cmake_prefix_path.sh'
[116.539s] Level 1:colcon.colcon_core.environment:checking '/home/wei/fire_scout_ws/install/px4_msgs/lib'
[116.539s] Level 1:colcon.colcon_core.shell:create_environment_hook('px4_msgs', 'ld_library_path_lib')
[116.540s] INFO:colcon.colcon_core.shell:Creating environment hook '/home/wei/fire_scout_ws/install/px4_msgs/share/px4_msgs/hook/ld_library_path_lib.ps1'
[116.540s] INFO:colcon.colcon_core.shell:Creating environment descriptor '/home/wei/fire_scout_ws/install/px4_msgs/share/px4_msgs/hook/ld_library_path_lib.dsv'
[116.540s] INFO:colcon.colcon_core.shell:Creating environment hook '/home/wei/fire_scout_ws/install/px4_msgs/share/px4_msgs/hook/ld_library_path_lib.sh'
[116.540s] Level 1:colcon.colcon_core.environment:checking '/home/wei/fire_scout_ws/install/px4_msgs/bin'
[116.540s] Level 1:colcon.colcon_core.environment:checking '/home/wei/fire_scout_ws/install/px4_msgs/lib/pkgconfig/px4_msgs.pc'
[116.540s] Level 1:colcon.colcon_core.environment:checking '/home/wei/fire_scout_ws/install/px4_msgs/lib/python3.10/site-packages'
[116.540s] Level 1:colcon.colcon_core.environment:checking '/home/wei/fire_scout_ws/install/px4_msgs/bin'
[116.541s] INFO:colcon.colcon_core.shell:Creating package script '/home/wei/fire_scout_ws/install/px4_msgs/share/px4_msgs/package.ps1'
[116.541s] INFO:colcon.colcon_core.shell:Creating package descriptor '/home/wei/fire_scout_ws/install/px4_msgs/share/px4_msgs/package.dsv'
[116.541s] INFO:colcon.colcon_core.shell:Creating package script '/home/wei/fire_scout_ws/install/px4_msgs/share/px4_msgs/package.sh'
[116.541s] INFO:colcon.colcon_core.shell:Creating package script '/home/wei/fire_scout_ws/install/px4_msgs/share/px4_msgs/package.bash'
[116.542s] INFO:colcon.colcon_core.shell:Creating package script '/home/wei/fire_scout_ws/install/px4_msgs/share/px4_msgs/package.zsh'
[116.542s] Level 1:colcon.colcon_core.environment:create_file_with_runtime_dependencies(/home/wei/fire_scout_ws/install/px4_msgs/share/colcon-core/packages/px4_msgs)
[116.542s] INFO:colcon.colcon_ros.task.ament_cmake.build:Building ROS package in '/home/wei/fire_scout_ws/src/fire_scout_localization' with build type 'ament_cmake'
[116.542s] INFO:colcon.colcon_cmake.task.cmake.build:Building CMake package in '/home/wei/fire_scout_ws/src/fire_scout_localization'
[116.542s] INFO:colcon.colcon_core.shell:Skip shell extension 'powershell' for command environment: Not usable outside of PowerShell
[116.542s] DEBUG:colcon.colcon_core.shell:Skip shell extension 'dsv' for command environment
[116.545s] INFO:colcon.colcon_ros.task.ament_cmake.build:Building ROS package in '/home/wei/fire_scout_ws/src/fire_scout_planning_safe' with build type 'ament_cmake'
[116.545s] INFO:colcon.colcon_cmake.task.cmake.build:Building CMake package in '/home/wei/fire_scout_ws/src/fire_scout_planning_safe'
[116.545s] INFO:colcon.colcon_core.shell:Skip shell extension 'powershell' for command environment: Not usable outside of PowerShell
[116.545s] DEBUG:colcon.colcon_core.shell:Skip shell extension 'dsv' for command environment
[116.547s] INFO:colcon.colcon_ros.task.ament_cmake.build:Building ROS package in '/home/wei/fire_scout_ws/src/fire_scout_sensors' with build type 'ament_cmake'
[116.547s] INFO:colcon.colcon_cmake.task.cmake.build:Building CMake package in '/home/wei/fire_scout_ws/src/fire_scout_sensors'
[116.547s] INFO:colcon.colcon_core.shell:Skip shell extension 'powershell' for command environment: Not usable outside of PowerShell
[116.547s] DEBUG:colcon.colcon_core.shell:Skip shell extension 'dsv' for command environment
[116.549s] INFO:colcon.colcon_ros.task.ament_cmake.build:Building ROS package in '/home/wei/fire_scout_ws/src/fire_scout_control' with build type 'ament_cmake'
[116.549s] INFO:colcon.colcon_cmake.task.cmake.build:Building CMake package in '/home/wei/fire_scout_ws/src/fire_scout_control'
[116.549s] INFO:colcon.colcon_core.shell:Skip shell extension 'powershell' for command environment: Not usable outside of PowerShell
[116.549s] DEBUG:colcon.colcon_core.shell:Skip shell extension 'dsv' for command environment
[116.557s] DEBUG:colcon.colcon_core.event_handler.log_command:Invoking command in '/home/wei/fire_scout_ws/build/fire_scout_localization': AMENT_PREFIX_PATH=/home/wei/fire_scout_ws/install/px4_msgs:${AMENT_PREFIX_PATH} CMAKE_PREFIX_PATH=/home/wei/fire_scout_ws/install/px4_msgs:/opt/ros/humble LD_LIBRARY_PATH=/home/wei/fire_scout_ws/install/px4_msgs/lib:${LD_LIBRARY_PATH} PYTHONPATH=/home/wei/fire_scout_ws/install/px4_msgs/local/lib/python3.10/dist-packages:${PYTHONPATH} /usr/bin/cmake /home/wei/fire_scout_ws/src/fire_scout_localization -DCMAKE_INSTALL_PREFIX=/home/wei/fire_scout_ws/install/fire_scout_localization
[116.559s] DEBUG:colcon.colcon_core.event_handler.log_command:Invoking command in '/home/wei/fire_scout_ws/build/fire_scout_planning_safe': AMENT_PREFIX_PATH=/home/wei/fire_scout_ws/install/px4_msgs:${AMENT_PREFIX_PATH} CMAKE_PREFIX_PATH=/home/wei/fire_scout_ws/install/px4_msgs:/opt/ros/humble LD_LIBRARY_PATH=/home/wei/fire_scout_ws/install/px4_msgs/lib:${LD_LIBRARY_PATH} PYTHONPATH=/home/wei/fire_scout_ws/install/px4_msgs/local/lib/python3.10/dist-packages:${PYTHONPATH} /usr/bin/cmake /home/wei/fire_scout_ws/src/fire_scout_planning_safe -DCMAKE_INSTALL_PREFIX=/home/wei/fire_scout_ws/install/fire_scout_planning_safe
[116.562s] DEBUG:colcon.colcon_core.event_handler.log_command:Invoking command in '/home/wei/fire_scout_ws/build/fire_scout_sensors': AMENT_PREFIX_PATH=/home/wei/fire_scout_ws/install/px4_msgs:${AMENT_PREFIX_PATH} CMAKE_PREFIX_PATH=/home/wei/fire_scout_ws/install/px4_msgs:/opt/ros/humble LD_LIBRARY_PATH=/home/wei/fire_scout_ws/install/px4_msgs/lib:${LD_LIBRARY_PATH} PYTHONPATH=/home/wei/fire_scout_ws/install/px4_msgs/local/lib/python3.10/dist-packages:${PYTHONPATH} /usr/bin/cmake /home/wei/fire_scout_ws/src/fire_scout_sensors -DCMAKE_INSTALL_PREFIX=/home/wei/fire_scout_ws/install/fire_scout_sensors
[116.565s] DEBUG:colcon.colcon_core.event_handler.log_command:Invoking command in '/home/wei/fire_scout_ws/build/fire_scout_control': AMENT_PREFIX_PATH=/home/wei/fire_scout_ws/install/px4_msgs:${AMENT_PREFIX_PATH} CMAKE_PREFIX_PATH=/home/wei/fire_scout_ws/install/px4_msgs:/opt/ros/humble LD_LIBRARY_PATH=/home/wei/fire_scout_ws/install/px4_msgs/lib:${LD_LIBRARY_PATH} PYTHONPATH=/home/wei/fire_scout_ws/install/px4_msgs/local/lib/python3.10/dist-packages:${PYTHONPATH} /usr/bin/cmake /home/wei/fire_scout_ws/src/fire_scout_control -DCMAKE_INSTALL_PREFIX=/home/wei/fire_scout_ws/install/fire_scout_control
[117.384s] DEBUG:colcon.colcon_core.event_handler.log_command:Invoked command in '/home/wei/fire_scout_ws/build/fire_scout_sensors' returned '0': AMENT_PREFIX_PATH=/home/wei/fire_scout_ws/install/px4_msgs:${AMENT_PREFIX_PATH} CMAKE_PREFIX_PATH=/home/wei/fire_scout_ws/install/px4_msgs:/opt/ros/humble LD_LIBRARY_PATH=/home/wei/fire_scout_ws/install/px4_msgs/lib:${LD_LIBRARY_PATH} PYTHONPATH=/home/wei/fire_scout_ws/install/px4_msgs/local/lib/python3.10/dist-packages:${PYTHONPATH} /usr/bin/cmake /home/wei/fire_scout_ws/src/fire_scout_sensors -DCMAKE_INSTALL_PREFIX=/home/wei/fire_scout_ws/install/fire_scout_sensors
[117.386s] DEBUG:colcon.colcon_core.event_handler.log_command:Invoking command in '/home/wei/fire_scout_ws/build/fire_scout_sensors': AMENT_PREFIX_PATH=/home/wei/fire_scout_ws/install/px4_msgs:${AMENT_PREFIX_PATH} CMAKE_PREFIX_PATH=/home/wei/fire_scout_ws/install/px4_msgs:/opt/ros/humble LD_LIBRARY_PATH=/home/wei/fire_scout_ws/install/px4_msgs/lib:${LD_LIBRARY_PATH} PYTHONPATH=/home/wei/fire_scout_ws/install/px4_msgs/local/lib/python3.10/dist-packages:${PYTHONPATH} /usr/bin/cmake --build /home/wei/fire_scout_ws/build/fire_scout_sensors -- -j32 -l32
[117.414s] DEBUG:colcon.colcon_core.event_handler.log_command:Invoked command in '/home/wei/fire_scout_ws/build/fire_scout_control' returned '0': AMENT_PREFIX_PATH=/home/wei/fire_scout_ws/install/px4_msgs:${AMENT_PREFIX_PATH} CMAKE_PREFIX_PATH=/home/wei/fire_scout_ws/install/px4_msgs:/opt/ros/humble LD_LIBRARY_PATH=/home/wei/fire_scout_ws/install/px4_msgs/lib:${LD_LIBRARY_PATH} PYTHONPATH=/home/wei/fire_scout_ws/install/px4_msgs/local/lib/python3.10/dist-packages:${PYTHONPATH} /usr/bin/cmake /home/wei/fire_scout_ws/src/fire_scout_control -DCMAKE_INSTALL_PREFIX=/home/wei/fire_scout_ws/install/fire_scout_control
[117.416s] DEBUG:colcon.colcon_core.event_handler.log_command:Invoking command in '/home/wei/fire_scout_ws/build/fire_scout_control': AMENT_PREFIX_PATH=/home/wei/fire_scout_ws/install/px4_msgs:${AMENT_PREFIX_PATH} CMAKE_PREFIX_PATH=/home/wei/fire_scout_ws/install/px4_msgs:/opt/ros/humble LD_LIBRARY_PATH=/home/wei/fire_scout_ws/install/px4_msgs/lib:${LD_LIBRARY_PATH} PYTHONPATH=/home/wei/fire_scout_ws/install/px4_msgs/local/lib/python3.10/dist-packages:${PYTHONPATH} /usr/bin/cmake --build /home/wei/fire_scout_ws/build/fire_scout_control -- -j32 -l32
[117.429s] DEBUG:colcon.colcon_core.event_handler.log_command:Invoked command in '/home/wei/fire_scout_ws/build/fire_scout_localization' returned '0': AMENT_PREFIX_PATH=/home/wei/fire_scout_ws/install/px4_msgs:${AMENT_PREFIX_PATH} CMAKE_PREFIX_PATH=/home/wei/fire_scout_ws/install/px4_msgs:/opt/ros/humble LD_LIBRARY_PATH=/home/wei/fire_scout_ws/install/px4_msgs/lib:${LD_LIBRARY_PATH} PYTHONPATH=/home/wei/fire_scout_ws/install/px4_msgs/local/lib/python3.10/dist-packages:${PYTHONPATH} /usr/bin/cmake /home/wei/fire_scout_ws/src/fire_scout_localization -DCMAKE_INSTALL_PREFIX=/home/wei/fire_scout_ws/install/fire_scout_localization
[117.432s] DEBUG:colcon.colcon_core.event_handler.log_command:Invoking command in '/home/wei/fire_scout_ws/build/fire_scout_localization': AMENT_PREFIX_PATH=/home/wei/fire_scout_ws/install/px4_msgs:${AMENT_PREFIX_PATH} CMAKE_PREFIX_PATH=/home/wei/fire_scout_ws/install/px4_msgs:/opt/ros/humble LD_LIBRARY_PATH=/home/wei/fire_scout_ws/install/px4_msgs/lib:${LD_LIBRARY_PATH} PYTHONPATH=/home/wei/fire_scout_ws/install/px4_msgs/local/lib/python3.10/dist-packages:${PYTHONPATH} /usr/bin/cmake --build /home/wei/fire_scout_ws/build/fire_scout_localization -- -j32 -l32
[117.628s] DEBUG:colcon.colcon_core.event_handler.log_command:Invoked command in '/home/wei/fire_scout_ws/build/fire_scout_planning_safe' returned '0': AMENT_PREFIX_PATH=/home/wei/fire_scout_ws/install/px4_msgs:${AMENT_PREFIX_PATH} CMAKE_PREFIX_PATH=/home/wei/fire_scout_ws/install/px4_msgs:/opt/ros/humble LD_LIBRARY_PATH=/home/wei/fire_scout_ws/install/px4_msgs/lib:${LD_LIBRARY_PATH} PYTHONPATH=/home/wei/fire_scout_ws/install/px4_msgs/local/lib/python3.10/dist-packages:${PYTHONPATH} /usr/bin/cmake /home/wei/fire_scout_ws/src/fire_scout_planning_safe -DCMAKE_INSTALL_PREFIX=/home/wei/fire_scout_ws/install/fire_scout_planning_safe
[117.630s] DEBUG:colcon.colcon_core.event_handler.log_command:Invoking command in '/home/wei/fire_scout_ws/build/fire_scout_planning_safe': AMENT_PREFIX_PATH=/home/wei/fire_scout_ws/install/px4_msgs:${AMENT_PREFIX_PATH} CMAKE_PREFIX_PATH=/home/wei/fire_scout_ws/install/px4_msgs:/opt/ros/humble LD_LIBRARY_PATH=/home/wei/fire_scout_ws/install/px4_msgs/lib:${LD_LIBRARY_PATH} PYTHONPATH=/home/wei/fire_scout_ws/install/px4_msgs/local/lib/python3.10/dist-packages:${PYTHONPATH} /usr/bin/cmake --build /home/wei/fire_scout_ws/build/fire_scout_planning_safe -- -j32 -l32
[126.050s] DEBUG:colcon.colcon_core.event_handler.log_command:Invoked command in '/home/wei/fire_scout_ws/build/fire_scout_localization' returned '0': AMENT_PREFIX_PATH=/home/wei/fire_scout_ws/install/px4_msgs:${AMENT_PREFIX_PATH} CMAKE_PREFIX_PATH=/home/wei/fire_scout_ws/install/px4_msgs:/opt/ros/humble LD_LIBRARY_PATH=/home/wei/fire_scout_ws/install/px4_msgs/lib:${LD_LIBRARY_PATH} PYTHONPATH=/home/wei/fire_scout_ws/install/px4_msgs/local/lib/python3.10/dist-packages:${PYTHONPATH} /usr/bin/cmake --build /home/wei/fire_scout_ws/build/fire_scout_localization -- -j32 -l32
[126.053s] DEBUG:colcon.colcon_core.event_handler.log_command:Invoking command in '/home/wei/fire_scout_ws/build/fire_scout_localization': AMENT_PREFIX_PATH=/home/wei/fire_scout_ws/install/px4_msgs:${AMENT_PREFIX_PATH} CMAKE_PREFIX_PATH=/home/wei/fire_scout_ws/install/px4_msgs:/opt/ros/humble LD_LIBRARY_PATH=/home/wei/fire_scout_ws/install/px4_msgs/lib:${LD_LIBRARY_PATH} PYTHONPATH=/home/wei/fire_scout_ws/install/px4_msgs/local/lib/python3.10/dist-packages:${PYTHONPATH} /usr/bin/cmake --install /home/wei/fire_scout_ws/build/fire_scout_localization
[126.066s] Level 1:colcon.colcon_core.environment:create_environment_scripts_only(fire_scout_localization)
[126.067s] Level 1:colcon.colcon_core.environment:checking '/home/wei/fire_scout_ws/install/fire_scout_localization' for CMake module files
[126.067s] DEBUG:colcon.colcon_core.event_handler.log_command:Invoked command in '/home/wei/fire_scout_ws/build/fire_scout_localization' returned '0': AMENT_PREFIX_PATH=/home/wei/fire_scout_ws/install/px4_msgs:${AMENT_PREFIX_PATH} CMAKE_PREFIX_PATH=/home/wei/fire_scout_ws/install/px4_msgs:/opt/ros/humble LD_LIBRARY_PATH=/home/wei/fire_scout_ws/install/px4_msgs/lib:${LD_LIBRARY_PATH} PYTHONPATH=/home/wei/fire_scout_ws/install/px4_msgs/local/lib/python3.10/dist-packages:${PYTHONPATH} /usr/bin/cmake --install /home/wei/fire_scout_ws/build/fire_scout_localization
[126.068s] Level 1:colcon.colcon_core.environment:checking '/home/wei/fire_scout_ws/install/fire_scout_localization' for CMake config files
[126.068s] Level 1:colcon.colcon_core.shell:create_environment_hook('fire_scout_localization', 'cmake_prefix_path')
[126.068s] INFO:colcon.colcon_core.shell:Creating environment hook '/home/wei/fire_scout_ws/install/fire_scout_localization/share/fire_scout_localization/hook/cmake_prefix_path.ps1'
[126.069s] INFO:colcon.colcon_core.shell:Creating environment descriptor '/home/wei/fire_scout_ws/install/fire_scout_localization/share/fire_scout_localization/hook/cmake_prefix_path.dsv'
[126.070s] INFO:colcon.colcon_core.shell:Creating environment hook '/home/wei/fire_scout_ws/install/fire_scout_localization/share/fire_scout_localization/hook/cmake_prefix_path.sh'
[126.071s] Level 1:colcon.colcon_core.environment:checking '/home/wei/fire_scout_ws/install/fire_scout_localization/lib'
[126.071s] Level 1:colcon.colcon_core.environment:checking '/home/wei/fire_scout_ws/install/fire_scout_localization/bin'
[126.071s] Level 1:colcon.colcon_core.environment:checking '/home/wei/fire_scout_ws/install/fire_scout_localization/lib/pkgconfig/fire_scout_localization.pc'
[126.071s] Level 1:colcon.colcon_core.environment:checking '/home/wei/fire_scout_ws/install/fire_scout_localization/lib/python3.10/site-packages'
[126.072s] Level 1:colcon.colcon_core.environment:checking '/home/wei/fire_scout_ws/install/fire_scout_localization/bin'
[126.072s] INFO:colcon.colcon_core.shell:Creating package script '/home/wei/fire_scout_ws/install/fire_scout_localization/share/fire_scout_localization/package.ps1'
[126.073s] INFO:colcon.colcon_core.shell:Creating package descriptor '/home/wei/fire_scout_ws/install/fire_scout_localization/share/fire_scout_localization/package.dsv'
[126.074s] INFO:colcon.colcon_core.shell:Creating package script '/home/wei/fire_scout_ws/install/fire_scout_localization/share/fire_scout_localization/package.sh'
[126.074s] INFO:colcon.colcon_core.shell:Creating package script '/home/wei/fire_scout_ws/install/fire_scout_localization/share/fire_scout_localization/package.bash'
[126.075s] INFO:colcon.colcon_core.shell:Creating package script '/home/wei/fire_scout_ws/install/fire_scout_localization/share/fire_scout_localization/package.zsh'
[126.075s] Level 1:colcon.colcon_core.environment:create_file_with_runtime_dependencies(/home/wei/fire_scout_ws/install/fire_scout_localization/share/colcon-core/packages/fire_scout_localization)
[126.076s] Level 1:colcon.colcon_core.environment:create_environment_scripts_only(fire_scout_localization)
[126.076s] Level 1:colcon.colcon_core.environment:checking '/home/wei/fire_scout_ws/install/fire_scout_localization' for CMake module files
[126.077s] Level 1:colcon.colcon_core.environment:checking '/home/wei/fire_scout_ws/install/fire_scout_localization' for CMake config files
[126.077s] Level 1:colcon.colcon_core.shell:create_environment_hook('fire_scout_localization', 'cmake_prefix_path')
[126.078s] INFO:colcon.colcon_core.shell:Creating environment hook '/home/wei/fire_scout_ws/install/fire_scout_localization/share/fire_scout_localization/hook/cmake_prefix_path.ps1'
[126.078s] INFO:colcon.colcon_core.shell:Creating environment descriptor '/home/wei/fire_scout_ws/install/fire_scout_localization/share/fire_scout_localization/hook/cmake_prefix_path.dsv'
[126.079s] INFO:colcon.colcon_core.shell:Creating environment hook '/home/wei/fire_scout_ws/install/fire_scout_localization/share/fire_scout_localization/hook/cmake_prefix_path.sh'
[126.079s] Level 1:colcon.colcon_core.environment:checking '/home/wei/fire_scout_ws/install/fire_scout_localization/lib'
[126.079s] Level 1:colcon.colcon_core.environment:checking '/home/wei/fire_scout_ws/install/fire_scout_localization/bin'
[126.079s] Level 1:colcon.colcon_core.environment:checking '/home/wei/fire_scout_ws/install/fire_scout_localization/lib/pkgconfig/fire_scout_localization.pc'
[126.080s] Level 1:colcon.colcon_core.environment:checking '/home/wei/fire_scout_ws/install/fire_scout_localization/lib/python3.10/site-packages'
[126.080s] Level 1:colcon.colcon_core.environment:checking '/home/wei/fire_scout_ws/install/fire_scout_localization/bin'
[126.081s] INFO:colcon.colcon_core.shell:Creating package script '/home/wei/fire_scout_ws/install/fire_scout_localization/share/fire_scout_localization/package.ps1'
[126.082s] INFO:colcon.colcon_core.shell:Creating package descriptor '/home/wei/fire_scout_ws/install/fire_scout_localization/share/fire_scout_localization/package.dsv'
[126.082s] INFO:colcon.colcon_core.shell:Creating package script '/home/wei/fire_scout_ws/install/fire_scout_localization/share/fire_scout_localization/package.sh'
[126.083s] INFO:colcon.colcon_core.shell:Creating package script '/home/wei/fire_scout_ws/install/fire_scout_localization/share/fire_scout_localization/package.bash'
[126.083s] INFO:colcon.colcon_core.shell:Creating package script '/home/wei/fire_scout_ws/install/fire_scout_localization/share/fire_scout_localization/package.zsh'
[126.084s] Level 1:colcon.colcon_core.environment:create_file_with_runtime_dependencies(/home/wei/fire_scout_ws/install/fire_scout_localization/share/colcon-core/packages/fire_scout_localization)
[128.050s] DEBUG:colcon.colcon_core.event_handler.log_command:Invoked command in '/home/wei/fire_scout_ws/build/fire_scout_sensors' returned '0': AMENT_PREFIX_PATH=/home/wei/fire_scout_ws/install/px4_msgs:${AMENT_PREFIX_PATH} CMAKE_PREFIX_PATH=/home/wei/fire_scout_ws/install/px4_msgs:/opt/ros/humble LD_LIBRARY_PATH=/home/wei/fire_scout_ws/install/px4_msgs/lib:${LD_LIBRARY_PATH} PYTHONPATH=/home/wei/fire_scout_ws/install/px4_msgs/local/lib/python3.10/dist-packages:${PYTHONPATH} /usr/bin/cmake --build /home/wei/fire_scout_ws/build/fire_scout_sensors -- -j32 -l32
[128.052s] DEBUG:colcon.colcon_core.event_handler.log_command:Invoking command in '/home/wei/fire_scout_ws/build/fire_scout_sensors': AMENT_PREFIX_PATH=/home/wei/fire_scout_ws/install/px4_msgs:${AMENT_PREFIX_PATH} CMAKE_PREFIX_PATH=/home/wei/fire_scout_ws/install/px4_msgs:/opt/ros/humble LD_LIBRARY_PATH=/home/wei/fire_scout_ws/install/px4_msgs/lib:${LD_LIBRARY_PATH} PYTHONPATH=/home/wei/fire_scout_ws/install/px4_msgs/local/lib/python3.10/dist-packages:${PYTHONPATH} /usr/bin/cmake --install /home/wei/fire_scout_ws/build/fire_scout_sensors
[128.069s] Level 1:colcon.colcon_core.environment:create_environment_scripts_only(fire_scout_sensors)
[128.069s] Level 1:colcon.colcon_core.environment:checking '/home/wei/fire_scout_ws/install/fire_scout_sensors' for CMake module files
[128.070s] DEBUG:colcon.colcon_core.event_handler.log_command:Invoked command in '/home/wei/fire_scout_ws/build/fire_scout_sensors' returned '0': AMENT_PREFIX_PATH=/home/wei/fire_scout_ws/install/px4_msgs:${AMENT_PREFIX_PATH} CMAKE_PREFIX_PATH=/home/wei/fire_scout_ws/install/px4_msgs:/opt/ros/humble LD_LIBRARY_PATH=/home/wei/fire_scout_ws/install/px4_msgs/lib:${LD_LIBRARY_PATH} PYTHONPATH=/home/wei/fire_scout_ws/install/px4_msgs/local/lib/python3.10/dist-packages:${PYTHONPATH} /usr/bin/cmake --install /home/wei/fire_scout_ws/build/fire_scout_sensors
[128.070s] Level 1:colcon.colcon_core.environment:checking '/home/wei/fire_scout_ws/install/fire_scout_sensors' for CMake config files
[128.070s] Level 1:colcon.colcon_core.shell:create_environment_hook('fire_scout_sensors', 'cmake_prefix_path')
[128.070s] INFO:colcon.colcon_core.shell:Creating environment hook '/home/wei/fire_scout_ws/install/fire_scout_sensors/share/fire_scout_sensors/hook/cmake_prefix_path.ps1'
[128.071s] INFO:colcon.colcon_core.shell:Creating environment descriptor '/home/wei/fire_scout_ws/install/fire_scout_sensors/share/fire_scout_sensors/hook/cmake_prefix_path.dsv'
[128.071s] INFO:colcon.colcon_core.shell:Creating environment hook '/home/wei/fire_scout_ws/install/fire_scout_sensors/share/fire_scout_sensors/hook/cmake_prefix_path.sh'
[128.072s] Level 1:colcon.colcon_core.environment:checking '/home/wei/fire_scout_ws/install/fire_scout_sensors/lib'
[128.072s] Level 1:colcon.colcon_core.environment:checking '/home/wei/fire_scout_ws/install/fire_scout_sensors/bin'
[128.072s] Level 1:colcon.colcon_core.environment:checking '/home/wei/fire_scout_ws/install/fire_scout_sensors/lib/pkgconfig/fire_scout_sensors.pc'
[128.072s] Level 1:colcon.colcon_core.environment:checking '/home/wei/fire_scout_ws/install/fire_scout_sensors/lib/python3.10/site-packages'
[128.073s] Level 1:colcon.colcon_core.environment:checking '/home/wei/fire_scout_ws/install/fire_scout_sensors/bin'
[128.073s] INFO:colcon.colcon_core.shell:Creating package script '/home/wei/fire_scout_ws/install/fire_scout_sensors/share/fire_scout_sensors/package.ps1'
[128.074s] INFO:colcon.colcon_core.shell:Creating package descriptor '/home/wei/fire_scout_ws/install/fire_scout_sensors/share/fire_scout_sensors/package.dsv'
[128.075s] INFO:colcon.colcon_core.shell:Creating package script '/home/wei/fire_scout_ws/install/fire_scout_sensors/share/fire_scout_sensors/package.sh'
[128.075s] INFO:colcon.colcon_core.shell:Creating package script '/home/wei/fire_scout_ws/install/fire_scout_sensors/share/fire_scout_sensors/package.bash'
[128.076s] INFO:colcon.colcon_core.shell:Creating package script '/home/wei/fire_scout_ws/install/fire_scout_sensors/share/fire_scout_sensors/package.zsh'
[128.076s] Level 1:colcon.colcon_core.environment:create_file_with_runtime_dependencies(/home/wei/fire_scout_ws/install/fire_scout_sensors/share/colcon-core/packages/fire_scout_sensors)
[128.077s] Level 1:colcon.colcon_core.environment:create_environment_scripts_only(fire_scout_sensors)
[128.077s] Level 1:colcon.colcon_core.environment:checking '/home/wei/fire_scout_ws/install/fire_scout_sensors' for CMake module files
[128.078s] Level 1:colcon.colcon_core.environment:checking '/home/wei/fire_scout_ws/install/fire_scout_sensors' for CMake config files
[128.078s] Level 1:colcon.colcon_core.shell:create_environment_hook('fire_scout_sensors', 'cmake_prefix_path')
[128.078s] INFO:colcon.colcon_core.shell:Creating environment hook '/home/wei/fire_scout_ws/install/fire_scout_sensors/share/fire_scout_sensors/hook/cmake_prefix_path.ps1'
[128.079s] INFO:colcon.colcon_core.shell:Creating environment descriptor '/home/wei/fire_scout_ws/install/fire_scout_sensors/share/fire_scout_sensors/hook/cmake_prefix_path.dsv'
[128.079s] INFO:colcon.colcon_core.shell:Creating environment hook '/home/wei/fire_scout_ws/install/fire_scout_sensors/share/fire_scout_sensors/hook/cmake_prefix_path.sh'
[128.080s] Level 1:colcon.colcon_core.environment:checking '/home/wei/fire_scout_ws/install/fire_scout_sensors/lib'
[128.080s] Level 1:colcon.colcon_core.environment:checking '/home/wei/fire_scout_ws/install/fire_scout_sensors/bin'
[128.080s] Level 1:colcon.colcon_core.environment:checking '/home/wei/fire_scout_ws/install/fire_scout_sensors/lib/pkgconfig/fire_scout_sensors.pc'
[128.080s] Level 1:colcon.colcon_core.environment:checking '/home/wei/fire_scout_ws/install/fire_scout_sensors/lib/python3.10/site-packages'
[128.081s] Level 1:colcon.colcon_core.environment:checking '/home/wei/fire_scout_ws/install/fire_scout_sensors/bin'
[128.081s] INFO:colcon.colcon_core.shell:Creating package script '/home/wei/fire_scout_ws/install/fire_scout_sensors/share/fire_scout_sensors/package.ps1'
[128.082s] INFO:colcon.colcon_core.shell:Creating package descriptor '/home/wei/fire_scout_ws/install/fire_scout_sensors/share/fire_scout_sensors/package.dsv'
[128.082s] INFO:colcon.colcon_core.shell:Creating package script '/home/wei/fire_scout_ws/install/fire_scout_sensors/share/fire_scout_sensors/package.sh'
[128.083s] INFO:colcon.colcon_core.shell:Creating package script '/home/wei/fire_scout_ws/install/fire_scout_sensors/share/fire_scout_sensors/package.bash'
[128.083s] INFO:colcon.colcon_core.shell:Creating package script '/home/wei/fire_scout_ws/install/fire_scout_sensors/share/fire_scout_sensors/package.zsh'
[128.084s] Level 1:colcon.colcon_core.environment:create_file_with_runtime_dependencies(/home/wei/fire_scout_ws/install/fire_scout_sensors/share/colcon-core/packages/fire_scout_sensors)
[128.084s] INFO:colcon.colcon_ros.task.ament_cmake.build:Building ROS package in '/home/wei/fire_scout_ws/src/fire_scout_bringup' with build type 'ament_cmake'
[128.084s] INFO:colcon.colcon_cmake.task.cmake.build:Building CMake package in '/home/wei/fire_scout_ws/src/fire_scout_bringup'
[128.084s] INFO:colcon.colcon_core.shell:Skip shell extension 'powershell' for command environment: Not usable outside of PowerShell
[128.085s] DEBUG:colcon.colcon_core.shell:Skip shell extension 'dsv' for command environment
[128.099s] DEBUG:colcon.colcon_core.event_handler.log_command:Invoking command in '/home/wei/fire_scout_ws/build/fire_scout_bringup': AMENT_PREFIX_PATH=/home/wei/fire_scout_ws/install/fire_scout_sensors:/home/wei/fire_scout_ws/install/fire_scout_localization:/home/wei/fire_scout_ws/install/px4_msgs:${AMENT_PREFIX_PATH} CMAKE_PREFIX_PATH=/home/wei/fire_scout_ws/install/fire_scout_sensors:/home/wei/fire_scout_ws/install/fire_scout_localization:/home/wei/fire_scout_ws/install/px4_msgs:/opt/ros/humble LD_LIBRARY_PATH=/home/wei/fire_scout_ws/install/px4_msgs/lib:${LD_LIBRARY_PATH} PYTHONPATH=/home/wei/fire_scout_ws/install/px4_msgs/local/lib/python3.10/dist-packages:${PYTHONPATH} /usr/bin/cmake /home/wei/fire_scout_ws/src/fire_scout_bringup -DCMAKE_INSTALL_PREFIX=/home/wei/fire_scout_ws/install/fire_scout_bringup
[128.772s] DEBUG:colcon.colcon_core.event_handler.log_command:Invoked command in '/home/wei/fire_scout_ws/build/fire_scout_bringup' returned '0': AMENT_PREFIX_PATH=/home/wei/fire_scout_ws/install/fire_scout_sensors:/home/wei/fire_scout_ws/install/fire_scout_localization:/home/wei/fire_scout_ws/install/px4_msgs:${AMENT_PREFIX_PATH} CMAKE_PREFIX_PATH=/home/wei/fire_scout_ws/install/fire_scout_sensors:/home/wei/fire_scout_ws/install/fire_scout_localization:/home/wei/fire_scout_ws/install/px4_msgs:/opt/ros/humble LD_LIBRARY_PATH=/home/wei/fire_scout_ws/install/px4_msgs/lib:${LD_LIBRARY_PATH} PYTHONPATH=/home/wei/fire_scout_ws/install/px4_msgs/local/lib/python3.10/dist-packages:${PYTHONPATH} /usr/bin/cmake /home/wei/fire_scout_ws/src/fire_scout_bringup -DCMAKE_INSTALL_PREFIX=/home/wei/fire_scout_ws/install/fire_scout_bringup
[128.774s] DEBUG:colcon.colcon_core.event_handler.log_command:Invoking command in '/home/wei/fire_scout_ws/build/fire_scout_bringup': AMENT_PREFIX_PATH=/home/wei/fire_scout_ws/install/fire_scout_sensors:/home/wei/fire_scout_ws/install/fire_scout_localization:/home/wei/fire_scout_ws/install/px4_msgs:${AMENT_PREFIX_PATH} CMAKE_PREFIX_PATH=/home/wei/fire_scout_ws/install/fire_scout_sensors:/home/wei/fire_scout_ws/install/fire_scout_localization:/home/wei/fire_scout_ws/install/px4_msgs:/opt/ros/humble LD_LIBRARY_PATH=/home/wei/fire_scout_ws/install/px4_msgs/lib:${LD_LIBRARY_PATH} PYTHONPATH=/home/wei/fire_scout_ws/install/px4_msgs/local/lib/python3.10/dist-packages:${PYTHONPATH} /usr/bin/cmake --build /home/wei/fire_scout_ws/build/fire_scout_bringup -- -j32 -l32
[128.819s] DEBUG:colcon.colcon_core.event_handler.log_command:Invoked command in '/home/wei/fire_scout_ws/build/fire_scout_bringup' returned '0': AMENT_PREFIX_PATH=/home/wei/fire_scout_ws/install/fire_scout_sensors:/home/wei/fire_scout_ws/install/fire_scout_localization:/home/wei/fire_scout_ws/install/px4_msgs:${AMENT_PREFIX_PATH} CMAKE_PREFIX_PATH=/home/wei/fire_scout_ws/install/fire_scout_sensors:/home/wei/fire_scout_ws/install/fire_scout_localization:/home/wei/fire_scout_ws/install/px4_msgs:/opt/ros/humble LD_LIBRARY_PATH=/home/wei/fire_scout_ws/install/px4_msgs/lib:${LD_LIBRARY_PATH} PYTHONPATH=/home/wei/fire_scout_ws/install/px4_msgs/local/lib/python3.10/dist-packages:${PYTHONPATH} /usr/bin/cmake --build /home/wei/fire_scout_ws/build/fire_scout_bringup -- -j32 -l32
[128.820s] DEBUG:colcon.colcon_core.event_handler.log_command:Invoking command in '/home/wei/fire_scout_ws/build/fire_scout_bringup': AMENT_PREFIX_PATH=/home/wei/fire_scout_ws/install/fire_scout_sensors:/home/wei/fire_scout_ws/install/fire_scout_localization:/home/wei/fire_scout_ws/install/px4_msgs:${AMENT_PREFIX_PATH} CMAKE_PREFIX_PATH=/home/wei/fire_scout_ws/install/fire_scout_sensors:/home/wei/fire_scout_ws/install/fire_scout_localization:/home/wei/fire_scout_ws/install/px4_msgs:/opt/ros/humble LD_LIBRARY_PATH=/home/wei/fire_scout_ws/install/px4_msgs/lib:${LD_LIBRARY_PATH} PYTHONPATH=/home/wei/fire_scout_ws/install/px4_msgs/local/lib/python3.10/dist-packages:${PYTHONPATH} /usr/bin/cmake --install /home/wei/fire_scout_ws/build/fire_scout_bringup
[128.835s] Level 1:colcon.colcon_core.environment:create_environment_scripts_only(fire_scout_bringup)
[128.835s] DEBUG:colcon.colcon_core.event_handler.log_command:Invoked command in '/home/wei/fire_scout_ws/build/fire_scout_bringup' returned '0': AMENT_PREFIX_PATH=/home/wei/fire_scout_ws/install/fire_scout_sensors:/home/wei/fire_scout_ws/install/fire_scout_localization:/home/wei/fire_scout_ws/install/px4_msgs:${AMENT_PREFIX_PATH} CMAKE_PREFIX_PATH=/home/wei/fire_scout_ws/install/fire_scout_sensors:/home/wei/fire_scout_ws/install/fire_scout_localization:/home/wei/fire_scout_ws/install/px4_msgs:/opt/ros/humble LD_LIBRARY_PATH=/home/wei/fire_scout_ws/install/px4_msgs/lib:${LD_LIBRARY_PATH} PYTHONPATH=/home/wei/fire_scout_ws/install/px4_msgs/local/lib/python3.10/dist-packages:${PYTHONPATH} /usr/bin/cmake --install /home/wei/fire_scout_ws/build/fire_scout_bringup
[128.836s] Level 1:colcon.colcon_core.environment:checking '/home/wei/fire_scout_ws/install/fire_scout_bringup' for CMake module files
[128.836s] Level 1:colcon.colcon_core.environment:checking '/home/wei/fire_scout_ws/install/fire_scout_bringup' for CMake config files
[128.837s] Level 1:colcon.colcon_core.shell:create_environment_hook('fire_scout_bringup', 'cmake_prefix_path')
[128.837s] INFO:colcon.colcon_core.shell:Creating environment hook '/home/wei/fire_scout_ws/install/fire_scout_bringup/share/fire_scout_bringup/hook/cmake_prefix_path.ps1'
[128.838s] INFO:colcon.colcon_core.shell:Creating environment descriptor '/home/wei/fire_scout_ws/install/fire_scout_bringup/share/fire_scout_bringup/hook/cmake_prefix_path.dsv'
[128.838s] INFO:colcon.colcon_core.shell:Creating environment hook '/home/wei/fire_scout_ws/install/fire_scout_bringup/share/fire_scout_bringup/hook/cmake_prefix_path.sh'
[128.839s] Level 1:colcon.colcon_core.environment:checking '/home/wei/fire_scout_ws/install/fire_scout_bringup/lib'
[128.839s] Level 1:colcon.colcon_core.environment:checking '/home/wei/fire_scout_ws/install/fire_scout_bringup/bin'
[128.839s] Level 1:colcon.colcon_core.environment:checking '/home/wei/fire_scout_ws/install/fire_scout_bringup/lib/pkgconfig/fire_scout_bringup.pc'
[128.839s] Level 1:colcon.colcon_core.environment:checking '/home/wei/fire_scout_ws/install/fire_scout_bringup/lib/python3.10/site-packages'
[128.839s] Level 1:colcon.colcon_core.environment:checking '/home/wei/fire_scout_ws/install/fire_scout_bringup/bin'
[128.840s] INFO:colcon.colcon_core.shell:Creating package script '/home/wei/fire_scout_ws/install/fire_scout_bringup/share/fire_scout_bringup/package.ps1'
[128.840s] INFO:colcon.colcon_core.shell:Creating package descriptor '/home/wei/fire_scout_ws/install/fire_scout_bringup/share/fire_scout_bringup/package.dsv'
[128.841s] INFO:colcon.colcon_core.shell:Creating package script '/home/wei/fire_scout_ws/install/fire_scout_bringup/share/fire_scout_bringup/package.sh'
[128.842s] INFO:colcon.colcon_core.shell:Creating package script '/home/wei/fire_scout_ws/install/fire_scout_bringup/share/fire_scout_bringup/package.bash'
[128.842s] INFO:colcon.colcon_core.shell:Creating package script '/home/wei/fire_scout_ws/install/fire_scout_bringup/share/fire_scout_bringup/package.zsh'
[128.842s] Level 1:colcon.colcon_core.environment:create_file_with_runtime_dependencies(/home/wei/fire_scout_ws/install/fire_scout_bringup/share/colcon-core/packages/fire_scout_bringup)
[128.843s] Level 1:colcon.colcon_core.environment:create_environment_scripts_only(fire_scout_bringup)
[128.843s] Level 1:colcon.colcon_core.environment:checking '/home/wei/fire_scout_ws/install/fire_scout_bringup' for CMake module files
[128.844s] Level 1:colcon.colcon_core.environment:checking '/home/wei/fire_scout_ws/install/fire_scout_bringup' for CMake config files
[128.844s] Level 1:colcon.colcon_core.shell:create_environment_hook('fire_scout_bringup', 'cmake_prefix_path')
[128.844s] INFO:colcon.colcon_core.shell:Creating environment hook '/home/wei/fire_scout_ws/install/fire_scout_bringup/share/fire_scout_bringup/hook/cmake_prefix_path.ps1'
[128.844s] INFO:colcon.colcon_core.shell:Creating environment descriptor '/home/wei/fire_scout_ws/install/fire_scout_bringup/share/fire_scout_bringup/hook/cmake_prefix_path.dsv'
[128.844s] INFO:colcon.colcon_core.shell:Creating environment hook '/home/wei/fire_scout_ws/install/fire_scout_bringup/share/fire_scout_bringup/hook/cmake_prefix_path.sh'
[128.845s] Level 1:colcon.colcon_core.environment:checking '/home/wei/fire_scout_ws/install/fire_scout_bringup/lib'
[128.845s] Level 1:colcon.colcon_core.environment:checking '/home/wei/fire_scout_ws/install/fire_scout_bringup/bin'
[128.845s] Level 1:colcon.colcon_core.environment:checking '/home/wei/fire_scout_ws/install/fire_scout_bringup/lib/pkgconfig/fire_scout_bringup.pc'
[128.845s] Level 1:colcon.colcon_core.environment:checking '/home/wei/fire_scout_ws/install/fire_scout_bringup/lib/python3.10/site-packages'
[128.845s] Level 1:colcon.colcon_core.environment:checking '/home/wei/fire_scout_ws/install/fire_scout_bringup/bin'
[128.846s] INFO:colcon.colcon_core.shell:Creating package script '/home/wei/fire_scout_ws/install/fire_scout_bringup/share/fire_scout_bringup/package.ps1'
[128.846s] INFO:colcon.colcon_core.shell:Creating package descriptor '/home/wei/fire_scout_ws/install/fire_scout_bringup/share/fire_scout_bringup/package.dsv'
[128.846s] INFO:colcon.colcon_core.shell:Creating package script '/home/wei/fire_scout_ws/install/fire_scout_bringup/share/fire_scout_bringup/package.sh'
[128.847s] INFO:colcon.colcon_core.shell:Creating package script '/home/wei/fire_scout_ws/install/fire_scout_bringup/share/fire_scout_bringup/package.bash'
[128.847s] INFO:colcon.colcon_core.shell:Creating package script '/home/wei/fire_scout_ws/install/fire_scout_bringup/share/fire_scout_bringup/package.zsh'
[128.847s] Level 1:colcon.colcon_core.environment:create_file_with_runtime_dependencies(/home/wei/fire_scout_ws/install/fire_scout_bringup/share/colcon-core/packages/fire_scout_bringup)
[133.946s] DEBUG:colcon.colcon_core.event_handler.log_command:Invoked command in '/home/wei/fire_scout_ws/build/fire_scout_control' returned '0': AMENT_PREFIX_PATH=/home/wei/fire_scout_ws/install/px4_msgs:${AMENT_PREFIX_PATH} CMAKE_PREFIX_PATH=/home/wei/fire_scout_ws/install/px4_msgs:/opt/ros/humble LD_LIBRARY_PATH=/home/wei/fire_scout_ws/install/px4_msgs/lib:${LD_LIBRARY_PATH} PYTHONPATH=/home/wei/fire_scout_ws/install/px4_msgs/local/lib/python3.10/dist-packages:${PYTHONPATH} /usr/bin/cmake --build /home/wei/fire_scout_ws/build/fire_scout_control -- -j32 -l32
[133.946s] DEBUG:colcon.colcon_core.event_handler.log_command:Invoking command in '/home/wei/fire_scout_ws/build/fire_scout_control': AMENT_PREFIX_PATH=/home/wei/fire_scout_ws/install/px4_msgs:${AMENT_PREFIX_PATH} CMAKE_PREFIX_PATH=/home/wei/fire_scout_ws/install/px4_msgs:/opt/ros/humble LD_LIBRARY_PATH=/home/wei/fire_scout_ws/install/px4_msgs/lib:${LD_LIBRARY_PATH} PYTHONPATH=/home/wei/fire_scout_ws/install/px4_msgs/local/lib/python3.10/dist-packages:${PYTHONPATH} /usr/bin/cmake --install /home/wei/fire_scout_ws/build/fire_scout_control
[133.964s] Level 1:colcon.colcon_core.environment:create_environment_scripts_only(fire_scout_control)
[133.964s] DEBUG:colcon.colcon_core.event_handler.log_command:Invoked command in '/home/wei/fire_scout_ws/build/fire_scout_control' returned '0': AMENT_PREFIX_PATH=/home/wei/fire_scout_ws/install/px4_msgs:${AMENT_PREFIX_PATH} CMAKE_PREFIX_PATH=/home/wei/fire_scout_ws/install/px4_msgs:/opt/ros/humble LD_LIBRARY_PATH=/home/wei/fire_scout_ws/install/px4_msgs/lib:${LD_LIBRARY_PATH} PYTHONPATH=/home/wei/fire_scout_ws/install/px4_msgs/local/lib/python3.10/dist-packages:${PYTHONPATH} /usr/bin/cmake --install /home/wei/fire_scout_ws/build/fire_scout_control
[133.964s] Level 1:colcon.colcon_core.environment:checking '/home/wei/fire_scout_ws/install/fire_scout_control' for CMake module files
[133.965s] Level 1:colcon.colcon_core.environment:checking '/home/wei/fire_scout_ws/install/fire_scout_control' for CMake config files
[133.965s] Level 1:colcon.colcon_core.shell:create_environment_hook('fire_scout_control', 'cmake_prefix_path')
[133.966s] INFO:colcon.colcon_core.shell:Creating environment hook '/home/wei/fire_scout_ws/install/fire_scout_control/share/fire_scout_control/hook/cmake_prefix_path.ps1'
[133.966s] INFO:colcon.colcon_core.shell:Creating environment descriptor '/home/wei/fire_scout_ws/install/fire_scout_control/share/fire_scout_control/hook/cmake_prefix_path.dsv'
[133.967s] INFO:colcon.colcon_core.shell:Creating environment hook '/home/wei/fire_scout_ws/install/fire_scout_control/share/fire_scout_control/hook/cmake_prefix_path.sh'
[133.967s] Level 1:colcon.colcon_core.environment:checking '/home/wei/fire_scout_ws/install/fire_scout_control/lib'
[133.967s] Level 1:colcon.colcon_core.environment:checking '/home/wei/fire_scout_ws/install/fire_scout_control/bin'
[133.967s] Level 1:colcon.colcon_core.environment:checking '/home/wei/fire_scout_ws/install/fire_scout_control/lib/pkgconfig/fire_scout_control.pc'
[133.968s] Level 1:colcon.colcon_core.environment:checking '/home/wei/fire_scout_ws/install/fire_scout_control/lib/python3.10/site-packages'
[133.968s] Level 1:colcon.colcon_core.environment:checking '/home/wei/fire_scout_ws/install/fire_scout_control/bin'
[133.968s] INFO:colcon.colcon_core.shell:Creating package script '/home/wei/fire_scout_ws/install/fire_scout_control/share/fire_scout_control/package.ps1'
[133.969s] INFO:colcon.colcon_core.shell:Creating package descriptor '/home/wei/fire_scout_ws/install/fire_scout_control/share/fire_scout_control/package.dsv'
[133.969s] INFO:colcon.colcon_core.shell:Creating package script '/home/wei/fire_scout_ws/install/fire_scout_control/share/fire_scout_control/package.sh'
[133.970s] INFO:colcon.colcon_core.shell:Creating package script '/home/wei/fire_scout_ws/install/fire_scout_control/share/fire_scout_control/package.bash'
[133.970s] INFO:colcon.colcon_core.shell:Creating package script '/home/wei/fire_scout_ws/install/fire_scout_control/share/fire_scout_control/package.zsh'
[133.971s] Level 1:colcon.colcon_core.environment:create_file_with_runtime_dependencies(/home/wei/fire_scout_ws/install/fire_scout_control/share/colcon-core/packages/fire_scout_control)
[133.971s] Level 1:colcon.colcon_core.environment:create_environment_scripts_only(fire_scout_control)
[133.971s] Level 1:colcon.colcon_core.environment:checking '/home/wei/fire_scout_ws/install/fire_scout_control' for CMake module files
[133.972s] Level 1:colcon.colcon_core.environment:checking '/home/wei/fire_scout_ws/install/fire_scout_control' for CMake config files
[133.972s] Level 1:colcon.colcon_core.shell:create_environment_hook('fire_scout_control', 'cmake_prefix_path')
[133.973s] INFO:colcon.colcon_core.shell:Creating environment hook '/home/wei/fire_scout_ws/install/fire_scout_control/share/fire_scout_control/hook/cmake_prefix_path.ps1'
[133.973s] INFO:colcon.colcon_core.shell:Creating environment descriptor '/home/wei/fire_scout_ws/install/fire_scout_control/share/fire_scout_control/hook/cmake_prefix_path.dsv'
[133.974s] INFO:colcon.colcon_core.shell:Creating environment hook '/home/wei/fire_scout_ws/install/fire_scout_control/share/fire_scout_control/hook/cmake_prefix_path.sh'
[133.974s] Level 1:colcon.colcon_core.environment:checking '/home/wei/fire_scout_ws/install/fire_scout_control/lib'
[133.974s] Level 1:colcon.colcon_core.environment:checking '/home/wei/fire_scout_ws/install/fire_scout_control/bin'
[133.974s] Level 1:colcon.colcon_core.environment:checking '/home/wei/fire_scout_ws/install/fire_scout_control/lib/pkgconfig/fire_scout_control.pc'
[133.975s] Level 1:colcon.colcon_core.environment:checking '/home/wei/fire_scout_ws/install/fire_scout_control/lib/python3.10/site-packages'
[133.975s] Level 1:colcon.colcon_core.environment:checking '/home/wei/fire_scout_ws/install/fire_scout_control/bin'
[133.975s] INFO:colcon.colcon_core.shell:Creating package script '/home/wei/fire_scout_ws/install/fire_scout_control/share/fire_scout_control/package.ps1'
[133.976s] INFO:colcon.colcon_core.shell:Creating package descriptor '/home/wei/fire_scout_ws/install/fire_scout_control/share/fire_scout_control/package.dsv'
[133.977s] INFO:colcon.colcon_core.shell:Creating package script '/home/wei/fire_scout_ws/install/fire_scout_control/share/fire_scout_control/package.sh'
[133.977s] INFO:colcon.colcon_core.shell:Creating package script '/home/wei/fire_scout_ws/install/fire_scout_control/share/fire_scout_control/package.bash'
[133.978s] INFO:colcon.colcon_core.shell:Creating package script '/home/wei/fire_scout_ws/install/fire_scout_control/share/fire_scout_control/package.zsh'
[133.978s] Level 1:colcon.colcon_core.environment:create_file_with_runtime_dependencies(/home/wei/fire_scout_ws/install/fire_scout_control/share/colcon-core/packages/fire_scout_control)
[157.153s] DEBUG:colcon.colcon_core.event_handler.log_command:Invoked command in '/home/wei/fire_scout_ws/build/fire_scout_planning_safe' returned '0': AMENT_PREFIX_PATH=/home/wei/fire_scout_ws/install/px4_msgs:${AMENT_PREFIX_PATH} CMAKE_PREFIX_PATH=/home/wei/fire_scout_ws/install/px4_msgs:/opt/ros/humble LD_LIBRARY_PATH=/home/wei/fire_scout_ws/install/px4_msgs/lib:${LD_LIBRARY_PATH} PYTHONPATH=/home/wei/fire_scout_ws/install/px4_msgs/local/lib/python3.10/dist-packages:${PYTHONPATH} /usr/bin/cmake --build /home/wei/fire_scout_ws/build/fire_scout_planning_safe -- -j32 -l32
[157.156s] DEBUG:colcon.colcon_core.event_handler.log_command:Invoking command in '/home/wei/fire_scout_ws/build/fire_scout_planning_safe': AMENT_PREFIX_PATH=/home/wei/fire_scout_ws/install/px4_msgs:${AMENT_PREFIX_PATH} CMAKE_PREFIX_PATH=/home/wei/fire_scout_ws/install/px4_msgs:/opt/ros/humble LD_LIBRARY_PATH=/home/wei/fire_scout_ws/install/px4_msgs/lib:${LD_LIBRARY_PATH} PYTHONPATH=/home/wei/fire_scout_ws/install/px4_msgs/local/lib/python3.10/dist-packages:${PYTHONPATH} /usr/bin/cmake --install /home/wei/fire_scout_ws/build/fire_scout_planning_safe
[157.180s] Level 1:colcon.colcon_core.environment:create_environment_scripts_only(fire_scout_planning_safe)
[157.181s] Level 1:colcon.colcon_core.environment:checking '/home/wei/fire_scout_ws/install/fire_scout_planning_safe' for CMake module files
[157.183s] Level 1:colcon.colcon_core.environment:checking '/home/wei/fire_scout_ws/install/fire_scout_planning_safe' for CMake config files
[157.184s] DEBUG:colcon.colcon_core.event_handler.log_command:Invoked command in '/home/wei/fire_scout_ws/build/fire_scout_planning_safe' returned '0': AMENT_PREFIX_PATH=/home/wei/fire_scout_ws/install/px4_msgs:${AMENT_PREFIX_PATH} CMAKE_PREFIX_PATH=/home/wei/fire_scout_ws/install/px4_msgs:/opt/ros/humble LD_LIBRARY_PATH=/home/wei/fire_scout_ws/install/px4_msgs/lib:${LD_LIBRARY_PATH} PYTHONPATH=/home/wei/fire_scout_ws/install/px4_msgs/local/lib/python3.10/dist-packages:${PYTHONPATH} /usr/bin/cmake --install /home/wei/fire_scout_ws/build/fire_scout_planning_safe
[157.184s] Level 1:colcon.colcon_core.shell:create_environment_hook('fire_scout_planning_safe', 'cmake_prefix_path')
[157.184s] INFO:colcon.colcon_core.shell:Creating environment hook '/home/wei/fire_scout_ws/install/fire_scout_planning_safe/share/fire_scout_planning_safe/hook/cmake_prefix_path.ps1'
[157.185s] INFO:colcon.colcon_core.shell:Creating environment descriptor '/home/wei/fire_scout_ws/install/fire_scout_planning_safe/share/fire_scout_planning_safe/hook/cmake_prefix_path.dsv'
[157.185s] INFO:colcon.colcon_core.shell:Creating environment hook '/home/wei/fire_scout_ws/install/fire_scout_planning_safe/share/fire_scout_planning_safe/hook/cmake_prefix_path.sh'
[157.186s] Level 1:colcon.colcon_core.environment:checking '/home/wei/fire_scout_ws/install/fire_scout_planning_safe/lib'
[157.186s] Level 1:colcon.colcon_core.environment:checking '/home/wei/fire_scout_ws/install/fire_scout_planning_safe/bin'
[157.186s] Level 1:colcon.colcon_core.environment:checking '/home/wei/fire_scout_ws/install/fire_scout_planning_safe/lib/pkgconfig/fire_scout_planning_safe.pc'
[157.186s] Level 1:colcon.colcon_core.environment:checking '/home/wei/fire_scout_ws/install/fire_scout_planning_safe/lib/python3.10/site-packages'
[157.187s] Level 1:colcon.colcon_core.environment:checking '/home/wei/fire_scout_ws/install/fire_scout_planning_safe/bin'
[157.187s] INFO:colcon.colcon_core.shell:Creating package script '/home/wei/fire_scout_ws/install/fire_scout_planning_safe/share/fire_scout_planning_safe/package.ps1'
[157.187s] INFO:colcon.colcon_core.shell:Creating package descriptor '/home/wei/fire_scout_ws/install/fire_scout_planning_safe/share/fire_scout_planning_safe/package.dsv'
[157.188s] INFO:colcon.colcon_core.shell:Creating package script '/home/wei/fire_scout_ws/install/fire_scout_planning_safe/share/fire_scout_planning_safe/package.sh'
[157.188s] INFO:colcon.colcon_core.shell:Creating package script '/home/wei/fire_scout_ws/install/fire_scout_planning_safe/share/fire_scout_planning_safe/package.bash'
[157.188s] INFO:colcon.colcon_core.shell:Creating package script '/home/wei/fire_scout_ws/install/fire_scout_planning_safe/share/fire_scout_planning_safe/package.zsh'
[157.189s] Level 1:colcon.colcon_core.environment:create_file_with_runtime_dependencies(/home/wei/fire_scout_ws/install/fire_scout_planning_safe/share/colcon-core/packages/fire_scout_planning_safe)
[157.189s] Level 1:colcon.colcon_core.environment:create_environment_scripts_only(fire_scout_planning_safe)
[157.189s] Level 1:colcon.colcon_core.environment:checking '/home/wei/fire_scout_ws/install/fire_scout_planning_safe' for CMake module files
[157.190s] Level 1:colcon.colcon_core.environment:checking '/home/wei/fire_scout_ws/install/fire_scout_planning_safe' for CMake config files
[157.190s] Level 1:colcon.colcon_core.shell:create_environment_hook('fire_scout_planning_safe', 'cmake_prefix_path')
[157.190s] INFO:colcon.colcon_core.shell:Creating environment hook '/home/wei/fire_scout_ws/install/fire_scout_planning_safe/share/fire_scout_planning_safe/hook/cmake_prefix_path.ps1'
[157.191s] INFO:colcon.colcon_core.shell:Creating environment descriptor '/home/wei/fire_scout_ws/install/fire_scout_planning_safe/share/fire_scout_planning_safe/hook/cmake_prefix_path.dsv'
[157.191s] INFO:colcon.colcon_core.shell:Creating environment hook '/home/wei/fire_scout_ws/install/fire_scout_planning_safe/share/fire_scout_planning_safe/hook/cmake_prefix_path.sh'
[157.191s] Level 1:colcon.colcon_core.environment:checking '/home/wei/fire_scout_ws/install/fire_scout_planning_safe/lib'
[157.192s] Level 1:colcon.colcon_core.environment:checking '/home/wei/fire_scout_ws/install/fire_scout_planning_safe/bin'
[157.192s] Level 1:colcon.colcon_core.environment:checking '/home/wei/fire_scout_ws/install/fire_scout_planning_safe/lib/pkgconfig/fire_scout_planning_safe.pc'
[157.192s] Level 1:colcon.colcon_core.environment:checking '/home/wei/fire_scout_ws/install/fire_scout_planning_safe/lib/python3.10/site-packages'
[157.192s] Level 1:colcon.colcon_core.environment:checking '/home/wei/fire_scout_ws/install/fire_scout_planning_safe/bin'
[157.193s] INFO:colcon.colcon_core.shell:Creating package script '/home/wei/fire_scout_ws/install/fire_scout_planning_safe/share/fire_scout_planning_safe/package.ps1'
[157.194s] INFO:colcon.colcon_core.shell:Creating package descriptor '/home/wei/fire_scout_ws/install/fire_scout_planning_safe/share/fire_scout_planning_safe/package.dsv'
[157.194s] INFO:colcon.colcon_core.shell:Creating package script '/home/wei/fire_scout_ws/install/fire_scout_planning_safe/share/fire_scout_planning_safe/package.sh'
[157.195s] INFO:colcon.colcon_core.shell:Creating package script '/home/wei/fire_scout_ws/install/fire_scout_planning_safe/share/fire_scout_planning_safe/package.bash'
[157.195s] INFO:colcon.colcon_core.shell:Creating package script '/home/wei/fire_scout_ws/install/fire_scout_planning_safe/share/fire_scout_planning_safe/package.zsh'
[157.196s] Level 1:colcon.colcon_core.environment:create_file_with_runtime_dependencies(/home/wei/fire_scout_ws/install/fire_scout_planning_safe/share/colcon-core/packages/fire_scout_planning_safe)
[157.196s] INFO:colcon.colcon_ros.task.ament_cmake.build:Building ROS package in '/home/wei/fire_scout_ws/src/fire_scout_mapping' with build type 'ament_cmake'
[157.196s] INFO:colcon.colcon_cmake.task.cmake.build:Building CMake package in '/home/wei/fire_scout_ws/src/fire_scout_mapping'
[157.196s] INFO:colcon.colcon_core.shell:Skip shell extension 'powershell' for command environment: Not usable outside of PowerShell
[157.196s] DEBUG:colcon.colcon_core.shell:Skip shell extension 'dsv' for command environment
[157.211s] DEBUG:colcon.colcon_core.event_handler.log_command:Invoking command in '/home/wei/fire_scout_ws/build/fire_scout_mapping': AMENT_PREFIX_PATH=/home/wei/fire_scout_ws/install/fire_scout_planning_safe:/home/wei/fire_scout_ws/install/px4_msgs:${AMENT_PREFIX_PATH} CMAKE_PREFIX_PATH=/home/wei/fire_scout_ws/install/fire_scout_planning_safe:/home/wei/fire_scout_ws/install/px4_msgs:/opt/ros/humble LD_LIBRARY_PATH=/home/wei/fire_scout_ws/install/px4_msgs/lib:${LD_LIBRARY_PATH} PYTHONPATH=/home/wei/fire_scout_ws/install/px4_msgs/local/lib/python3.10/dist-packages:${PYTHONPATH} /usr/bin/cmake /home/wei/fire_scout_ws/src/fire_scout_mapping -DCMAKE_INSTALL_PREFIX=/home/wei/fire_scout_ws/install/fire_scout_mapping
[158.218s] DEBUG:colcon.colcon_core.event_handler.log_command:Invoked command in '/home/wei/fire_scout_ws/build/fire_scout_mapping' returned '0': AMENT_PREFIX_PATH=/home/wei/fire_scout_ws/install/fire_scout_planning_safe:/home/wei/fire_scout_ws/install/px4_msgs:${AMENT_PREFIX_PATH} CMAKE_PREFIX_PATH=/home/wei/fire_scout_ws/install/fire_scout_planning_safe:/home/wei/fire_scout_ws/install/px4_msgs:/opt/ros/humble LD_LIBRARY_PATH=/home/wei/fire_scout_ws/install/px4_msgs/lib:${LD_LIBRARY_PATH} PYTHONPATH=/home/wei/fire_scout_ws/install/px4_msgs/local/lib/python3.10/dist-packages:${PYTHONPATH} /usr/bin/cmake /home/wei/fire_scout_ws/src/fire_scout_mapping -DCMAKE_INSTALL_PREFIX=/home/wei/fire_scout_ws/install/fire_scout_mapping
[158.219s] DEBUG:colcon.colcon_core.event_handler.log_command:Invoking command in '/home/wei/fire_scout_ws/build/fire_scout_mapping': AMENT_PREFIX_PATH=/home/wei/fire_scout_ws/install/fire_scout_planning_safe:/home/wei/fire_scout_ws/install/px4_msgs:${AMENT_PREFIX_PATH} CMAKE_PREFIX_PATH=/home/wei/fire_scout_ws/install/fire_scout_planning_safe:/home/wei/fire_scout_ws/install/px4_msgs:/opt/ros/humble LD_LIBRARY_PATH=/home/wei/fire_scout_ws/install/px4_msgs/lib:${LD_LIBRARY_PATH} PYTHONPATH=/home/wei/fire_scout_ws/install/px4_msgs/local/lib/python3.10/dist-packages:${PYTHONPATH} /usr/bin/cmake --build /home/wei/fire_scout_ws/build/fire_scout_mapping -- -j32 -l32
[165.220s] DEBUG:colcon.colcon_core.event_handler.log_command:Invoked command in '/home/wei/fire_scout_ws/build/fire_scout_mapping' returned '0': AMENT_PREFIX_PATH=/home/wei/fire_scout_ws/install/fire_scout_planning_safe:/home/wei/fire_scout_ws/install/px4_msgs:${AMENT_PREFIX_PATH} CMAKE_PREFIX_PATH=/home/wei/fire_scout_ws/install/fire_scout_planning_safe:/home/wei/fire_scout_ws/install/px4_msgs:/opt/ros/humble LD_LIBRARY_PATH=/home/wei/fire_scout_ws/install/px4_msgs/lib:${LD_LIBRARY_PATH} PYTHONPATH=/home/wei/fire_scout_ws/install/px4_msgs/local/lib/python3.10/dist-packages:${PYTHONPATH} /usr/bin/cmake --build /home/wei/fire_scout_ws/build/fire_scout_mapping -- -j32 -l32
[165.221s] DEBUG:colcon.colcon_core.event_handler.log_command:Invoking command in '/home/wei/fire_scout_ws/build/fire_scout_mapping': AMENT_PREFIX_PATH=/home/wei/fire_scout_ws/install/fire_scout_planning_safe:/home/wei/fire_scout_ws/install/px4_msgs:${AMENT_PREFIX_PATH} CMAKE_PREFIX_PATH=/home/wei/fire_scout_ws/install/fire_scout_planning_safe:/home/wei/fire_scout_ws/install/px4_msgs:/opt/ros/humble LD_LIBRARY_PATH=/home/wei/fire_scout_ws/install/px4_msgs/lib:${LD_LIBRARY_PATH} PYTHONPATH=/home/wei/fire_scout_ws/install/px4_msgs/local/lib/python3.10/dist-packages:${PYTHONPATH} /usr/bin/cmake --install /home/wei/fire_scout_ws/build/fire_scout_mapping
[165.236s] Level 1:colcon.colcon_core.environment:create_environment_scripts_only(fire_scout_mapping)
[165.236s] DEBUG:colcon.colcon_core.event_handler.log_command:Invoked command in '/home/wei/fire_scout_ws/build/fire_scout_mapping' returned '0': AMENT_PREFIX_PATH=/home/wei/fire_scout_ws/install/fire_scout_planning_safe:/home/wei/fire_scout_ws/install/px4_msgs:${AMENT_PREFIX_PATH} CMAKE_PREFIX_PATH=/home/wei/fire_scout_ws/install/fire_scout_planning_safe:/home/wei/fire_scout_ws/install/px4_msgs:/opt/ros/humble LD_LIBRARY_PATH=/home/wei/fire_scout_ws/install/px4_msgs/lib:${LD_LIBRARY_PATH} PYTHONPATH=/home/wei/fire_scout_ws/install/px4_msgs/local/lib/python3.10/dist-packages:${PYTHONPATH} /usr/bin/cmake --install /home/wei/fire_scout_ws/build/fire_scout_mapping
[165.237s] Level 1:colcon.colcon_core.environment:checking '/home/wei/fire_scout_ws/install/fire_scout_mapping' for CMake module files
[165.237s] Level 1:colcon.colcon_core.environment:checking '/home/wei/fire_scout_ws/install/fire_scout_mapping' for CMake config files
[165.238s] Level 1:colcon.colcon_core.shell:create_environment_hook('fire_scout_mapping', 'cmake_prefix_path')
[165.238s] INFO:colcon.colcon_core.shell:Creating environment hook '/home/wei/fire_scout_ws/install/fire_scout_mapping/share/fire_scout_mapping/hook/cmake_prefix_path.ps1'
[165.239s] INFO:colcon.colcon_core.shell:Creating environment descriptor '/home/wei/fire_scout_ws/install/fire_scout_mapping/share/fire_scout_mapping/hook/cmake_prefix_path.dsv'
[165.239s] INFO:colcon.colcon_core.shell:Creating environment hook '/home/wei/fire_scout_ws/install/fire_scout_mapping/share/fire_scout_mapping/hook/cmake_prefix_path.sh'
[165.240s] Level 1:colcon.colcon_core.environment:checking '/home/wei/fire_scout_ws/install/fire_scout_mapping/lib'
[165.240s] Level 1:colcon.colcon_core.environment:checking '/home/wei/fire_scout_ws/install/fire_scout_mapping/bin'
[165.240s] Level 1:colcon.colcon_core.environment:checking '/home/wei/fire_scout_ws/install/fire_scout_mapping/lib/pkgconfig/fire_scout_mapping.pc'
[165.240s] Level 1:colcon.colcon_core.environment:checking '/home/wei/fire_scout_ws/install/fire_scout_mapping/lib/python3.10/site-packages'
[165.241s] Level 1:colcon.colcon_core.environment:checking '/home/wei/fire_scout_ws/install/fire_scout_mapping/bin'
[165.241s] INFO:colcon.colcon_core.shell:Creating package script '/home/wei/fire_scout_ws/install/fire_scout_mapping/share/fire_scout_mapping/package.ps1'
[165.242s] INFO:colcon.colcon_core.shell:Creating package descriptor '/home/wei/fire_scout_ws/install/fire_scout_mapping/share/fire_scout_mapping/package.dsv'
[165.243s] INFO:colcon.colcon_core.shell:Creating package script '/home/wei/fire_scout_ws/install/fire_scout_mapping/share/fire_scout_mapping/package.sh'
[165.243s] INFO:colcon.colcon_core.shell:Creating package script '/home/wei/fire_scout_ws/install/fire_scout_mapping/share/fire_scout_mapping/package.bash'
[165.244s] INFO:colcon.colcon_core.shell:Creating package script '/home/wei/fire_scout_ws/install/fire_scout_mapping/share/fire_scout_mapping/package.zsh'
[165.244s] Level 1:colcon.colcon_core.environment:create_file_with_runtime_dependencies(/home/wei/fire_scout_ws/install/fire_scout_mapping/share/colcon-core/packages/fire_scout_mapping)
[165.245s] Level 1:colcon.colcon_core.environment:create_environment_scripts_only(fire_scout_mapping)
[165.245s] Level 1:colcon.colcon_core.environment:checking '/home/wei/fire_scout_ws/install/fire_scout_mapping' for CMake module files
[165.245s] Level 1:colcon.colcon_core.environment:checking '/home/wei/fire_scout_ws/install/fire_scout_mapping' for CMake config files
[165.246s] Level 1:colcon.colcon_core.shell:create_environment_hook('fire_scout_mapping', 'cmake_prefix_path')
[165.246s] INFO:colcon.colcon_core.shell:Creating environment hook '/home/wei/fire_scout_ws/install/fire_scout_mapping/share/fire_scout_mapping/hook/cmake_prefix_path.ps1'
[165.246s] INFO:colcon.colcon_core.shell:Creating environment descriptor '/home/wei/fire_scout_ws/install/fire_scout_mapping/share/fire_scout_mapping/hook/cmake_prefix_path.dsv'
[165.247s] INFO:colcon.colcon_core.shell:Creating environment hook '/home/wei/fire_scout_ws/install/fire_scout_mapping/share/fire_scout_mapping/hook/cmake_prefix_path.sh'
[165.247s] Level 1:colcon.colcon_core.environment:checking '/home/wei/fire_scout_ws/install/fire_scout_mapping/lib'
[165.247s] Level 1:colcon.colcon_core.environment:checking '/home/wei/fire_scout_ws/install/fire_scout_mapping/bin'
[165.247s] Level 1:colcon.colcon_core.environment:checking '/home/wei/fire_scout_ws/install/fire_scout_mapping/lib/pkgconfig/fire_scout_mapping.pc'
[165.248s] Level 1:colcon.colcon_core.environment:checking '/home/wei/fire_scout_ws/install/fire_scout_mapping/lib/python3.10/site-packages'
[165.248s] Level 1:colcon.colcon_core.environment:checking '/home/wei/fire_scout_ws/install/fire_scout_mapping/bin'
[165.248s] INFO:colcon.colcon_core.shell:Creating package script '/home/wei/fire_scout_ws/install/fire_scout_mapping/share/fire_scout_mapping/package.ps1'
[165.249s] INFO:colcon.colcon_core.shell:Creating package descriptor '/home/wei/fire_scout_ws/install/fire_scout_mapping/share/fire_scout_mapping/package.dsv'
[165.249s] INFO:colcon.colcon_core.shell:Creating package script '/home/wei/fire_scout_ws/install/fire_scout_mapping/share/fire_scout_mapping/package.sh'
[165.250s] INFO:colcon.colcon_core.shell:Creating package script '/home/wei/fire_scout_ws/install/fire_scout_mapping/share/fire_scout_mapping/package.bash'
[165.250s] INFO:colcon.colcon_core.shell:Creating package script '/home/wei/fire_scout_ws/install/fire_scout_mapping/share/fire_scout_mapping/package.zsh'
[165.251s] Level 1:colcon.colcon_core.environment:create_file_with_runtime_dependencies(/home/wei/fire_scout_ws/install/fire_scout_mapping/share/colcon-core/packages/fire_scout_mapping)
[165.251s] DEBUG:colcon.colcon_parallel_executor.executor.parallel:closing loop
[165.251s] DEBUG:colcon.colcon_parallel_executor.executor.parallel:loop closed
[165.251s] DEBUG:colcon.colcon_parallel_executor.executor.parallel:run_until_complete finished with '0'
[165.251s] DEBUG:colcon.colcon_core.event_reactor:joining thread
[165.257s] INFO:colcon.colcon_core.plugin_system:Skipping extension 'colcon_notification.desktop_notification.terminal_notifier': Not used on non-Darwin systems
[165.257s] INFO:colcon.colcon_core.plugin_system:Skipping extension 'colcon_notification.desktop_notification.win32': Not used on non-Windows systems
[165.257s] INFO:colcon.colcon_notification.desktop_notification:Sending desktop notification using 'notify2'
[165.272s] DEBUG:colcon.colcon_core.event_reactor:joined thread
[165.272s] INFO:colcon.colcon_core.shell:Creating prefix script '/home/wei/fire_scout_ws/install/local_setup.ps1'
[165.274s] INFO:colcon.colcon_core.shell:Creating prefix util module '/home/wei/fire_scout_ws/install/_local_setup_util_ps1.py'
[165.275s] INFO:colcon.colcon_core.shell:Creating prefix chain script '/home/wei/fire_scout_ws/install/setup.ps1'
[165.276s] INFO:colcon.colcon_core.shell:Creating prefix script '/home/wei/fire_scout_ws/install/local_setup.sh'
[165.276s] INFO:colcon.colcon_core.shell:Creating prefix util module '/home/wei/fire_scout_ws/install/_local_setup_util_sh.py'
[165.277s] INFO:colcon.colcon_core.shell:Creating prefix chain script '/home/wei/fire_scout_ws/install/setup.sh'
[165.278s] INFO:colcon.colcon_core.shell:Creating prefix script '/home/wei/fire_scout_ws/install/local_setup.bash'
[165.278s] INFO:colcon.colcon_core.shell:Creating prefix chain script '/home/wei/fire_scout_ws/install/setup.bash'
[165.279s] INFO:colcon.colcon_core.shell:Creating prefix script '/home/wei/fire_scout_ws/install/local_setup.zsh'
[165.279s] INFO:colcon.colcon_core.shell:Creating prefix chain script '/home/wei/fire_scout_ws/install/setup.zsh'
