[0.000000] (-) TimerEvent: {}
[0.000517] (fire_scout_gazebo) JobQueued: {'identifier': 'fire_scout_gazebo', 'dependencies': OrderedDict()}
[0.000599] (px4_msgs) JobQueued: {'identifier': 'px4_msgs', 'dependencies': OrderedDict()}
[0.000626] (fire_scout_control) JobQueued: {'identifier': 'fire_scout_control', 'dependencies': OrderedDict([('px4_msgs', '/home/wei/fire_scout_ws/install/px4_msgs')])}
[0.000652] (fire_scout_localization) JobQueued: {'identifier': 'fire_scout_localization', 'dependencies': OrderedDict([('px4_msgs', '/home/wei/fire_scout_ws/install/px4_msgs')])}
[0.000674] (fire_scout_planning_safe) JobQueued: {'identifier': 'fire_scout_planning_safe', 'dependencies': OrderedDict([('px4_msgs', '/home/wei/fire_scout_ws/install/px4_msgs')])}
[0.000710] (fire_scout_sensors) JobQueued: {'identifier': 'fire_scout_sensors', 'dependencies': OrderedDict([('px4_msgs', '/home/wei/fire_scout_ws/install/px4_msgs')])}
[0.000766] (fire_scout_bringup) JobQueued: {'identifier': 'fire_scout_bringup', 'dependencies': OrderedDict([('px4_msgs', '/home/wei/fire_scout_ws/install/px4_msgs'), ('fire_scout_localization', '/home/wei/fire_scout_ws/install/fire_scout_localization'), ('fire_scout_sensors', '/home/wei/fire_scout_ws/install/fire_scout_sensors')])}
[0.000798] (fire_scout_mapping) JobQueued: {'identifier': 'fire_scout_mapping', 'dependencies': OrderedDict([('px4_msgs', '/home/wei/fire_scout_ws/install/px4_msgs'), ('fire_scout_planning_safe', '/home/wei/fire_scout_ws/install/fire_scout_planning_safe')])}
[0.000854] (px4_msgs) JobStarted: {'identifier': 'px4_msgs'}
[0.004104] (fire_scout_gazebo) JobStarted: {'identifier': 'fire_scout_gazebo'}
[0.006404] (px4_msgs) JobProgress: {'identifier': 'px4_msgs', 'progress': 'cmake'}
[0.007201] (px4_msgs) JobProgress: {'identifier': 'px4_msgs', 'progress': 'build'}
[0.007296] (px4_msgs) Command: {'cmd': ['/usr/bin/cmake', '--build', '/home/wei/fire_scout_ws/build/px4_msgs', '--', '-j32', '-l32'], 'cwd': '/home/wei/fire_scout_ws/build/px4_msgs', 'env': OrderedDict([('GJS_DEBUG_TOPICS', 'JS ERROR;JS LOG'), ('LESSOPEN', '| /usr/bin/lesspipe %s'), ('LANGUAGE', 'zh_CN:en'), ('USER', 'wei'), ('LC_TIME', 'en_US.UTF-8'), ('XDG_SESSION_TYPE', 'wayland'), ('SHLVL', '1'), ('LD_LIBRARY_PATH', '/opt/ros/humble/opt/rviz_ogre_vendor/lib:/opt/ros/humble/lib/x86_64-linux-gnu:/opt/ros/humble/lib'), ('HOME', '/home/wei'), ('OLDPWD', '/home/wei/fire_scout_ws'), ('DESKTOP_SESSION', 'ubuntu'), ('GIO_LAUNCHED_DESKTOP_FILE', '/usr/share/applications/terminator.desktop'), ('ROS_PYTHON_VERSION', '3'), ('GNOME_SHELL_SESSION_MODE', 'ubuntu'), ('GTK_MODULES', 'gail:atk-bridge'), ('LC_MONETARY', 'en_US.UTF-8'), ('MANAGERPID', '1353'), ('SYSTEMD_EXEC_PID', '1565'), ('DBUS_SESSION_BUS_ADDRESS', 'unix:path=/run/user/1000/bus'), ('COLORTERM', 'truecolor'), ('TERMINATOR_DBUS_NAME', 'net.tenshu.Terminator25ef4b219e3b005583550f2b0f9f990c3'), ('GIO_LAUNCHED_DESKTOP_FILE_PID', '751313'), ('IM_CONFIG_PHASE', '1'), ('WAYLAND_DISPLAY', 'wayland-0'), ('ROS_DISTRO', 'humble'), ('LOGNAME', 'wei'), ('JOURNAL_STREAM', '8:9374'), ('_', '/usr/bin/colcon'), ('ROS_VERSION', '2'), ('XDG_SESSION_CLASS', 'user'), ('USERNAME', 'wei'), ('TERM', 'xterm-256color'), ('GNOME_DESKTOP_SESSION_ID', 'this-is-deprecated'), ('ROS_LOCALHOST_ONLY', '0'), ('PATH', '/opt/ros/humble/bin:/home/wei/.local/bin:/usr/local/sbin:/usr/local/bin:/usr/sbin:/usr/bin:/sbin:/bin:/usr/games:/usr/local/games:/snap/bin:/snap/bin'), ('SESSION_MANAGER', 'local/wei:@/tmp/.ICE-unix/1528,unix/wei:/tmp/.ICE-unix/1528'), ('INVOCATION_ID', 'ed7428c5436e412e81e0d8a34a655579'), ('PAPERSIZE', 'letter'), ('XDG_MENU_PREFIX', 'gnome-'), ('LC_ADDRESS', 'en_US.UTF-8'), ('GNOME_SETUP_DISPLAY', ':1'), ('XDG_RUNTIME_DIR', '/run/user/1000'), ('DISPLAY', ':0'), ('TERMINATOR_DBUS_PATH', '/net/tenshu/Terminator2'), ('LANG', 'zh_CN.UTF-8'), ('XDG_CURRENT_DESKTOP', 'ubuntu:GNOME'), ('IBUS_DISABLE_SNOOPER', '1'), ('LC_TELEPHONE', 'en_US.UTF-8'), ('RMW_IMPLEMENTATION', 'rmw_cyclonedds_cpp'), ('XMODIFIERS', '@im=ibus'), ('XDG_SESSION_DESKTOP', 'ubuntu'), ('XAUTHORITY', '/run/user/1000/.mutter-Xwaylandauth.F875V3'), ('LS_COLORS', 'rs=0:di=01;34:ln=01;36:mh=00:pi=40;33:so=01;35:do=01;35:bd=40;33;01:cd=40;33;01:or=40;31;01:mi=00:su=37;41:sg=30;43:ca=30;41:tw=30;42:ow=34;42:st=37;44:ex=01;32:*.tar=01;31:*.tgz=01;31:*.arc=01;31:*.arj=01;31:*.taz=01;31:*.lha=01;31:*.lz4=01;31:*.lzh=01;31:*.lzma=01;31:*.tlz=01;31:*.txz=01;31:*.tzo=01;31:*.t7z=01;31:*.zip=01;31:*.z=01;31:*.dz=01;31:*.gz=01;31:*.lrz=01;31:*.lz=01;31:*.lzo=01;31:*.xz=01;31:*.zst=01;31:*.tzst=01;31:*.bz2=01;31:*.bz=01;31:*.tbz=01;31:*.tbz2=01;31:*.tz=01;31:*.deb=01;31:*.rpm=01;31:*.jar=01;31:*.war=01;31:*.ear=01;31:*.sar=01;31:*.rar=01;31:*.alz=01;31:*.ace=01;31:*.zoo=01;31:*.cpio=01;31:*.7z=01;31:*.rz=01;31:*.cab=01;31:*.wim=01;31:*.swm=01;31:*.dwm=01;31:*.esd=01;31:*.jpg=01;35:*.jpeg=01;35:*.mjpg=01;35:*.mjpeg=01;35:*.gif=01;35:*.bmp=01;35:*.pbm=01;35:*.pgm=01;35:*.ppm=01;35:*.tga=01;35:*.xbm=01;35:*.xpm=01;35:*.tif=01;35:*.tiff=01;35:*.png=01;35:*.svg=01;35:*.svgz=01;35:*.mng=01;35:*.pcx=01;35:*.mov=01;35:*.mpg=01;35:*.mpeg=01;35:*.m2v=01;35:*.mkv=01;35:*.webm=01;35:*.webp=01;35:*.ogm=01;35:*.mp4=01;35:*.m4v=01;35:*.mp4v=01;35:*.vob=01;35:*.qt=01;35:*.nuv=01;35:*.wmv=01;35:*.asf=01;35:*.rm=01;35:*.rmvb=01;35:*.flc=01;35:*.avi=01;35:*.fli=01;35:*.flv=01;35:*.gl=01;35:*.dl=01;35:*.xcf=01;35:*.xwd=01;35:*.yuv=01;35:*.cgm=01;35:*.emf=01;35:*.ogv=01;35:*.ogx=01;35:*.aac=00;36:*.au=00;36:*.flac=00;36:*.m4a=00;36:*.mid=00;36:*.midi=00;36:*.mka=00;36:*.mp3=00;36:*.mpc=00;36:*.ogg=00;36:*.ra=00;36:*.wav=00;36:*.oga=00;36:*.opus=00;36:*.spx=00;36:*.xspf=00;36:'), ('SSH_AGENT_LAUNCHER', 'gnome-keyring'), ('SSH_AUTH_SOCK', '/run/user/1000/keyring/ssh'), ('AMENT_PREFIX_PATH', '/opt/ros/humble'), ('SHELL', '/bin/bash'), ('LC_NAME', 'en_US.UTF-8'), ('TERMINATOR_UUID', 'urn:uuid:fca43956-d007-4aaf-9558-4a21fbf7314a'), ('QT_ACCESSIBILITY', '1'), ('GDMSESSION', 'ubuntu'), ('LESSCLOSE', '/usr/bin/lesspipe %s %s'), ('LC_MEASUREMENT', 'en_US.UTF-8'), ('GJS_DEBUG_OUTPUT', 'stderr'), ('LC_IDENTIFICATION', 'en_US.UTF-8'), ('GZ_VERSION', 'harmonic'), ('QT_IM_MODULE', 'ibus'), ('PWD', '/home/wei/fire_scout_ws/build/px4_msgs'), ('LC_ALL', 'en_US.UTF-8'), ('XDG_CONFIG_DIRS', '/etc/xdg/xdg-ubuntu:/etc/xdg'), ('XDG_DATA_DIRS', '/usr/share/ubuntu:/home/wei/.local/share/flatpak/exports/share:/var/lib/flatpak/exports/share:/usr/local/share/:/usr/share/:/var/lib/snapd/desktop'), ('PYTHONPATH', '/opt/ros/humble/lib/python3.10/site-packages:/opt/ros/humble/local/lib/python3.10/dist-packages'), ('LC_NUMERIC', 'en_US.UTF-8'), ('LC_PAPER', 'en_US.UTF-8'), ('COLCON', '1'), ('VTE_VERSION', '6800'), ('CMAKE_PREFIX_PATH', '/opt/ros/humble')]), 'shell': False}
[0.009659] (fire_scout_gazebo) JobProgress: {'identifier': 'fire_scout_gazebo', 'progress': 'cmake'}
[0.009822] (fire_scout_gazebo) JobProgress: {'identifier': 'fire_scout_gazebo', 'progress': 'build'}
[0.010015] (fire_scout_gazebo) Command: {'cmd': ['/usr/bin/cmake', '--build', '/home/wei/fire_scout_ws/build/fire_scout_gazebo', '--', '-j32', '-l32'], 'cwd': '/home/wei/fire_scout_ws/build/fire_scout_gazebo', 'env': OrderedDict([('GJS_DEBUG_TOPICS', 'JS ERROR;JS LOG'), ('LESSOPEN', '| /usr/bin/lesspipe %s'), ('LANGUAGE', 'zh_CN:en'), ('USER', 'wei'), ('LC_TIME', 'en_US.UTF-8'), ('XDG_SESSION_TYPE', 'wayland'), ('SHLVL', '1'), ('LD_LIBRARY_PATH', '/opt/ros/humble/opt/rviz_ogre_vendor/lib:/opt/ros/humble/lib/x86_64-linux-gnu:/opt/ros/humble/lib'), ('HOME', '/home/wei'), ('OLDPWD', '/home/wei/fire_scout_ws'), ('DESKTOP_SESSION', 'ubuntu'), ('GIO_LAUNCHED_DESKTOP_FILE', '/usr/share/applications/terminator.desktop'), ('ROS_PYTHON_VERSION', '3'), ('GNOME_SHELL_SESSION_MODE', 'ubuntu'), ('GTK_MODULES', 'gail:atk-bridge'), ('LC_MONETARY', 'en_US.UTF-8'), ('MANAGERPID', '1353'), ('SYSTEMD_EXEC_PID', '1565'), ('DBUS_SESSION_BUS_ADDRESS', 'unix:path=/run/user/1000/bus'), ('COLORTERM', 'truecolor'), ('TERMINATOR_DBUS_NAME', 'net.tenshu.Terminator25ef4b219e3b005583550f2b0f9f990c3'), ('GIO_LAUNCHED_DESKTOP_FILE_PID', '751313'), ('IM_CONFIG_PHASE', '1'), ('WAYLAND_DISPLAY', 'wayland-0'), ('ROS_DISTRO', 'humble'), ('LOGNAME', 'wei'), ('JOURNAL_STREAM', '8:9374'), ('_', '/usr/bin/colcon'), ('ROS_VERSION', '2'), ('XDG_SESSION_CLASS', 'user'), ('USERNAME', 'wei'), ('TERM', 'xterm-256color'), ('GNOME_DESKTOP_SESSION_ID', 'this-is-deprecated'), ('ROS_LOCALHOST_ONLY', '0'), ('PATH', '/opt/ros/humble/bin:/home/wei/.local/bin:/usr/local/sbin:/usr/local/bin:/usr/sbin:/usr/bin:/sbin:/bin:/usr/games:/usr/local/games:/snap/bin:/snap/bin'), ('SESSION_MANAGER', 'local/wei:@/tmp/.ICE-unix/1528,unix/wei:/tmp/.ICE-unix/1528'), ('INVOCATION_ID', 'ed7428c5436e412e81e0d8a34a655579'), ('PAPERSIZE', 'letter'), ('XDG_MENU_PREFIX', 'gnome-'), ('LC_ADDRESS', 'en_US.UTF-8'), ('GNOME_SETUP_DISPLAY', ':1'), ('XDG_RUNTIME_DIR', '/run/user/1000'), ('DISPLAY', ':0'), ('TERMINATOR_DBUS_PATH', '/net/tenshu/Terminator2'), ('LANG', 'zh_CN.UTF-8'), ('XDG_CURRENT_DESKTOP', 'ubuntu:GNOME'), ('IBUS_DISABLE_SNOOPER', '1'), ('LC_TELEPHONE', 'en_US.UTF-8'), ('RMW_IMPLEMENTATION', 'rmw_cyclonedds_cpp'), ('XMODIFIERS', '@im=ibus'), ('XDG_SESSION_DESKTOP', 'ubuntu'), ('XAUTHORITY', '/run/user/1000/.mutter-Xwaylandauth.F875V3'), ('LS_COLORS', 'rs=0:di=01;34:ln=01;36:mh=00:pi=40;33:so=01;35:do=01;35:bd=40;33;01:cd=40;33;01:or=40;31;01:mi=00:su=37;41:sg=30;43:ca=30;41:tw=30;42:ow=34;42:st=37;44:ex=01;32:*.tar=01;31:*.tgz=01;31:*.arc=01;31:*.arj=01;31:*.taz=01;31:*.lha=01;31:*.lz4=01;31:*.lzh=01;31:*.lzma=01;31:*.tlz=01;31:*.txz=01;31:*.tzo=01;31:*.t7z=01;31:*.zip=01;31:*.z=01;31:*.dz=01;31:*.gz=01;31:*.lrz=01;31:*.lz=01;31:*.lzo=01;31:*.xz=01;31:*.zst=01;31:*.tzst=01;31:*.bz2=01;31:*.bz=01;31:*.tbz=01;31:*.tbz2=01;31:*.tz=01;31:*.deb=01;31:*.rpm=01;31:*.jar=01;31:*.war=01;31:*.ear=01;31:*.sar=01;31:*.rar=01;31:*.alz=01;31:*.ace=01;31:*.zoo=01;31:*.cpio=01;31:*.7z=01;31:*.rz=01;31:*.cab=01;31:*.wim=01;31:*.swm=01;31:*.dwm=01;31:*.esd=01;31:*.jpg=01;35:*.jpeg=01;35:*.mjpg=01;35:*.mjpeg=01;35:*.gif=01;35:*.bmp=01;35:*.pbm=01;35:*.pgm=01;35:*.ppm=01;35:*.tga=01;35:*.xbm=01;35:*.xpm=01;35:*.tif=01;35:*.tiff=01;35:*.png=01;35:*.svg=01;35:*.svgz=01;35:*.mng=01;35:*.pcx=01;35:*.mov=01;35:*.mpg=01;35:*.mpeg=01;35:*.m2v=01;35:*.mkv=01;35:*.webm=01;35:*.webp=01;35:*.ogm=01;35:*.mp4=01;35:*.m4v=01;35:*.mp4v=01;35:*.vob=01;35:*.qt=01;35:*.nuv=01;35:*.wmv=01;35:*.asf=01;35:*.rm=01;35:*.rmvb=01;35:*.flc=01;35:*.avi=01;35:*.fli=01;35:*.flv=01;35:*.gl=01;35:*.dl=01;35:*.xcf=01;35:*.xwd=01;35:*.yuv=01;35:*.cgm=01;35:*.emf=01;35:*.ogv=01;35:*.ogx=01;35:*.aac=00;36:*.au=00;36:*.flac=00;36:*.m4a=00;36:*.mid=00;36:*.midi=00;36:*.mka=00;36:*.mp3=00;36:*.mpc=00;36:*.ogg=00;36:*.ra=00;36:*.wav=00;36:*.oga=00;36:*.opus=00;36:*.spx=00;36:*.xspf=00;36:'), ('SSH_AGENT_LAUNCHER', 'gnome-keyring'), ('SSH_AUTH_SOCK', '/run/user/1000/keyring/ssh'), ('AMENT_PREFIX_PATH', '/opt/ros/humble'), ('SHELL', '/bin/bash'), ('LC_NAME', 'en_US.UTF-8'), ('TERMINATOR_UUID', 'urn:uuid:fca43956-d007-4aaf-9558-4a21fbf7314a'), ('QT_ACCESSIBILITY', '1'), ('GDMSESSION', 'ubuntu'), ('LESSCLOSE', '/usr/bin/lesspipe %s %s'), ('LC_MEASUREMENT', 'en_US.UTF-8'), ('GJS_DEBUG_OUTPUT', 'stderr'), ('LC_IDENTIFICATION', 'en_US.UTF-8'), ('GZ_VERSION', 'harmonic'), ('QT_IM_MODULE', 'ibus'), ('PWD', '/home/wei/fire_scout_ws/build/fire_scout_gazebo'), ('LC_ALL', 'en_US.UTF-8'), ('XDG_CONFIG_DIRS', '/etc/xdg/xdg-ubuntu:/etc/xdg'), ('XDG_DATA_DIRS', '/usr/share/ubuntu:/home/wei/.local/share/flatpak/exports/share:/var/lib/flatpak/exports/share:/usr/local/share/:/usr/share/:/var/lib/snapd/desktop'), ('PYTHONPATH', '/opt/ros/humble/lib/python3.10/site-packages:/opt/ros/humble/local/lib/python3.10/dist-packages'), ('LC_NUMERIC', 'en_US.UTF-8'), ('LC_PAPER', 'en_US.UTF-8'), ('COLCON', '1'), ('VTE_VERSION', '6800'), ('CMAKE_PREFIX_PATH', '/opt/ros/humble')]), 'shell': False}
[0.040754] (fire_scout_gazebo) CommandEnded: {'returncode': 0}
[0.041450] (fire_scout_gazebo) JobProgress: {'identifier': 'fire_scout_gazebo', 'progress': 'install'}
[0.048956] (fire_scout_gazebo) Command: {'cmd': ['/usr/bin/cmake', '--install', '/home/wei/fire_scout_ws/build/fire_scout_gazebo'], 'cwd': '/home/wei/fire_scout_ws/build/fire_scout_gazebo', 'env': OrderedDict([('GJS_DEBUG_TOPICS', 'JS ERROR;JS LOG'), ('LESSOPEN', '| /usr/bin/lesspipe %s'), ('LANGUAGE', 'zh_CN:en'), ('USER', 'wei'), ('LC_TIME', 'en_US.UTF-8'), ('XDG_SESSION_TYPE', 'wayland'), ('SHLVL', '1'), ('LD_LIBRARY_PATH', '/opt/ros/humble/opt/rviz_ogre_vendor/lib:/opt/ros/humble/lib/x86_64-linux-gnu:/opt/ros/humble/lib'), ('HOME', '/home/wei'), ('OLDPWD', '/home/wei/fire_scout_ws'), ('DESKTOP_SESSION', 'ubuntu'), ('GIO_LAUNCHED_DESKTOP_FILE', '/usr/share/applications/terminator.desktop'), ('ROS_PYTHON_VERSION', '3'), ('GNOME_SHELL_SESSION_MODE', 'ubuntu'), ('GTK_MODULES', 'gail:atk-bridge'), ('LC_MONETARY', 'en_US.UTF-8'), ('MANAGERPID', '1353'), ('SYSTEMD_EXEC_PID', '1565'), ('DBUS_SESSION_BUS_ADDRESS', 'unix:path=/run/user/1000/bus'), ('COLORTERM', 'truecolor'), ('TERMINATOR_DBUS_NAME', 'net.tenshu.Terminator25ef4b219e3b005583550f2b0f9f990c3'), ('GIO_LAUNCHED_DESKTOP_FILE_PID', '751313'), ('IM_CONFIG_PHASE', '1'), ('WAYLAND_DISPLAY', 'wayland-0'), ('ROS_DISTRO', 'humble'), ('LOGNAME', 'wei'), ('JOURNAL_STREAM', '8:9374'), ('_', '/usr/bin/colcon'), ('ROS_VERSION', '2'), ('XDG_SESSION_CLASS', 'user'), ('USERNAME', 'wei'), ('TERM', 'xterm-256color'), ('GNOME_DESKTOP_SESSION_ID', 'this-is-deprecated'), ('ROS_LOCALHOST_ONLY', '0'), ('PATH', '/opt/ros/humble/bin:/home/wei/.local/bin:/usr/local/sbin:/usr/local/bin:/usr/sbin:/usr/bin:/sbin:/bin:/usr/games:/usr/local/games:/snap/bin:/snap/bin'), ('SESSION_MANAGER', 'local/wei:@/tmp/.ICE-unix/1528,unix/wei:/tmp/.ICE-unix/1528'), ('INVOCATION_ID', 'ed7428c5436e412e81e0d8a34a655579'), ('PAPERSIZE', 'letter'), ('XDG_MENU_PREFIX', 'gnome-'), ('LC_ADDRESS', 'en_US.UTF-8'), ('GNOME_SETUP_DISPLAY', ':1'), ('XDG_RUNTIME_DIR', '/run/user/1000'), ('DISPLAY', ':0'), ('TERMINATOR_DBUS_PATH', '/net/tenshu/Terminator2'), ('LANG', 'zh_CN.UTF-8'), ('XDG_CURRENT_DESKTOP', 'ubuntu:GNOME'), ('IBUS_DISABLE_SNOOPER', '1'), ('LC_TELEPHONE', 'en_US.UTF-8'), ('RMW_IMPLEMENTATION', 'rmw_cyclonedds_cpp'), ('XMODIFIERS', '@im=ibus'), ('XDG_SESSION_DESKTOP', 'ubuntu'), ('XAUTHORITY', '/run/user/1000/.mutter-Xwaylandauth.F875V3'), ('LS_COLORS', 'rs=0:di=01;34:ln=01;36:mh=00:pi=40;33:so=01;35:do=01;35:bd=40;33;01:cd=40;33;01:or=40;31;01:mi=00:su=37;41:sg=30;43:ca=30;41:tw=30;42:ow=34;42:st=37;44:ex=01;32:*.tar=01;31:*.tgz=01;31:*.arc=01;31:*.arj=01;31:*.taz=01;31:*.lha=01;31:*.lz4=01;31:*.lzh=01;31:*.lzma=01;31:*.tlz=01;31:*.txz=01;31:*.tzo=01;31:*.t7z=01;31:*.zip=01;31:*.z=01;31:*.dz=01;31:*.gz=01;31:*.lrz=01;31:*.lz=01;31:*.lzo=01;31:*.xz=01;31:*.zst=01;31:*.tzst=01;31:*.bz2=01;31:*.bz=01;31:*.tbz=01;31:*.tbz2=01;31:*.tz=01;31:*.deb=01;31:*.rpm=01;31:*.jar=01;31:*.war=01;31:*.ear=01;31:*.sar=01;31:*.rar=01;31:*.alz=01;31:*.ace=01;31:*.zoo=01;31:*.cpio=01;31:*.7z=01;31:*.rz=01;31:*.cab=01;31:*.wim=01;31:*.swm=01;31:*.dwm=01;31:*.esd=01;31:*.jpg=01;35:*.jpeg=01;35:*.mjpg=01;35:*.mjpeg=01;35:*.gif=01;35:*.bmp=01;35:*.pbm=01;35:*.pgm=01;35:*.ppm=01;35:*.tga=01;35:*.xbm=01;35:*.xpm=01;35:*.tif=01;35:*.tiff=01;35:*.png=01;35:*.svg=01;35:*.svgz=01;35:*.mng=01;35:*.pcx=01;35:*.mov=01;35:*.mpg=01;35:*.mpeg=01;35:*.m2v=01;35:*.mkv=01;35:*.webm=01;35:*.webp=01;35:*.ogm=01;35:*.mp4=01;35:*.m4v=01;35:*.mp4v=01;35:*.vob=01;35:*.qt=01;35:*.nuv=01;35:*.wmv=01;35:*.asf=01;35:*.rm=01;35:*.rmvb=01;35:*.flc=01;35:*.avi=01;35:*.fli=01;35:*.flv=01;35:*.gl=01;35:*.dl=01;35:*.xcf=01;35:*.xwd=01;35:*.yuv=01;35:*.cgm=01;35:*.emf=01;35:*.ogv=01;35:*.ogx=01;35:*.aac=00;36:*.au=00;36:*.flac=00;36:*.m4a=00;36:*.mid=00;36:*.midi=00;36:*.mka=00;36:*.mp3=00;36:*.mpc=00;36:*.ogg=00;36:*.ra=00;36:*.wav=00;36:*.oga=00;36:*.opus=00;36:*.spx=00;36:*.xspf=00;36:'), ('SSH_AGENT_LAUNCHER', 'gnome-keyring'), ('SSH_AUTH_SOCK', '/run/user/1000/keyring/ssh'), ('AMENT_PREFIX_PATH', '/opt/ros/humble'), ('SHELL', '/bin/bash'), ('LC_NAME', 'en_US.UTF-8'), ('TERMINATOR_UUID', 'urn:uuid:fca43956-d007-4aaf-9558-4a21fbf7314a'), ('QT_ACCESSIBILITY', '1'), ('GDMSESSION', 'ubuntu'), ('LESSCLOSE', '/usr/bin/lesspipe %s %s'), ('LC_MEASUREMENT', 'en_US.UTF-8'), ('GJS_DEBUG_OUTPUT', 'stderr'), ('LC_IDENTIFICATION', 'en_US.UTF-8'), ('GZ_VERSION', 'harmonic'), ('QT_IM_MODULE', 'ibus'), ('PWD', '/home/wei/fire_scout_ws/build/fire_scout_gazebo'), ('LC_ALL', 'en_US.UTF-8'), ('XDG_CONFIG_DIRS', '/etc/xdg/xdg-ubuntu:/etc/xdg'), ('XDG_DATA_DIRS', '/usr/share/ubuntu:/home/wei/.local/share/flatpak/exports/share:/var/lib/flatpak/exports/share:/usr/local/share/:/usr/share/:/var/lib/snapd/desktop'), ('PYTHONPATH', '/opt/ros/humble/lib/python3.10/site-packages:/opt/ros/humble/local/lib/python3.10/dist-packages'), ('LC_NUMERIC', 'en_US.UTF-8'), ('LC_PAPER', 'en_US.UTF-8'), ('COLCON', '1'), ('VTE_VERSION', '6800'), ('CMAKE_PREFIX_PATH', '/opt/ros/humble')]), 'shell': False}
[0.054782] (fire_scout_gazebo) StdoutLine: {'line': b'-- Install configuration: ""\n'}
[0.055182] (fire_scout_gazebo) StdoutLine: {'line': b'-- Up-to-date: /home/wei/fire_scout_ws/install/fire_scout_gazebo/share/fire_scout_gazebo/worlds\n'}
[0.055274] (fire_scout_gazebo) StdoutLine: {'line': b'-- Up-to-date: /home/wei/fire_scout_ws/install/fire_scout_gazebo/share/fire_scout_gazebo/worlds/fire_scout_floor\xef\xbc\x88\xe5\xa4\x8d\xe4\xbb\xb6\xef\xbc\x89.sdf\n'}
[0.055373] (fire_scout_gazebo) StdoutLine: {'line': b'-- Up-to-date: /home/wei/fire_scout_ws/install/fire_scout_gazebo/share/fire_scout_gazebo/worlds/fire_scout_floor.sdf\n'}
[0.055477] (fire_scout_gazebo) StdoutLine: {'line': b'-- Up-to-date: /home/wei/fire_scout_ws/install/fire_scout_gazebo/share/ament_index/resource_index/package_run_dependencies/fire_scout_gazebo\n'}
[0.055549] (fire_scout_gazebo) StdoutLine: {'line': b'-- Up-to-date: /home/wei/fire_scout_ws/install/fire_scout_gazebo/share/ament_index/resource_index/parent_prefix_path/fire_scout_gazebo\n'}
[0.055625] (fire_scout_gazebo) StdoutLine: {'line': b'-- Up-to-date: /home/wei/fire_scout_ws/install/fire_scout_gazebo/share/fire_scout_gazebo/environment/ament_prefix_path.sh\n'}
[0.055705] (fire_scout_gazebo) StdoutLine: {'line': b'-- Up-to-date: /home/wei/fire_scout_ws/install/fire_scout_gazebo/share/fire_scout_gazebo/environment/ament_prefix_path.dsv\n'}
[0.055777] (fire_scout_gazebo) StdoutLine: {'line': b'-- Up-to-date: /home/wei/fire_scout_ws/install/fire_scout_gazebo/share/fire_scout_gazebo/environment/path.sh\n'}
[0.056153] (fire_scout_gazebo) StdoutLine: {'line': b'-- Up-to-date: /home/wei/fire_scout_ws/install/fire_scout_gazebo/share/fire_scout_gazebo/environment/path.dsv\n'}
[0.056380] (fire_scout_gazebo) StdoutLine: {'line': b'-- Up-to-date: /home/wei/fire_scout_ws/install/fire_scout_gazebo/share/fire_scout_gazebo/local_setup.bash\n'}
[0.056948] (fire_scout_gazebo) StdoutLine: {'line': b'-- Up-to-date: /home/wei/fire_scout_ws/install/fire_scout_gazebo/share/fire_scout_gazebo/local_setup.sh\n'}
[0.057254] (fire_scout_gazebo) StdoutLine: {'line': b'-- Up-to-date: /home/wei/fire_scout_ws/install/fire_scout_gazebo/share/fire_scout_gazebo/local_setup.zsh\n'}
[0.057651] (fire_scout_gazebo) StdoutLine: {'line': b'-- Up-to-date: /home/wei/fire_scout_ws/install/fire_scout_gazebo/share/fire_scout_gazebo/local_setup.dsv\n'}
[0.057989] (fire_scout_gazebo) StdoutLine: {'line': b'-- Up-to-date: /home/wei/fire_scout_ws/install/fire_scout_gazebo/share/fire_scout_gazebo/package.dsv\n'}
[0.058046] (fire_scout_gazebo) StdoutLine: {'line': b'-- Up-to-date: /home/wei/fire_scout_ws/install/fire_scout_gazebo/share/ament_index/resource_index/packages/fire_scout_gazebo\n'}
[0.058089] (fire_scout_gazebo) StdoutLine: {'line': b'-- Up-to-date: /home/wei/fire_scout_ws/install/fire_scout_gazebo/share/fire_scout_gazebo/cmake/fire_scout_gazeboConfig.cmake\n'}
[0.058141] (fire_scout_gazebo) StdoutLine: {'line': b'-- Up-to-date: /home/wei/fire_scout_ws/install/fire_scout_gazebo/share/fire_scout_gazebo/cmake/fire_scout_gazeboConfig-version.cmake\n'}
[0.058218] (fire_scout_gazebo) StdoutLine: {'line': b'-- Up-to-date: /home/wei/fire_scout_ws/install/fire_scout_gazebo/share/fire_scout_gazebo/package.xml\n'}
[0.058269] (fire_scout_gazebo) CommandEnded: {'returncode': 0}
[0.071027] (fire_scout_gazebo) JobEnded: {'identifier': 'fire_scout_gazebo', 'rc': 0}
[0.099633] (-) TimerEvent: {}
[0.199869] (-) TimerEvent: {}
[0.300195] (-) TimerEvent: {}
[0.390187] (px4_msgs) StdoutLine: {'line': b'[  1%] Built target px4_msgs__rs\n'}
[0.400360] (-) TimerEvent: {}
[0.415717] (px4_msgs) StdoutLine: {'line': b'[  1%] Built target ament_cmake_python_copy_px4_msgs\n'}
[0.417171] (px4_msgs) StdoutLine: {'line': b'[  1%] Built target px4_msgs__cpp\n'}
[0.420248] (px4_msgs) StdoutLine: {'line': b'\x1b[35m\x1b[1mConsolidate compiler generated dependencies of target px4_msgs__rosidl_generator_c\x1b[0m\n'}
[0.469619] (px4_msgs) StdoutLine: {'line': b'\x1b[35m\x1b[1mConsolidate compiler generated dependencies of target px4_msgs__rosidl_typesupport_cpp\x1b[0m\n'}
[0.476876] (px4_msgs) StdoutLine: {'line': b'\x1b[35m\x1b[1mConsolidate compiler generated dependencies of target px4_msgs__rosidl_typesupport_introspection_cpp\x1b[0m\n'}
[0.482563] (px4_msgs) StdoutLine: {'line': b'\x1b[35m\x1b[1mConsolidate compiler generated dependencies of target px4_msgs__rosidl_typesupport_fastrtps_cpp\x1b[0m\n'}
[0.500521] (-) TimerEvent: {}
[0.504031] (px4_msgs) StdoutLine: {'line': b'[ 13%] Built target px4_msgs__rosidl_generator_c\n'}
[0.534601] (px4_msgs) StdoutLine: {'line': b'\x1b[35m\x1b[1mConsolidate compiler generated dependencies of target px4_msgs__rosidl_typesupport_c\x1b[0m\n'}
[0.552392] (px4_msgs) StdoutLine: {'line': b'\x1b[35m\x1b[1mConsolidate compiler generated dependencies of target px4_msgs__rosidl_typesupport_introspection_c\x1b[0m\n'}
[0.571216] (px4_msgs) StdoutLine: {'line': b'\x1b[35m\x1b[1mConsolidate compiler generated dependencies of target px4_msgs__rosidl_typesupport_fastrtps_c\x1b[0m\n'}
[0.573716] (px4_msgs) StdoutLine: {'line': b'[ 26%] Built target px4_msgs__rosidl_typesupport_c\n'}
[0.582407] (px4_msgs) StdoutLine: {'line': b'[ 38%] Built target px4_msgs__rosidl_typesupport_cpp\n'}
[0.591099] (px4_msgs) StdoutLine: {'line': b'running egg_info\n'}
[0.591518] (px4_msgs) StdoutLine: {'line': b'writing px4_msgs.egg-info/PKG-INFO\n'}
[0.591912] (px4_msgs) StdoutLine: {'line': b'writing dependency_links to px4_msgs.egg-info/dependency_links.txt\n'}
[0.592002] (px4_msgs) StdoutLine: {'line': b'writing top-level names to px4_msgs.egg-info/top_level.txt\n'}
[0.595102] (px4_msgs) StdoutLine: {'line': b"reading manifest file 'px4_msgs.egg-info/SOURCES.txt'\n"}
[0.596405] (px4_msgs) StdoutLine: {'line': b"writing manifest file 'px4_msgs.egg-info/SOURCES.txt'\n"}
[0.599582] (px4_msgs) StdoutLine: {'line': b'[ 50%] Built target px4_msgs__rosidl_typesupport_introspection_cpp\n'}
[0.600594] (-) TimerEvent: {}
[0.610175] (px4_msgs) StdoutLine: {'line': b'[ 62%] Built target px4_msgs__rosidl_typesupport_fastrtps_cpp\n'}
[0.616777] (px4_msgs) StdoutLine: {'line': b'[ 62%] Built target ament_cmake_python_build_px4_msgs_egg\n'}
[0.618361] (px4_msgs) StdoutLine: {'line': b'[ 75%] Built target px4_msgs__rosidl_typesupport_introspection_c\n'}
[0.682911] (px4_msgs) StdoutLine: {'line': b'[ 88%] Built target px4_msgs__rosidl_typesupport_fastrtps_c\n'}
[0.700692] (-) TimerEvent: {}
[0.709161] (px4_msgs) StdoutLine: {'line': b'[ 88%] Built target px4_msgs\n'}
[0.748238] (px4_msgs) StdoutLine: {'line': b'[ 88%] Built target px4_msgs__py\n'}
[0.800816] (-) TimerEvent: {}
[0.805474] (px4_msgs) StdoutLine: {'line': b'\x1b[35m\x1b[1mConsolidate compiler generated dependencies of target px4_msgs__rosidl_generator_py\x1b[0m\n'}
[0.900937] (-) TimerEvent: {}
[0.918223] (px4_msgs) StdoutLine: {'line': b'[100%] Built target px4_msgs__rosidl_generator_py\n'}
[0.928398] (px4_msgs) StdoutLine: {'line': b'\x1b[35m\x1b[1mConsolidate compiler generated dependencies of target px4_msgs__rosidl_typesupport_fastrtps_c__pyext\x1b[0m\n'}
[0.928734] (px4_msgs) StdoutLine: {'line': b'\x1b[35m\x1b[1mConsolidate compiler generated dependencies of target px4_msgs__rosidl_typesupport_introspection_c__pyext\x1b[0m\n'}
[0.928847] (px4_msgs) StdoutLine: {'line': b'\x1b[35m\x1b[1mConsolidate compiler generated dependencies of target px4_msgs__rosidl_typesupport_c__pyext\x1b[0m\n'}
[0.944355] (px4_msgs) StdoutLine: {'line': b'[100%] Built target px4_msgs__rosidl_typesupport_c__pyext\n'}
[0.944592] (px4_msgs) StdoutLine: {'line': b'[100%] Built target px4_msgs__rosidl_typesupport_fastrtps_c__pyext\n'}
[0.946129] (px4_msgs) StdoutLine: {'line': b'[100%] Built target px4_msgs__rosidl_typesupport_introspection_c__pyext\n'}
[0.956027] (px4_msgs) CommandEnded: {'returncode': 0}
[0.956592] (px4_msgs) JobProgress: {'identifier': 'px4_msgs', 'progress': 'install'}
[0.956910] (px4_msgs) Command: {'cmd': ['/usr/bin/cmake', '--install', '/home/wei/fire_scout_ws/build/px4_msgs'], 'cwd': '/home/wei/fire_scout_ws/build/px4_msgs', 'env': OrderedDict([('GJS_DEBUG_TOPICS', 'JS ERROR;JS LOG'), ('LESSOPEN', '| /usr/bin/lesspipe %s'), ('LANGUAGE', 'zh_CN:en'), ('USER', 'wei'), ('LC_TIME', 'en_US.UTF-8'), ('XDG_SESSION_TYPE', 'wayland'), ('SHLVL', '1'), ('LD_LIBRARY_PATH', '/opt/ros/humble/opt/rviz_ogre_vendor/lib:/opt/ros/humble/lib/x86_64-linux-gnu:/opt/ros/humble/lib'), ('HOME', '/home/wei'), ('OLDPWD', '/home/wei/fire_scout_ws'), ('DESKTOP_SESSION', 'ubuntu'), ('GIO_LAUNCHED_DESKTOP_FILE', '/usr/share/applications/terminator.desktop'), ('ROS_PYTHON_VERSION', '3'), ('GNOME_SHELL_SESSION_MODE', 'ubuntu'), ('GTK_MODULES', 'gail:atk-bridge'), ('LC_MONETARY', 'en_US.UTF-8'), ('MANAGERPID', '1353'), ('SYSTEMD_EXEC_PID', '1565'), ('DBUS_SESSION_BUS_ADDRESS', 'unix:path=/run/user/1000/bus'), ('COLORTERM', 'truecolor'), ('TERMINATOR_DBUS_NAME', 'net.tenshu.Terminator25ef4b219e3b005583550f2b0f9f990c3'), ('GIO_LAUNCHED_DESKTOP_FILE_PID', '751313'), ('IM_CONFIG_PHASE', '1'), ('WAYLAND_DISPLAY', 'wayland-0'), ('ROS_DISTRO', 'humble'), ('LOGNAME', 'wei'), ('JOURNAL_STREAM', '8:9374'), ('_', '/usr/bin/colcon'), ('ROS_VERSION', '2'), ('XDG_SESSION_CLASS', 'user'), ('USERNAME', 'wei'), ('TERM', 'xterm-256color'), ('GNOME_DESKTOP_SESSION_ID', 'this-is-deprecated'), ('ROS_LOCALHOST_ONLY', '0'), ('PATH', '/opt/ros/humble/bin:/home/wei/.local/bin:/usr/local/sbin:/usr/local/bin:/usr/sbin:/usr/bin:/sbin:/bin:/usr/games:/usr/local/games:/snap/bin:/snap/bin'), ('SESSION_MANAGER', 'local/wei:@/tmp/.ICE-unix/1528,unix/wei:/tmp/.ICE-unix/1528'), ('INVOCATION_ID', 'ed7428c5436e412e81e0d8a34a655579'), ('PAPERSIZE', 'letter'), ('XDG_MENU_PREFIX', 'gnome-'), ('LC_ADDRESS', 'en_US.UTF-8'), ('GNOME_SETUP_DISPLAY', ':1'), ('XDG_RUNTIME_DIR', '/run/user/1000'), ('DISPLAY', ':0'), ('TERMINATOR_DBUS_PATH', '/net/tenshu/Terminator2'), ('LANG', 'zh_CN.UTF-8'), ('XDG_CURRENT_DESKTOP', 'ubuntu:GNOME'), ('IBUS_DISABLE_SNOOPER', '1'), ('LC_TELEPHONE', 'en_US.UTF-8'), ('RMW_IMPLEMENTATION', 'rmw_cyclonedds_cpp'), ('XMODIFIERS', '@im=ibus'), ('XDG_SESSION_DESKTOP', 'ubuntu'), ('XAUTHORITY', '/run/user/1000/.mutter-Xwaylandauth.F875V3'), ('LS_COLORS', 'rs=0:di=01;34:ln=01;36:mh=00:pi=40;33:so=01;35:do=01;35:bd=40;33;01:cd=40;33;01:or=40;31;01:mi=00:su=37;41:sg=30;43:ca=30;41:tw=30;42:ow=34;42:st=37;44:ex=01;32:*.tar=01;31:*.tgz=01;31:*.arc=01;31:*.arj=01;31:*.taz=01;31:*.lha=01;31:*.lz4=01;31:*.lzh=01;31:*.lzma=01;31:*.tlz=01;31:*.txz=01;31:*.tzo=01;31:*.t7z=01;31:*.zip=01;31:*.z=01;31:*.dz=01;31:*.gz=01;31:*.lrz=01;31:*.lz=01;31:*.lzo=01;31:*.xz=01;31:*.zst=01;31:*.tzst=01;31:*.bz2=01;31:*.bz=01;31:*.tbz=01;31:*.tbz2=01;31:*.tz=01;31:*.deb=01;31:*.rpm=01;31:*.jar=01;31:*.war=01;31:*.ear=01;31:*.sar=01;31:*.rar=01;31:*.alz=01;31:*.ace=01;31:*.zoo=01;31:*.cpio=01;31:*.7z=01;31:*.rz=01;31:*.cab=01;31:*.wim=01;31:*.swm=01;31:*.dwm=01;31:*.esd=01;31:*.jpg=01;35:*.jpeg=01;35:*.mjpg=01;35:*.mjpeg=01;35:*.gif=01;35:*.bmp=01;35:*.pbm=01;35:*.pgm=01;35:*.ppm=01;35:*.tga=01;35:*.xbm=01;35:*.xpm=01;35:*.tif=01;35:*.tiff=01;35:*.png=01;35:*.svg=01;35:*.svgz=01;35:*.mng=01;35:*.pcx=01;35:*.mov=01;35:*.mpg=01;35:*.mpeg=01;35:*.m2v=01;35:*.mkv=01;35:*.webm=01;35:*.webp=01;35:*.ogm=01;35:*.mp4=01;35:*.m4v=01;35:*.mp4v=01;35:*.vob=01;35:*.qt=01;35:*.nuv=01;35:*.wmv=01;35:*.asf=01;35:*.rm=01;35:*.rmvb=01;35:*.flc=01;35:*.avi=01;35:*.fli=01;35:*.flv=01;35:*.gl=01;35:*.dl=01;35:*.xcf=01;35:*.xwd=01;35:*.yuv=01;35:*.cgm=01;35:*.emf=01;35:*.ogv=01;35:*.ogx=01;35:*.aac=00;36:*.au=00;36:*.flac=00;36:*.m4a=00;36:*.mid=00;36:*.midi=00;36:*.mka=00;36:*.mp3=00;36:*.mpc=00;36:*.ogg=00;36:*.ra=00;36:*.wav=00;36:*.oga=00;36:*.opus=00;36:*.spx=00;36:*.xspf=00;36:'), ('SSH_AGENT_LAUNCHER', 'gnome-keyring'), ('SSH_AUTH_SOCK', '/run/user/1000/keyring/ssh'), ('AMENT_PREFIX_PATH', '/opt/ros/humble'), ('SHELL', '/bin/bash'), ('LC_NAME', 'en_US.UTF-8'), ('TERMINATOR_UUID', 'urn:uuid:fca43956-d007-4aaf-9558-4a21fbf7314a'), ('QT_ACCESSIBILITY', '1'), ('GDMSESSION', 'ubuntu'), ('LESSCLOSE', '/usr/bin/lesspipe %s %s'), ('LC_MEASUREMENT', 'en_US.UTF-8'), ('GJS_DEBUG_OUTPUT', 'stderr'), ('LC_IDENTIFICATION', 'en_US.UTF-8'), ('GZ_VERSION', 'harmonic'), ('QT_IM_MODULE', 'ibus'), ('PWD', '/home/wei/fire_scout_ws/build/px4_msgs'), ('LC_ALL', 'en_US.UTF-8'), ('XDG_CONFIG_DIRS', '/etc/xdg/xdg-ubuntu:/etc/xdg'), ('XDG_DATA_DIRS', '/usr/share/ubuntu:/home/wei/.local/share/flatpak/exports/share:/var/lib/flatpak/exports/share:/usr/local/share/:/usr/share/:/var/lib/snapd/desktop'), ('PYTHONPATH', '/opt/ros/humble/lib/python3.10/site-packages:/opt/ros/humble/local/lib/python3.10/dist-packages'), ('LC_NUMERIC', 'en_US.UTF-8'), ('LC_PAPER', 'en_US.UTF-8'), ('COLCON', '1'), ('VTE_VERSION', '6800'), ('CMAKE_PREFIX_PATH', '/opt/ros/humble')]), 'shell': False}
[0.964649] (px4_msgs) StdoutLine: {'line': b'-- Install configuration: ""\n'}
[0.964880] (px4_msgs) StdoutLine: {'line': b'-- Up-to-date: /home/wei/fire_scout_ws/install/px4_msgs/share/ament_index/resource_index/rosidl_interfaces/px4_msgs\n'}
[0.965298] (px4_msgs) StdoutLine: {'line': b'-- Up-to-date: /home/wei/fire_scout_ws/install/px4_msgs/include/px4_msgs/px4_msgs\n'}
[0.965494] (px4_msgs) StdoutLine: {'line': b'-- Up-to-date: /home/wei/fire_scout_ws/install/px4_msgs/include/px4_msgs/px4_msgs/msg\n'}
[0.966076] (px4_msgs) StdoutLine: {'line': b'-- Up-to-date: /home/wei/fire_scout_ws/install/px4_msgs/include/px4_msgs/px4_msgs/msg/distance_sensor.h\n'}
[0.966229] (px4_msgs) StdoutLine: {'line': b'-- Up-to-date: /home/wei/fire_scout_ws/install/px4_msgs/include/px4_msgs/px4_msgs/msg/rtl_time_estimate.h\n'}
[0.966343] (px4_msgs) StdoutLine: {'line': b'-- Up-to-date: /home/wei/fire_scout_ws/install/px4_msgs/include/px4_msgs/px4_msgs/msg/distance_sensor_mode_change_request.h\n'}
[0.966470] (px4_msgs) StdoutLine: {'line': b'-- Up-to-date: /home/wei/fire_scout_ws/install/px4_msgs/include/px4_msgs/px4_msgs/msg/failsafe_flags.h\n'}
[0.966744] (px4_msgs) StdoutLine: {'line': b'-- Up-to-date: /home/wei/fire_scout_ws/install/px4_msgs/include/px4_msgs/px4_msgs/msg/rpm.h\n'}
[0.967092] (px4_msgs) StdoutLine: {'line': b'-- Up-to-date: /home/wei/fire_scout_ws/install/px4_msgs/include/px4_msgs/px4_msgs/msg/sensor_gyro_fft.h\n'}
[0.968062] (px4_msgs) StdoutLine: {'line': b'-- Up-to-date: /home/wei/fire_scout_ws/install/px4_msgs/include/px4_msgs/px4_msgs/msg/estimator_innovations.h\n'}
[0.968558] (px4_msgs) StdoutLine: {'line': b'-- Up-to-date: /home/wei/fire_scout_ws/install/px4_msgs/include/px4_msgs/px4_msgs/msg/rtl_status.h\n'}
[0.969071] (px4_msgs) StdoutLine: {'line': b'-- Up-to-date: /home/wei/fire_scout_ws/install/px4_msgs/include/px4_msgs/px4_msgs/msg/irlock_report.h\n'}
[0.969546] (px4_msgs) StdoutLine: {'line': b'-- Up-to-date: /home/wei/fire_scout_ws/install/px4_msgs/include/px4_msgs/px4_msgs/msg/ekf2_timestamps.h\n'}
[0.969921] (px4_msgs) StdoutLine: {'line': b'-- Up-to-date: /home/wei/fire_scout_ws/install/px4_msgs/include/px4_msgs/px4_msgs/msg/orbit_status.h\n'}
[0.970897] (px4_msgs) StdoutLine: {'line': b'-- Up-to-date: /home/wei/fire_scout_ws/install/px4_msgs/include/px4_msgs/px4_msgs/msg/gimbal_manager_status.h\n'}
[0.971096] (px4_msgs) StdoutLine: {'line': b'-- Up-to-date: /home/wei/fire_scout_ws/install/px4_msgs/include/px4_msgs/px4_msgs/msg/cellular_status.h\n'}
[0.971214] (px4_msgs) StdoutLine: {'line': b'-- Up-to-date: /home/wei/fire_scout_ws/install/px4_msgs/include/px4_msgs/px4_msgs/msg/vehicle_command_ack.h\n'}
[0.971388] (px4_msgs) StdoutLine: {'line': b'-- Up-to-date: /home/wei/fire_scout_ws/install/px4_msgs/include/px4_msgs/px4_msgs/msg/rover_position_setpoint.h\n'}
[0.971474] (px4_msgs) StdoutLine: {'line': b'-- Up-to-date: /home/wei/fire_scout_ws/install/px4_msgs/include/px4_msgs/px4_msgs/msg/system_power.h\n'}
[0.971536] (px4_msgs) StdoutLine: {'line': b'-- Up-to-date: /home/wei/fire_scout_ws/install/px4_msgs/include/px4_msgs/px4_msgs/msg/vehicle_global_position.h\n'}
[0.971667] (px4_msgs) StdoutLine: {'line': b'-- Up-to-date: /home/wei/fire_scout_ws/install/px4_msgs/include/px4_msgs/px4_msgs/msg/rover_attitude_setpoint.h\n'}
[0.971761] (px4_msgs) StdoutLine: {'line': b'-- Up-to-date: /home/wei/fire_scout_ws/install/px4_msgs/include/px4_msgs/px4_msgs/msg/fixed_wing_lateral_setpoint.h\n'}
[0.971851] (px4_msgs) StdoutLine: {'line': b'-- Up-to-date: /home/wei/fire_scout_ws/install/px4_msgs/include/px4_msgs/px4_msgs/msg/vehicle_constraints.h\n'}
[0.971949] (px4_msgs) StdoutLine: {'line': b'-- Up-to-date: /home/wei/fire_scout_ws/install/px4_msgs/include/px4_msgs/px4_msgs/msg/debug_vect.h\n'}
[0.972040] (px4_msgs) StdoutLine: {'line': b'-- Up-to-date: /home/wei/fire_scout_ws/install/px4_msgs/include/px4_msgs/px4_msgs/msg/gpio_in.h\n'}
[0.972132] (px4_msgs) StdoutLine: {'line': b'-- Up-to-date: /home/wei/fire_scout_ws/install/px4_msgs/include/px4_msgs/px4_msgs/msg/pwm_input.h\n'}
[0.972217] (px4_msgs) StdoutLine: {'line': b'-- Up-to-date: /home/wei/fire_scout_ws/install/px4_msgs/include/px4_msgs/px4_msgs/msg/sensor_gnss_status.h\n'}
[0.972360] (px4_msgs) StdoutLine: {'line': b'-- Up-to-date: /home/wei/fire_scout_ws/install/px4_msgs/include/px4_msgs/px4_msgs/msg/sensor_accel_fifo.h\n'}
[0.972472] (px4_msgs) StdoutLine: {'line': b'-- Up-to-date: /home/wei/fire_scout_ws/install/px4_msgs/include/px4_msgs/px4_msgs/msg/normalized_unsigned_setpoint.h\n'}
[0.972568] (px4_msgs) StdoutLine: {'line': b'-- Up-to-date: /home/wei/fire_scout_ws/install/px4_msgs/include/px4_msgs/px4_msgs/msg/open_drone_id_operator_id.h\n'}
[0.972662] (px4_msgs) StdoutLine: {'line': b'-- Up-to-date: /home/wei/fire_scout_ws/install/px4_msgs/include/px4_msgs/px4_msgs/msg/gps_inject_data.h\n'}
[0.972751] (px4_msgs) StdoutLine: {'line': b'-- Up-to-date: /home/wei/fire_scout_ws/install/px4_msgs/include/px4_msgs/px4_msgs/msg/navigator_status.h\n'}
[0.972844] (px4_msgs) StdoutLine: {'line': b'-- Up-to-date: /home/wei/fire_scout_ws/install/px4_msgs/include/px4_msgs/px4_msgs/msg/vehicle_acceleration.h\n'}
[0.972934] (px4_msgs) StdoutLine: {'line': b'-- Up-to-date: /home/wei/fire_scout_ws/install/px4_msgs/include/px4_msgs/px4_msgs/msg/parameter_set_value_request.h\n'}
[0.973022] (px4_msgs) StdoutLine: {'line': b'-- Up-to-date: /home/wei/fire_scout_ws/install/px4_msgs/include/px4_msgs/px4_msgs/msg/position_controller_status.h\n'}
[0.973113] (px4_msgs) StdoutLine: {'line': b'-- Up-to-date: /home/wei/fire_scout_ws/install/px4_msgs/include/px4_msgs/px4_msgs/msg/estimator_bias3d.h\n'}
[0.973207] (px4_msgs) StdoutLine: {'line': b'-- Up-to-date: /home/wei/fire_scout_ws/install/px4_msgs/include/px4_msgs/px4_msgs/msg/adc_report.h\n'}
[0.973300] (px4_msgs) StdoutLine: {'line': b'-- Up-to-date: /home/wei/fire_scout_ws/install/px4_msgs/include/px4_msgs/px4_msgs/msg/satellite_info.h\n'}
[0.973393] (px4_msgs) StdoutLine: {'line': b'-- Up-to-date: /home/wei/fire_scout_ws/install/px4_msgs/include/px4_msgs/px4_msgs/msg/wheel_encoders.h\n'}
[0.973481] (px4_msgs) StdoutLine: {'line': b'-- Up-to-date: /home/wei/fire_scout_ws/install/px4_msgs/include/px4_msgs/px4_msgs/msg/offboard_control_mode.h\n'}
[0.973541] (px4_msgs) StdoutLine: {'line': b'-- Up-to-date: /home/wei/fire_scout_ws/install/px4_msgs/include/px4_msgs/px4_msgs/msg/fixed_wing_longitudinal_setpoint.h\n'}
[0.973635] (px4_msgs) StdoutLine: {'line': b'-- Up-to-date: /home/wei/fire_scout_ws/install/px4_msgs/include/px4_msgs/px4_msgs/msg/internal_combustion_engine_control.h\n'}
[0.973706] (px4_msgs) StdoutLine: {'line': b'-- Up-to-date: /home/wei/fire_scout_ws/install/px4_msgs/include/px4_msgs/px4_msgs/msg/tiltrotor_extra_controls.h\n'}
[0.973772] (px4_msgs) StdoutLine: {'line': b'-- Up-to-date: /home/wei/fire_scout_ws/install/px4_msgs/include/px4_msgs/px4_msgs/msg/vehicle_magnetometer.h\n'}
[0.973838] (px4_msgs) StdoutLine: {'line': b'-- Up-to-date: /home/wei/fire_scout_ws/install/px4_msgs/include/px4_msgs/px4_msgs/msg/qshell_retval.h\n'}
[0.973899] (px4_msgs) StdoutLine: {'line': b'-- Up-to-date: /home/wei/fire_scout_ws/install/px4_msgs/include/px4_msgs/px4_msgs/msg/tune_control.h\n'}
[0.973979] (px4_msgs) StdoutLine: {'line': b'-- Up-to-date: /home/wei/fire_scout_ws/install/px4_msgs/include/px4_msgs/px4_msgs/msg/task_stack_info.h\n'}
[0.974034] (px4_msgs) StdoutLine: {'line': b'-- Up-to-date: /home/wei/fire_scout_ws/install/px4_msgs/include/px4_msgs/px4_msgs/msg/actuator_armed.h\n'}
[0.974090] (px4_msgs) StdoutLine: {'line': b'-- Up-to-date: /home/wei/fire_scout_ws/install/px4_msgs/include/px4_msgs/px4_msgs/msg/uavcan_parameter_value.h\n'}
[0.974150] (px4_msgs) StdoutLine: {'line': b'-- Up-to-date: /home/wei/fire_scout_ws/install/px4_msgs/include/px4_msgs/px4_msgs/msg/obstacle_distance.h\n'}
[0.974210] (px4_msgs) StdoutLine: {'line': b'-- Up-to-date: /home/wei/fire_scout_ws/install/px4_msgs/include/px4_msgs/px4_msgs/msg/vehicle_attitude.h\n'}
[0.974270] (px4_msgs) StdoutLine: {'line': b'-- Up-to-date: /home/wei/fire_scout_ws/install/px4_msgs/include/px4_msgs/px4_msgs/msg/input_rc.h\n'}
[0.974329] (px4_msgs) StdoutLine: {'line': b'-- Up-to-date: /home/wei/fire_scout_ws/install/px4_msgs/include/px4_msgs/px4_msgs/msg/button_event.h\n'}
[0.974393] (px4_msgs) StdoutLine: {'line': b'-- Up-to-date: /home/wei/fire_scout_ws/install/px4_msgs/include/px4_msgs/px4_msgs/msg/debug_value.h\n'}
[0.974454] (px4_msgs) StdoutLine: {'line': b'-- Up-to-date: /home/wei/fire_scout_ws/install/px4_msgs/include/px4_msgs/px4_msgs/msg/gimbal_device_attitude_status.h\n'}
[0.974571] (px4_msgs) StdoutLine: {'line': b'-- Up-to-date: /home/wei/fire_scout_ws/install/px4_msgs/include/px4_msgs/px4_msgs/msg/follow_target_status.h\n'}
[0.974623] (px4_msgs) StdoutLine: {'line': b'-- Up-to-date: /home/wei/fire_scout_ws/install/px4_msgs/include/px4_msgs/px4_msgs/msg/sensor_gps.h\n'}
[0.974859] (px4_msgs) StdoutLine: {'line': b'-- Up-to-date: /home/wei/fire_scout_ws/install/px4_msgs/include/px4_msgs/px4_msgs/msg/vehicle_air_data.h\n'}
[0.975037] (px4_msgs) StdoutLine: {'line': b'-- Up-to-date: /home/wei/fire_scout_ws/install/px4_msgs/include/px4_msgs/px4_msgs/msg/takeoff_status.h\n'}
[0.975123] (px4_msgs) StdoutLine: {'line': b'-- Up-to-date: /home/wei/fire_scout_ws/install/px4_msgs/include/px4_msgs/px4_msgs/msg/sensor_gyro.h\n'}
[0.975167] (px4_msgs) StdoutLine: {'line': b'-- Up-to-date: /home/wei/fire_scout_ws/install/px4_msgs/include/px4_msgs/px4_msgs/msg/esc_report.h\n'}
[0.975208] (px4_msgs) StdoutLine: {'line': b'-- Up-to-date: /home/wei/fire_scout_ws/install/px4_msgs/include/px4_msgs/px4_msgs/msg/landing_gear.h\n'}
[0.975258] (px4_msgs) StdoutLine: {'line': b'-- Up-to-date: /home/wei/fire_scout_ws/install/px4_msgs/include/px4_msgs/px4_msgs/msg/message_format_request.h\n'}
[0.975317] (px4_msgs) StdoutLine: {'line': b'-- Up-to-date: /home/wei/fire_scout_ws/install/px4_msgs/include/px4_msgs/px4_msgs/msg/orb_test_medium.h\n'}
[0.975379] (px4_msgs) StdoutLine: {'line': b'-- Up-to-date: /home/wei/fire_scout_ws/install/px4_msgs/include/px4_msgs/px4_msgs/msg/figure_eight_status.h\n'}
[0.975491] (px4_msgs) StdoutLine: {'line': b'-- Up-to-date: /home/wei/fire_scout_ws/install/px4_msgs/include/px4_msgs/px4_msgs/msg/mission_result.h\n'}
[0.975542] (px4_msgs) StdoutLine: {'line': b'-- Up-to-date: /home/wei/fire_scout_ws/install/px4_msgs/include/px4_msgs/px4_msgs/msg/fixed_wing_runway_control.h\n'}
[0.975628] (px4_msgs) StdoutLine: {'line': b'-- Up-to-date: /home/wei/fire_scout_ws/install/px4_msgs/include/px4_msgs/px4_msgs/msg/geofence_status.h\n'}
[0.975674] (px4_msgs) StdoutLine: {'line': b'-- Up-to-date: /home/wei/fire_scout_ws/install/px4_msgs/include/px4_msgs/px4_msgs/msg/actuator_servos.h\n'}
[0.975716] (px4_msgs) StdoutLine: {'line': b'-- Up-to-date: /home/wei/fire_scout_ws/install/px4_msgs/include/px4_msgs/px4_msgs/msg/trajectory_setpoint6dof.h\n'}
[0.975766] (px4_msgs) StdoutLine: {'line': b'-- Up-to-date: /home/wei/fire_scout_ws/install/px4_msgs/include/px4_msgs/px4_msgs/msg/gpio_request.h\n'}
[0.975805] (px4_msgs) StdoutLine: {'line': b'-- Up-to-date: /home/wei/fire_scout_ws/install/px4_msgs/include/px4_msgs/px4_msgs/msg/actuator_outputs.h\n'}
[0.975869] (px4_msgs) StdoutLine: {'line': b'-- Up-to-date: /home/wei/fire_scout_ws/install/px4_msgs/include/px4_msgs/px4_msgs/msg/logger_status.h\n'}
[0.975929] (px4_msgs) StdoutLine: {'line': b'-- Up-to-date: /home/wei/fire_scout_ws/install/px4_msgs/include/px4_msgs/px4_msgs/msg/debug_key_value.h\n'}
[0.975987] (px4_msgs) StdoutLine: {'line': b'-- Up-to-date: /home/wei/fire_scout_ws/install/px4_msgs/include/px4_msgs/px4_msgs/msg/vehicle_control_mode.h\n'}
[0.976059] (px4_msgs) StdoutLine: {'line': b'-- Up-to-date: /home/wei/fire_scout_ws/install/px4_msgs/include/px4_msgs/px4_msgs/msg/gps_dump.h\n'}
[0.976096] (px4_msgs) StdoutLine: {'line': b'-- Up-to-date: /home/wei/fire_scout_ws/install/px4_msgs/include/px4_msgs/px4_msgs/msg/position_setpoint.h\n'}
[0.976138] (px4_msgs) StdoutLine: {'line': b'-- Up-to-date: /home/wei/fire_scout_ws/install/px4_msgs/include/px4_msgs/px4_msgs/msg/landing_target_pose.h\n'}
[0.976178] (px4_msgs) StdoutLine: {'line': b'-- Up-to-date: /home/wei/fire_scout_ws/install/px4_msgs/include/px4_msgs/px4_msgs/msg/sensor_preflight_mag.h\n'}
[0.976232] (px4_msgs) StdoutLine: {'line': b'-- Up-to-date: /home/wei/fire_scout_ws/install/px4_msgs/include/px4_msgs/px4_msgs/msg/pps_capture.h\n'}
[0.976275] (px4_msgs) StdoutLine: {'line': b'-- Up-to-date: /home/wei/fire_scout_ws/install/px4_msgs/include/px4_msgs/px4_msgs/msg/rover_speed_setpoint.h\n'}
[0.976314] (px4_msgs) StdoutLine: {'line': b'-- Up-to-date: /home/wei/fire_scout_ws/install/px4_msgs/include/px4_msgs/px4_msgs/msg/rc_channels.h\n'}
[0.976358] (px4_msgs) StdoutLine: {'line': b'-- Up-to-date: /home/wei/fire_scout_ws/install/px4_msgs/include/px4_msgs/px4_msgs/msg/landing_gear_wheel.h\n'}
[0.976491] (px4_msgs) StdoutLine: {'line': b'-- Up-to-date: /home/wei/fire_scout_ws/install/px4_msgs/include/px4_msgs/px4_msgs/msg/vehicle_thrust_setpoint.h\n'}
[0.976568] (px4_msgs) StdoutLine: {'line': b'-- Up-to-date: /home/wei/fire_scout_ws/install/px4_msgs/include/px4_msgs/px4_msgs/msg/vehicle_angular_acceleration_setpoint.h\n'}
[0.976635] (px4_msgs) StdoutLine: {'line': b'-- Up-to-date: /home/wei/fire_scout_ws/install/px4_msgs/include/px4_msgs/px4_msgs/msg/autotune_attitude_control_status.h\n'}
[0.976688] (px4_msgs) StdoutLine: {'line': b'-- Up-to-date: /home/wei/fire_scout_ws/install/px4_msgs/include/px4_msgs/px4_msgs/msg/vehicle_odometry.h\n'}
[0.976723] (px4_msgs) StdoutLine: {'line': b'-- Up-to-date: /home/wei/fire_scout_ws/install/px4_msgs/include/px4_msgs/px4_msgs/msg/manual_control_switches.h\n'}
[0.976772] (px4_msgs) StdoutLine: {'line': b'-- Up-to-date: /home/wei/fire_scout_ws/install/px4_msgs/include/px4_msgs/px4_msgs/msg/estimator_states.h\n'}
[0.976807] (px4_msgs) StdoutLine: {'line': b'-- Up-to-date: /home/wei/fire_scout_ws/install/px4_msgs/include/px4_msgs/px4_msgs/msg/camera_trigger.h\n'}
[0.976880] (px4_msgs) StdoutLine: {'line': b'-- Up-to-date: /home/wei/fire_scout_ws/install/px4_msgs/include/px4_msgs/px4_msgs/msg/action_request.h\n'}
[0.976965] (px4_msgs) StdoutLine: {'line': b'-- Up-to-date: /home/wei/fire_scout_ws/install/px4_msgs/include/px4_msgs/px4_msgs/msg/trajectory_setpoint.h\n'}
[0.977001] (px4_msgs) StdoutLine: {'line': b'-- Up-to-date: /home/wei/fire_scout_ws/install/px4_msgs/include/px4_msgs/px4_msgs/msg/sensor_airflow.h\n'}
[0.977039] (px4_msgs) StdoutLine: {'line': b'-- Up-to-date: /home/wei/fire_scout_ws/install/px4_msgs/include/px4_msgs/px4_msgs/msg/can_interface_status.h\n'}
[0.977122] (px4_msgs) StdoutLine: {'line': b'-- Up-to-date: /home/wei/fire_scout_ws/install/px4_msgs/include/px4_msgs/px4_msgs/msg/estimator_bias.h\n'}
[0.977180] (px4_msgs) StdoutLine: {'line': b'-- Up-to-date: /home/wei/fire_scout_ws/install/px4_msgs/include/px4_msgs/px4_msgs/msg/estimator_aid_source1d.h\n'}
[0.977242] (px4_msgs) StdoutLine: {'line': b'-- Up-to-date: /home/wei/fire_scout_ws/install/px4_msgs/include/px4_msgs/px4_msgs/msg/airspeed_wind.h\n'}
[0.977305] (px4_msgs) StdoutLine: {'line': b'-- Up-to-date: /home/wei/fire_scout_ws/install/px4_msgs/include/px4_msgs/px4_msgs/msg/onboard_computer_status.h\n'}
[0.977350] (px4_msgs) StdoutLine: {'line': b'-- Up-to-date: /home/wei/fire_scout_ws/install/px4_msgs/include/px4_msgs/px4_msgs/msg/debug_array.h\n'}
[0.977428] (px4_msgs) StdoutLine: {'line': b'-- Up-to-date: /home/wei/fire_scout_ws/install/px4_msgs/include/px4_msgs/px4_msgs/msg/gpio_out.h\n'}
[0.977474] (px4_msgs) StdoutLine: {'line': b'-- Up-to-date: /home/wei/fire_scout_ws/install/px4_msgs/include/px4_msgs/px4_msgs/msg/sensor_baro.h\n'}
[0.977517] (px4_msgs) StdoutLine: {'line': b'-- Up-to-date: /home/wei/fire_scout_ws/install/px4_msgs/include/px4_msgs/px4_msgs/msg/generator_status.h\n'}
[0.977597] (px4_msgs) StdoutLine: {'line': b'-- Up-to-date: /home/wei/fire_scout_ws/install/px4_msgs/include/px4_msgs/px4_msgs/msg/vehicle_torque_setpoint.h\n'}
[0.977656] (px4_msgs) StdoutLine: {'line': b'-- Up-to-date: /home/wei/fire_scout_ws/install/px4_msgs/include/px4_msgs/px4_msgs/msg/control_allocator_status.h\n'}
[0.977709] (px4_msgs) StdoutLine: {'line': b'-- Up-to-date: /home/wei/fire_scout_ws/install/px4_msgs/include/px4_msgs/px4_msgs/msg/geofence_result.h\n'}
[0.977752] (px4_msgs) StdoutLine: {'line': b'-- Up-to-date: /home/wei/fire_scout_ws/install/px4_msgs/include/px4_msgs/px4_msgs/msg/rover_attitude_status.h\n'}
[0.977813] (px4_msgs) StdoutLine: {'line': b'-- Up-to-date: /home/wei/fire_scout_ws/install/px4_msgs/include/px4_msgs/px4_msgs/msg/dataman_request.h\n'}
[0.977847] (px4_msgs) StdoutLine: {'line': b'-- Up-to-date: /home/wei/fire_scout_ws/install/px4_msgs/include/px4_msgs/px4_msgs/msg/estimator_status_flags.h\n'}
[0.977890] (px4_msgs) StdoutLine: {'line': b'-- Up-to-date: /home/wei/fire_scout_ws/install/px4_msgs/include/px4_msgs/px4_msgs/msg/rc_parameter_map.h\n'}
[0.977925] (px4_msgs) StdoutLine: {'line': b'-- Up-to-date: /home/wei/fire_scout_ws/install/px4_msgs/include/px4_msgs/px4_msgs/msg/mavlink_log.h\n'}
[0.977976] (px4_msgs) StdoutLine: {'line': b'-- Up-to-date: /home/wei/fire_scout_ws/install/px4_msgs/include/px4_msgs/px4_msgs/msg/airspeed.h\n'}
[0.978012] (px4_msgs) StdoutLine: {'line': b'-- Up-to-date: /home/wei/fire_scout_ws/install/px4_msgs/include/px4_msgs/px4_msgs/msg/detail\n'}
[0.978065] (px4_msgs) StdoutLine: {'line': b'-- Up-to-date: /home/wei/fire_scout_ws/install/px4_msgs/include/px4_msgs/px4_msgs/msg/detail/battery_info__functions.h\n'}
[0.978102] (px4_msgs) StdoutLine: {'line': b'-- Up-to-date: /home/wei/fire_scout_ws/install/px4_msgs/include/px4_msgs/px4_msgs/msg/detail/gps_dump__struct.h\n'}
[0.978135] (px4_msgs) StdoutLine: {'line': b'-- Up-to-date: /home/wei/fire_scout_ws/install/px4_msgs/include/px4_msgs/px4_msgs/msg/detail/differential_pressure__functions.h\n'}
[0.978188] (px4_msgs) StdoutLine: {'line': b'-- Up-to-date: /home/wei/fire_scout_ws/install/px4_msgs/include/px4_msgs/px4_msgs/msg/detail/mode_completed__functions.h\n'}
[0.978247] (px4_msgs) StdoutLine: {'line': b'-- Up-to-date: /home/wei/fire_scout_ws/install/px4_msgs/include/px4_msgs/px4_msgs/msg/detail/actuator_motors__functions.c\n'}
[0.978313] (px4_msgs) StdoutLine: {'line': b'-- Up-to-date: /home/wei/fire_scout_ws/install/px4_msgs/include/px4_msgs/px4_msgs/msg/detail/navigator_status__struct.h\n'}
[0.978373] (px4_msgs) StdoutLine: {'line': b'-- Up-to-date: /home/wei/fire_scout_ws/install/px4_msgs/include/px4_msgs/px4_msgs/msg/detail/open_drone_id_arm_status__struct.h\n'}
[0.978461] (px4_msgs) StdoutLine: {'line': b'-- Up-to-date: /home/wei/fire_scout_ws/install/px4_msgs/include/px4_msgs/px4_msgs/msg/detail/mavlink_tunnel__struct.h\n'}
[0.978519] (px4_msgs) StdoutLine: {'line': b'-- Up-to-date: /home/wei/fire_scout_ws/install/px4_msgs/include/px4_msgs/px4_msgs/msg/detail/fixed_wing_lateral_setpoint__type_support.h\n'}
[0.978575] (px4_msgs) StdoutLine: {'line': b'-- Up-to-date: /home/wei/fire_scout_ws/install/px4_msgs/include/px4_msgs/px4_msgs/msg/detail/airspeed_validated__functions.c\n'}
[0.978613] (px4_msgs) StdoutLine: {'line': b'-- Up-to-date: /home/wei/fire_scout_ws/install/px4_msgs/include/px4_msgs/px4_msgs/msg/detail/failure_detector_status__functions.c\n'}
[0.978680] (px4_msgs) StdoutLine: {'line': b'-- Up-to-date: /home/wei/fire_scout_ws/install/px4_msgs/include/px4_msgs/px4_msgs/msg/detail/estimator_selector_status__functions.c\n'}
[0.978742] (px4_msgs) StdoutLine: {'line': b'-- Up-to-date: /home/wei/fire_scout_ws/install/px4_msgs/include/px4_msgs/px4_msgs/msg/detail/esc_report__functions.c\n'}
[0.978777] (px4_msgs) StdoutLine: {'line': b'-- Up-to-date: /home/wei/fire_scout_ws/install/px4_msgs/include/px4_msgs/px4_msgs/msg/detail/unregister_ext_component__functions.c\n'}
[0.978826] (px4_msgs) StdoutLine: {'line': b'-- Up-to-date: /home/wei/fire_scout_ws/install/px4_msgs/include/px4_msgs/px4_msgs/msg/detail/rc_channels__type_support.h\n'}
[0.978897] (px4_msgs) StdoutLine: {'line': b'-- Up-to-date: /home/wei/fire_scout_ws/install/px4_msgs/include/px4_msgs/px4_msgs/msg/detail/vehicle_command_ack__struct.h\n'}
[0.978960] (px4_msgs) StdoutLine: {'line': b'-- Up-to-date: /home/wei/fire_scout_ws/install/px4_msgs/include/px4_msgs/px4_msgs/msg/detail/parameter_update__functions.c\n'}
[0.978996] (px4_msgs) StdoutLine: {'line': b'-- Up-to-date: /home/wei/fire_scout_ws/install/px4_msgs/include/px4_msgs/px4_msgs/msg/detail/generator_status__functions.h\n'}
[0.979081] (px4_msgs) StdoutLine: {'line': b'-- Up-to-date: /home/wei/fire_scout_ws/install/px4_msgs/include/px4_msgs/px4_msgs/msg/detail/airspeed_wind__functions.c\n'}
[0.979136] (px4_msgs) StdoutLine: {'line': b'-- Up-to-date: /home/wei/fire_scout_ws/install/px4_msgs/include/px4_msgs/px4_msgs/msg/detail/manual_control_switches__type_support.h\n'}
[0.979195] (px4_msgs) StdoutLine: {'line': b'-- Up-to-date: /home/wei/fire_scout_ws/install/px4_msgs/include/px4_msgs/px4_msgs/msg/detail/vehicle_air_data__type_support.h\n'}
[0.979233] (px4_msgs) StdoutLine: {'line': b'-- Up-to-date: /home/wei/fire_scout_ws/install/px4_msgs/include/px4_msgs/px4_msgs/msg/detail/dataman_response__functions.c\n'}
[0.979272] (px4_msgs) StdoutLine: {'line': b'-- Up-to-date: /home/wei/fire_scout_ws/install/px4_msgs/include/px4_msgs/px4_msgs/msg/detail/transponder_report__struct.h\n'}
[0.979311] (px4_msgs) StdoutLine: {'line': b'-- Up-to-date: /home/wei/fire_scout_ws/install/px4_msgs/include/px4_msgs/px4_msgs/msg/detail/landing_target_innovations__functions.c\n'}
[0.979357] (px4_msgs) StdoutLine: {'line': b'-- Up-to-date: /home/wei/fire_scout_ws/install/px4_msgs/include/px4_msgs/px4_msgs/msg/detail/sensor_mag__type_support.h\n'}
[0.979398] (px4_msgs) StdoutLine: {'line': b'-- Up-to-date: /home/wei/fire_scout_ws/install/px4_msgs/include/px4_msgs/px4_msgs/msg/detail/estimator_bias3d__type_support.h\n'}
[0.979465] (px4_msgs) StdoutLine: {'line': b'-- Up-to-date: /home/wei/fire_scout_ws/install/px4_msgs/include/px4_msgs/px4_msgs/msg/detail/tecs_status__functions.h\n'}
[0.979503] (px4_msgs) StdoutLine: {'line': b'-- Up-to-date: /home/wei/fire_scout_ws/install/px4_msgs/include/px4_msgs/px4_msgs/msg/detail/gripper__functions.h\n'}
[0.979538] (px4_msgs) StdoutLine: {'line': b'-- Up-to-date: /home/wei/fire_scout_ws/install/px4_msgs/include/px4_msgs/px4_msgs/msg/detail/open_drone_id_system__struct.h\n'}
[0.979571] (px4_msgs) StdoutLine: {'line': b'-- Up-to-date: /home/wei/fire_scout_ws/install/px4_msgs/include/px4_msgs/px4_msgs/msg/detail/estimator_states__functions.h\n'}
[0.979613] (px4_msgs) StdoutLine: {'line': b'-- Up-to-date: /home/wei/fire_scout_ws/install/px4_msgs/include/px4_msgs/px4_msgs/msg/detail/sensor_correction__type_support.h\n'}
[0.979653] (px4_msgs) StdoutLine: {'line': b'-- Up-to-date: /home/wei/fire_scout_ws/install/px4_msgs/include/px4_msgs/px4_msgs/msg/detail/sensor_gyro__struct.h\n'}
[0.979684] (px4_msgs) StdoutLine: {'line': b'-- Up-to-date: /home/wei/fire_scout_ws/install/px4_msgs/include/px4_msgs/px4_msgs/msg/detail/telemetry_status__functions.c\n'}
[0.979729] (px4_msgs) StdoutLine: {'line': b'-- Up-to-date: /home/wei/fire_scout_ws/install/px4_msgs/include/px4_msgs/px4_msgs/msg/detail/sensor_gyro_fifo__struct.h\n'}
[0.979764] (px4_msgs) StdoutLine: {'line': b'-- Up-to-date: /home/wei/fire_scout_ws/install/px4_msgs/include/px4_msgs/px4_msgs/msg/detail/unregister_ext_component__functions.h\n'}
[0.979795] (px4_msgs) StdoutLine: {'line': b'-- Up-to-date: /home/wei/fire_scout_ws/install/px4_msgs/include/px4_msgs/px4_msgs/msg/detail/ulog_stream_ack__struct.h\n'}
[0.979829] (px4_msgs) StdoutLine: {'line': b'-- Up-to-date: /home/wei/fire_scout_ws/install/px4_msgs/include/px4_msgs/px4_msgs/msg/detail/sensor_correction__functions.c\n'}
[0.979871] (px4_msgs) StdoutLine: {'line': b'-- Up-to-date: /home/wei/fire_scout_ws/install/px4_msgs/include/px4_msgs/px4_msgs/msg/detail/sensors_status__type_support.h\n'}
[0.979903] (px4_msgs) StdoutLine: {'line': b'-- Up-to-date: /home/wei/fire_scout_ws/install/px4_msgs/include/px4_msgs/px4_msgs/msg/detail/orb_test_medium__functions.h\n'}
[0.979933] (px4_msgs) StdoutLine: {'line': b'-- Up-to-date: /home/wei/fire_scout_ws/install/px4_msgs/include/px4_msgs/px4_msgs/msg/detail/follow_target_estimator__type_support.h\n'}
[0.979965] (px4_msgs) StdoutLine: {'line': b'-- Up-to-date: /home/wei/fire_scout_ws/install/px4_msgs/include/px4_msgs/px4_msgs/msg/detail/landing_gear__type_support.h\n'}
[0.979995] (px4_msgs) StdoutLine: {'line': b'-- Up-to-date: /home/wei/fire_scout_ws/install/px4_msgs/include/px4_msgs/px4_msgs/msg/detail/sensor_gyro__functions.c\n'}
[0.980043] (px4_msgs) StdoutLine: {'line': b'-- Up-to-date: /home/wei/fire_scout_ws/install/px4_msgs/include/px4_msgs/px4_msgs/msg/detail/vehicle_local_position_setpoint__functions.c\n'}
[0.980078] (px4_msgs) StdoutLine: {'line': b'-- Up-to-date: /home/wei/fire_scout_ws/install/px4_msgs/include/px4_msgs/px4_msgs/msg/detail/button_event__struct.h\n'}
[0.980122] (px4_msgs) StdoutLine: {'line': b'-- Up-to-date: /home/wei/fire_scout_ws/install/px4_msgs/include/px4_msgs/px4_msgs/msg/detail/longitudinal_control_configuration__struct.h\n'}
[0.980153] (px4_msgs) StdoutLine: {'line': b'-- Up-to-date: /home/wei/fire_scout_ws/install/px4_msgs/include/px4_msgs/px4_msgs/msg/detail/wind__functions.h\n'}
[0.980185] (px4_msgs) StdoutLine: {'line': b'-- Up-to-date: /home/wei/fire_scout_ws/install/px4_msgs/include/px4_msgs/px4_msgs/msg/detail/iridiumsbd_status__type_support.h\n'}
[0.980219] (px4_msgs) StdoutLine: {'line': b'-- Up-to-date: /home/wei/fire_scout_ws/install/px4_msgs/include/px4_msgs/px4_msgs/msg/detail/sensor_optical_flow__struct.h\n'}
[0.980273] (px4_msgs) StdoutLine: {'line': b'-- Up-to-date: /home/wei/fire_scout_ws/install/px4_msgs/include/px4_msgs/px4_msgs/msg/detail/gpio_request__type_support.h\n'}
[0.980306] (px4_msgs) StdoutLine: {'line': b'-- Up-to-date: /home/wei/fire_scout_ws/install/px4_msgs/include/px4_msgs/px4_msgs/msg/detail/estimator_sensor_bias__functions.h\n'}
[0.980338] (px4_msgs) StdoutLine: {'line': b'-- Up-to-date: /home/wei/fire_scout_ws/install/px4_msgs/include/px4_msgs/px4_msgs/msg/detail/vehicle_imu__type_support.h\n'}
[0.980419] (px4_msgs) StdoutLine: {'line': b'-- Up-to-date: /home/wei/fire_scout_ws/install/px4_msgs/include/px4_msgs/px4_msgs/msg/detail/internal_combustion_engine_control__struct.h\n'}
[0.980492] (px4_msgs) StdoutLine: {'line': b'-- Up-to-date: /home/wei/fire_scout_ws/install/px4_msgs/include/px4_msgs/px4_msgs/msg/detail/vehicle_optical_flow_vel__struct.h\n'}
[0.980531] (px4_msgs) StdoutLine: {'line': b'-- Up-to-date: /home/wei/fire_scout_ws/install/px4_msgs/include/px4_msgs/px4_msgs/msg/detail/camera_status__functions.c\n'}
[0.980577] (px4_msgs) StdoutLine: {'line': b'-- Up-to-date: /home/wei/fire_scout_ws/install/px4_msgs/include/px4_msgs/px4_msgs/msg/detail/fuel_tank_status__functions.c\n'}
[0.980623] (px4_msgs) StdoutLine: {'line': b'-- Up-to-date: /home/wei/fire_scout_ws/install/px4_msgs/include/px4_msgs/px4_msgs/msg/detail/mavlink_tunnel__functions.c\n'}
[0.980688] (px4_msgs) StdoutLine: {'line': b'-- Up-to-date: /home/wei/fire_scout_ws/install/px4_msgs/include/px4_msgs/px4_msgs/msg/detail/mag_worker_data__functions.h\n'}
[0.980762] (px4_msgs) StdoutLine: {'line': b'-- Up-to-date: /home/wei/fire_scout_ws/install/px4_msgs/include/px4_msgs/px4_msgs/msg/detail/gpio_config__functions.c\n'}
[0.980802] (px4_msgs) StdoutLine: {'line': b'-- Up-to-date: /home/wei/fire_scout_ws/install/px4_msgs/include/px4_msgs/px4_msgs/msg/detail/gpio_out__functions.c\n'}
[0.980872] (px4_msgs) StdoutLine: {'line': b'-- Up-to-date: /home/wei/fire_scout_ws/install/px4_msgs/include/px4_msgs/px4_msgs/msg/detail/gimbal_manager_information__type_support.h\n'}
[0.980905] (px4_msgs) StdoutLine: {'line': b'-- Up-to-date: /home/wei/fire_scout_ws/install/px4_msgs/include/px4_msgs/px4_msgs/msg/detail/sensor_optical_flow__functions.c\n'}
[0.980948] (px4_msgs) StdoutLine: {'line': b'-- Up-to-date: /home/wei/fire_scout_ws/install/px4_msgs/include/px4_msgs/px4_msgs/msg/detail/ulog_stream_ack__type_support.h\n'}
[0.980984] (px4_msgs) StdoutLine: {'line': b'-- Up-to-date: /home/wei/fire_scout_ws/install/px4_msgs/include/px4_msgs/px4_msgs/msg/detail/heater_status__type_support.h\n'}
[0.981062] (px4_msgs) StdoutLine: {'line': b'-- Up-to-date: /home/wei/fire_scout_ws/install/px4_msgs/include/px4_msgs/px4_msgs/msg/detail/rc_channels__functions.c\n'}
[0.981118] (px4_msgs) StdoutLine: {'line': b'-- Up-to-date: /home/wei/fire_scout_ws/install/px4_msgs/include/px4_msgs/px4_msgs/msg/detail/wheel_encoders__functions.h\n'}
[0.981175] (px4_msgs) StdoutLine: {'line': b'-- Up-to-date: /home/wei/fire_scout_ws/install/px4_msgs/include/px4_msgs/px4_msgs/msg/detail/gimbal_manager_set_attitude__functions.c\n'}
[0.981232] (px4_msgs) StdoutLine: {'line': b'-- Up-to-date: /home/wei/fire_scout_ws/install/px4_msgs/include/px4_msgs/px4_msgs/msg/detail/position_setpoint_triplet__functions.h\n'}
[0.981269] (px4_msgs) StdoutLine: {'line': b'-- Up-to-date: /home/wei/fire_scout_ws/install/px4_msgs/include/px4_msgs/px4_msgs/msg/detail/sensor_gyro_fifo__functions.c\n'}
[0.981313] (px4_msgs) StdoutLine: {'line': b'-- Up-to-date: /home/wei/fire_scout_ws/install/px4_msgs/include/px4_msgs/px4_msgs/msg/detail/actuator_controls_status__struct.h\n'}
[0.981349] (px4_msgs) StdoutLine: {'line': b'-- Up-to-date: /home/wei/fire_scout_ws/install/px4_msgs/include/px4_msgs/px4_msgs/msg/detail/rtl_time_estimate__type_support.h\n'}
[0.981439] (px4_msgs) StdoutLine: {'line': b'-- Up-to-date: /home/wei/fire_scout_ws/install/px4_msgs/include/px4_msgs/px4_msgs/msg/detail/timesync_status__struct.h\n'}
[0.981516] (px4_msgs) StdoutLine: {'line': b'-- Up-to-date: /home/wei/fire_scout_ws/install/px4_msgs/include/px4_msgs/px4_msgs/msg/detail/vehicle_attitude__type_support.h\n'}
[0.981556] (px4_msgs) StdoutLine: {'line': b'-- Up-to-date: /home/wei/fire_scout_ws/install/px4_msgs/include/px4_msgs/px4_msgs/msg/detail/camera_capture__struct.h\n'}
[0.981606] (px4_msgs) StdoutLine: {'line': b'-- Up-to-date: /home/wei/fire_scout_ws/install/px4_msgs/include/px4_msgs/px4_msgs/msg/detail/open_drone_id_system__type_support.h\n'}
[0.981663] (px4_msgs) StdoutLine: {'line': b'-- Up-to-date: /home/wei/fire_scout_ws/install/px4_msgs/include/px4_msgs/px4_msgs/msg/detail/adc_report__functions.c\n'}
[0.981734] (px4_msgs) StdoutLine: {'line': b'-- Up-to-date: /home/wei/fire_scout_ws/install/px4_msgs/include/px4_msgs/px4_msgs/msg/detail/vehicle_constraints__type_support.h\n'}
[0.981795] (px4_msgs) StdoutLine: {'line': b'-- Up-to-date: /home/wei/fire_scout_ws/install/px4_msgs/include/px4_msgs/px4_msgs/msg/detail/airspeed_validated__struct.h\n'}
[0.981829] (px4_msgs) StdoutLine: {'line': b'-- Up-to-date: /home/wei/fire_scout_ws/install/px4_msgs/include/px4_msgs/px4_msgs/msg/detail/open_drone_id_operator_id__struct.h\n'}
[0.981875] (px4_msgs) StdoutLine: {'line': b'-- Up-to-date: /home/wei/fire_scout_ws/install/px4_msgs/include/px4_msgs/px4_msgs/msg/detail/position_controller_landing_status__type_support.h\n'}
[0.981927] (px4_msgs) StdoutLine: {'line': b'-- Up-to-date: /home/wei/fire_scout_ws/install/px4_msgs/include/px4_msgs/px4_msgs/msg/detail/rover_throttle_setpoint__functions.c\n'}
[0.981966] (px4_msgs) StdoutLine: {'line': b'-- Up-to-date: /home/wei/fire_scout_ws/install/px4_msgs/include/px4_msgs/px4_msgs/msg/detail/manual_control_setpoint__struct.h\n'}
[0.982004] (px4_msgs) StdoutLine: {'line': b'-- Up-to-date: /home/wei/fire_scout_ws/install/px4_msgs/include/px4_msgs/px4_msgs/msg/detail/qshell_retval__functions.c\n'}
[0.982057] (px4_msgs) StdoutLine: {'line': b'-- Up-to-date: /home/wei/fire_scout_ws/install/px4_msgs/include/px4_msgs/px4_msgs/msg/detail/led_control__type_support.h\n'}
[0.982135] (px4_msgs) StdoutLine: {'line': b'-- Up-to-date: /home/wei/fire_scout_ws/install/px4_msgs/include/px4_msgs/px4_msgs/msg/detail/sensor_airflow__struct.h\n'}
[0.982204] (px4_msgs) StdoutLine: {'line': b'-- Up-to-date: /home/wei/fire_scout_ws/install/px4_msgs/include/px4_msgs/px4_msgs/msg/detail/px4io_status__type_support.h\n'}
[0.982241] (px4_msgs) StdoutLine: {'line': b'-- Up-to-date: /home/wei/fire_scout_ws/install/px4_msgs/include/px4_msgs/px4_msgs/msg/detail/gimbal_manager_set_attitude__functions.h\n'}
[0.982286] (px4_msgs) StdoutLine: {'line': b'-- Up-to-date: /home/wei/fire_scout_ws/install/px4_msgs/include/px4_msgs/px4_msgs/msg/detail/sensor_baro__struct.h\n'}
[0.982325] (px4_msgs) StdoutLine: {'line': b'-- Up-to-date: /home/wei/fire_scout_ws/install/px4_msgs/include/px4_msgs/px4_msgs/msg/detail/qshell_req__functions.h\n'}
[0.982387] (px4_msgs) StdoutLine: {'line': b'-- Up-to-date: /home/wei/fire_scout_ws/install/px4_msgs/include/px4_msgs/px4_msgs/msg/detail/longitudinal_control_configuration__type_support.h\n'}
[0.982505] (px4_msgs) StdoutLine: {'line': b'-- Up-to-date: /home/wei/fire_scout_ws/install/px4_msgs/include/px4_msgs/px4_msgs/msg/detail/tune_control__type_support.h\n'}
[0.982583] (px4_msgs) StdoutLine: {'line': b'-- Up-to-date: /home/wei/fire_scout_ws/install/px4_msgs/include/px4_msgs/px4_msgs/msg/detail/estimator_states__functions.c\n'}
[0.982670] (px4_msgs) StdoutLine: {'line': b'-- Up-to-date: /home/wei/fire_scout_ws/install/px4_msgs/include/px4_msgs/px4_msgs/msg/detail/vehicle_roi__struct.h\n'}
[0.982711] (px4_msgs) StdoutLine: {'line': b'-- Up-to-date: /home/wei/fire_scout_ws/install/px4_msgs/include/px4_msgs/px4_msgs/msg/detail/home_position__functions.c\n'}
[0.982757] (px4_msgs) StdoutLine: {'line': b'-- Up-to-date: /home/wei/fire_scout_ws/install/px4_msgs/include/px4_msgs/px4_msgs/msg/detail/neural_control__functions.h\n'}
[0.982792] (px4_msgs) StdoutLine: {'line': b'-- Up-to-date: /home/wei/fire_scout_ws/install/px4_msgs/include/px4_msgs/px4_msgs/msg/detail/velocity_limits__type_support.h\n'}
[0.982862] (px4_msgs) StdoutLine: {'line': b'-- Up-to-date: /home/wei/fire_scout_ws/install/px4_msgs/include/px4_msgs/px4_msgs/msg/detail/gpio_request__functions.c\n'}
[0.982894] (px4_msgs) StdoutLine: {'line': b'-- Up-to-date: /home/wei/fire_scout_ws/install/px4_msgs/include/px4_msgs/px4_msgs/msg/detail/qshell_retval__struct.h\n'}
[0.982925] (px4_msgs) StdoutLine: {'line': b'-- Up-to-date: /home/wei/fire_scout_ws/install/px4_msgs/include/px4_msgs/px4_msgs/msg/detail/vehicle_angular_velocity__struct.h\n'}
[0.982957] (px4_msgs) StdoutLine: {'line': b'-- Up-to-date: /home/wei/fire_scout_ws/install/px4_msgs/include/px4_msgs/px4_msgs/msg/detail/camera_status__type_support.h\n'}
[0.983001] (px4_msgs) StdoutLine: {'line': b'-- Up-to-date: /home/wei/fire_scout_ws/install/px4_msgs/include/px4_msgs/px4_msgs/msg/detail/vehicle_status__functions.h\n'}
[0.983031] (px4_msgs) StdoutLine: {'line': b'-- Up-to-date: /home/wei/fire_scout_ws/install/px4_msgs/include/px4_msgs/px4_msgs/msg/detail/radio_status__functions.c\n'}
[0.983060] (px4_msgs) StdoutLine: {'line': b'-- Up-to-date: /home/wei/fire_scout_ws/install/px4_msgs/include/px4_msgs/px4_msgs/msg/detail/neural_control__type_support.h\n'}
[0.983092] (px4_msgs) StdoutLine: {'line': b'-- Up-to-date: /home/wei/fire_scout_ws/install/px4_msgs/include/px4_msgs/px4_msgs/msg/detail/cpuload__struct.h\n'}
[0.983137] (px4_msgs) StdoutLine: {'line': b'-- Up-to-date: /home/wei/fire_scout_ws/install/px4_msgs/include/px4_msgs/px4_msgs/msg/detail/follow_target__functions.c\n'}
[0.983168] (px4_msgs) StdoutLine: {'line': b'-- Up-to-date: /home/wei/fire_scout_ws/install/px4_msgs/include/px4_msgs/px4_msgs/msg/detail/power_button_state__type_support.h\n'}
[0.983198] (px4_msgs) StdoutLine: {'line': b'-- Up-to-date: /home/wei/fire_scout_ws/install/px4_msgs/include/px4_msgs/px4_msgs/msg/detail/actuator_armed__type_support.h\n'}
[0.983239] (px4_msgs) StdoutLine: {'line': b'-- Up-to-date: /home/wei/fire_scout_ws/install/px4_msgs/include/px4_msgs/px4_msgs/msg/detail/follow_target_estimator__functions.c\n'}
[0.983292] (px4_msgs) StdoutLine: {'line': b'-- Up-to-date: /home/wei/fire_scout_ws/install/px4_msgs/include/px4_msgs/px4_msgs/msg/detail/arming_check_reply__functions.h\n'}
[0.983326] (px4_msgs) StdoutLine: {'line': b'-- Up-to-date: /home/wei/fire_scout_ws/install/px4_msgs/include/px4_msgs/px4_msgs/msg/detail/ulog_stream__struct.h\n'}
[0.983370] (px4_msgs) StdoutLine: {'line': b'-- Up-to-date: /home/wei/fire_scout_ws/install/px4_msgs/include/px4_msgs/px4_msgs/msg/detail/rover_speed_status__type_support.h\n'}
[0.983465] (px4_msgs) StdoutLine: {'line': b'-- Up-to-date: /home/wei/fire_scout_ws/install/px4_msgs/include/px4_msgs/px4_msgs/msg/detail/gimbal_device_set_attitude__functions.c\n'}
[0.983529] (px4_msgs) StdoutLine: {'line': b'-- Up-to-date: /home/wei/fire_scout_ws/install/px4_msgs/include/px4_msgs/px4_msgs/msg/detail/offboard_control_mode__functions.c\n'}
[0.983571] (px4_msgs) StdoutLine: {'line': b'-- Up-to-date: /home/wei/fire_scout_ws/install/px4_msgs/include/px4_msgs/px4_msgs/msg/detail/open_drone_id_self_id__functions.h\n'}
[0.983620] (px4_msgs) StdoutLine: {'line': b'-- Up-to-date: /home/wei/fire_scout_ws/install/px4_msgs/include/px4_msgs/px4_msgs/msg/detail/position_controller_status__functions.c\n'}
[0.983696] (px4_msgs) StdoutLine: {'line': b'-- Up-to-date: /home/wei/fire_scout_ws/install/px4_msgs/include/px4_msgs/px4_msgs/msg/detail/debug_vect__functions.c\n'}
[0.983746] (px4_msgs) StdoutLine: {'line': b'-- Up-to-date: /home/wei/fire_scout_ws/install/px4_msgs/include/px4_msgs/px4_msgs/msg/detail/mavlink_log__functions.h\n'}
[0.983783] (px4_msgs) StdoutLine: {'line': b'-- Up-to-date: /home/wei/fire_scout_ws/install/px4_msgs/include/px4_msgs/px4_msgs/msg/detail/esc_report__functions.h\n'}
[0.983856] (px4_msgs) StdoutLine: {'line': b'-- Up-to-date: /home/wei/fire_scout_ws/install/px4_msgs/include/px4_msgs/px4_msgs/msg/detail/navigator_mission_item__type_support.h\n'}
[0.983891] (px4_msgs) StdoutLine: {'line': b'-- Up-to-date: /home/wei/fire_scout_ws/install/px4_msgs/include/px4_msgs/px4_msgs/msg/detail/vehicle_roi__type_support.h\n'}
[0.983926] (px4_msgs) StdoutLine: {'line': b'-- Up-to-date: /home/wei/fire_scout_ws/install/px4_msgs/include/px4_msgs/px4_msgs/msg/detail/sensor_baro__type_support.h\n'}
[0.983960] (px4_msgs) StdoutLine: {'line': b'-- Up-to-date: /home/wei/fire_scout_ws/install/px4_msgs/include/px4_msgs/px4_msgs/msg/detail/obstacle_distance__type_support.h\n'}
[0.984003] (px4_msgs) StdoutLine: {'line': b'-- Up-to-date: /home/wei/fire_scout_ws/install/px4_msgs/include/px4_msgs/px4_msgs/msg/detail/health_report__functions.c\n'}
[0.984038] (px4_msgs) StdoutLine: {'line': b'-- Up-to-date: /home/wei/fire_scout_ws/install/px4_msgs/include/px4_msgs/px4_msgs/msg/detail/open_drone_id_arm_status__functions.h\n'}
[0.984101] (px4_msgs) StdoutLine: {'line': b'-- Up-to-date: /home/wei/fire_scout_ws/install/px4_msgs/include/px4_msgs/px4_msgs/msg/detail/vehicle_command_ack__functions.h\n'}
[0.984136] (px4_msgs) StdoutLine: {'line': b'-- Up-to-date: /home/wei/fire_scout_ws/install/px4_msgs/include/px4_msgs/px4_msgs/msg/detail/task_stack_info__functions.c\n'}
[0.984192] (px4_msgs) StdoutLine: {'line': b'-- Up-to-date: /home/wei/fire_scout_ws/install/px4_msgs/include/px4_msgs/px4_msgs/msg/detail/sensor_selection__functions.h\n'}
[0.984266] (px4_msgs) StdoutLine: {'line': b'-- Up-to-date: /home/wei/fire_scout_ws/install/px4_msgs/include/px4_msgs/px4_msgs/msg/detail/collision_constraints__functions.c\n'}
[0.984331] (px4_msgs) StdoutLine: {'line': b'-- Up-to-date: /home/wei/fire_scout_ws/install/px4_msgs/include/px4_msgs/px4_msgs/msg/detail/rpm__type_support.h\n'}
[0.984387] (px4_msgs) StdoutLine: {'line': b'-- Up-to-date: /home/wei/fire_scout_ws/install/px4_msgs/include/px4_msgs/px4_msgs/msg/detail/dronecan_node_status__functions.h\n'}
[0.984457] (px4_msgs) StdoutLine: {'line': b'-- Up-to-date: /home/wei/fire_scout_ws/install/px4_msgs/include/px4_msgs/px4_msgs/msg/detail/landing_gear__functions.h\n'}
[0.984521] (px4_msgs) StdoutLine: {'line': b'-- Up-to-date: /home/wei/fire_scout_ws/install/px4_msgs/include/px4_msgs/px4_msgs/msg/detail/vehicle_angular_acceleration_setpoint__struct.h\n'}
[0.984558] (px4_msgs) StdoutLine: {'line': b'-- Up-to-date: /home/wei/fire_scout_ws/install/px4_msgs/include/px4_msgs/px4_msgs/msg/detail/gpio_config__functions.h\n'}
[0.984595] (px4_msgs) StdoutLine: {'line': b'-- Up-to-date: /home/wei/fire_scout_ws/install/px4_msgs/include/px4_msgs/px4_msgs/msg/detail/battery_status__functions.h\n'}
[0.984647] (px4_msgs) StdoutLine: {'line': b'-- Up-to-date: /home/wei/fire_scout_ws/install/px4_msgs/include/px4_msgs/px4_msgs/msg/detail/control_allocator_status__struct.h\n'}
[0.984683] (px4_msgs) StdoutLine: {'line': b'-- Up-to-date: /home/wei/fire_scout_ws/install/px4_msgs/include/px4_msgs/px4_msgs/msg/detail/distance_sensor__struct.h\n'}
[0.984719] (px4_msgs) StdoutLine: {'line': b'-- Up-to-date: /home/wei/fire_scout_ws/install/px4_msgs/include/px4_msgs/px4_msgs/msg/detail/radio_status__struct.h\n'}
[0.984752] (px4_msgs) StdoutLine: {'line': b'-- Up-to-date: /home/wei/fire_scout_ws/install/px4_msgs/include/px4_msgs/px4_msgs/msg/detail/fixed_wing_longitudinal_setpoint__type_support.h\n'}
[0.984785] (px4_msgs) StdoutLine: {'line': b'-- Up-to-date: /home/wei/fire_scout_ws/install/px4_msgs/include/px4_msgs/px4_msgs/msg/detail/fixed_wing_longitudinal_setpoint__functions.h\n'}
[0.984820] (px4_msgs) StdoutLine: {'line': b'-- Up-to-date: /home/wei/fire_scout_ws/install/px4_msgs/include/px4_msgs/px4_msgs/msg/detail/debug_value__type_support.h\n'}
[0.984856] (px4_msgs) StdoutLine: {'line': b'-- Up-to-date: /home/wei/fire_scout_ws/install/px4_msgs/include/px4_msgs/px4_msgs/msg/detail/sensor_optical_flow__functions.h\n'}
[0.984901] (px4_msgs) StdoutLine: {'line': b'-- Up-to-date: /home/wei/fire_scout_ws/install/px4_msgs/include/px4_msgs/px4_msgs/msg/detail/message_format_request__type_support.h\n'}
[0.984938] (px4_msgs) StdoutLine: {'line': b'-- Up-to-date: /home/wei/fire_scout_ws/install/px4_msgs/include/px4_msgs/px4_msgs/msg/detail/sensors_status_imu__functions.c\n'}
[0.984974] (px4_msgs) StdoutLine: {'line': b'-- Up-to-date: /home/wei/fire_scout_ws/install/px4_msgs/include/px4_msgs/px4_msgs/msg/detail/config_overrides__struct.h\n'}
[0.985006] (px4_msgs) StdoutLine: {'line': b'-- Up-to-date: /home/wei/fire_scout_ws/install/px4_msgs/include/px4_msgs/px4_msgs/msg/detail/register_ext_component_request__functions.h\n'}
[0.985055] (px4_msgs) StdoutLine: {'line': b'-- Up-to-date: /home/wei/fire_scout_ws/install/px4_msgs/include/px4_msgs/px4_msgs/msg/detail/vehicle_control_mode__struct.h\n'}
[0.985119] (px4_msgs) StdoutLine: {'line': b'-- Up-to-date: /home/wei/fire_scout_ws/install/px4_msgs/include/px4_msgs/px4_msgs/msg/detail/navigator_status__type_support.h\n'}
[0.985154] (px4_msgs) StdoutLine: {'line': b'-- Up-to-date: /home/wei/fire_scout_ws/install/px4_msgs/include/px4_msgs/px4_msgs/msg/detail/actuator_outputs__functions.c\n'}
[0.985208] (px4_msgs) StdoutLine: {'line': b'-- Up-to-date: /home/wei/fire_scout_ws/install/px4_msgs/include/px4_msgs/px4_msgs/msg/detail/magnetometer_bias_estimate__struct.h\n'}
[0.985280] (px4_msgs) StdoutLine: {'line': b'-- Up-to-date: /home/wei/fire_scout_ws/install/px4_msgs/include/px4_msgs/px4_msgs/msg/detail/position_setpoint_triplet__type_support.h\n'}
[0.985355] (px4_msgs) StdoutLine: {'line': b'-- Up-to-date: /home/wei/fire_scout_ws/install/px4_msgs/include/px4_msgs/px4_msgs/msg/detail/debug_array__functions.c\n'}
[0.985417] (px4_msgs) StdoutLine: {'line': b'-- Up-to-date: /home/wei/fire_scout_ws/install/px4_msgs/include/px4_msgs/px4_msgs/msg/detail/vehicle_global_position__functions.c\n'}
[0.985488] (px4_msgs) StdoutLine: {'line': b'-- Up-to-date: /home/wei/fire_scout_ws/install/px4_msgs/include/px4_msgs/px4_msgs/msg/detail/mount_orientation__functions.h\n'}
[0.985527] (px4_msgs) StdoutLine: {'line': b'-- Up-to-date: /home/wei/fire_scout_ws/install/px4_msgs/include/px4_msgs/px4_msgs/msg/detail/estimator_aid_source3d__struct.h\n'}
[0.985579] (px4_msgs) StdoutLine: {'line': b'-- Up-to-date: /home/wei/fire_scout_ws/install/px4_msgs/include/px4_msgs/px4_msgs/msg/detail/vehicle_torque_setpoint__functions.c\n'}
[0.985680] (px4_msgs) StdoutLine: {'line': b'-- Up-to-date: /home/wei/fire_scout_ws/install/px4_msgs/include/px4_msgs/px4_msgs/msg/detail/rover_attitude_status__struct.h\n'}
[0.985721] (px4_msgs) StdoutLine: {'line': b'-- Up-to-date: /home/wei/fire_scout_ws/install/px4_msgs/include/px4_msgs/px4_msgs/msg/detail/radio_status__type_support.h\n'}
[0.985797] (px4_msgs) StdoutLine: {'line': b'-- Up-to-date: /home/wei/fire_scout_ws/install/px4_msgs/include/px4_msgs/px4_msgs/msg/detail/uavcan_parameter_request__struct.h\n'}
[0.985841] (px4_msgs) StdoutLine: {'line': b'-- Up-to-date: /home/wei/fire_scout_ws/install/px4_msgs/include/px4_msgs/px4_msgs/msg/detail/debug_value__struct.h\n'}
[0.985881] (px4_msgs) StdoutLine: {'line': b'-- Up-to-date: /home/wei/fire_scout_ws/install/px4_msgs/include/px4_msgs/px4_msgs/msg/detail/figure_eight_status__functions.h\n'}
[0.985964] (px4_msgs) StdoutLine: {'line': b'-- Up-to-date: /home/wei/fire_scout_ws/install/px4_msgs/include/px4_msgs/px4_msgs/msg/detail/gimbal_device_information__struct.h\n'}
[0.986005] (px4_msgs) StdoutLine: {'line': b'-- Up-to-date: /home/wei/fire_scout_ws/install/px4_msgs/include/px4_msgs/px4_msgs/msg/detail/rover_position_setpoint__functions.c\n'}
[0.986053] (px4_msgs) StdoutLine: {'line': b'-- Up-to-date: /home/wei/fire_scout_ws/install/px4_msgs/include/px4_msgs/px4_msgs/msg/detail/neural_control__struct.h\n'}
[0.986093] (px4_msgs) StdoutLine: {'line': b'-- Up-to-date: /home/wei/fire_scout_ws/install/px4_msgs/include/px4_msgs/px4_msgs/msg/detail/transponder_report__functions.h\n'}
[0.986153] (px4_msgs) StdoutLine: {'line': b'-- Up-to-date: /home/wei/fire_scout_ws/install/px4_msgs/include/px4_msgs/px4_msgs/msg/detail/actuator_controls_status__type_support.h\n'}
[0.986195] (px4_msgs) StdoutLine: {'line': b'-- Up-to-date: /home/wei/fire_scout_ws/install/px4_msgs/include/px4_msgs/px4_msgs/msg/detail/led_control__functions.h\n'}
[0.986236] (px4_msgs) StdoutLine: {'line': b'-- Up-to-date: /home/wei/fire_scout_ws/install/px4_msgs/include/px4_msgs/px4_msgs/msg/detail/generator_status__type_support.h\n'}
[0.986280] (px4_msgs) StdoutLine: {'line': b'-- Up-to-date: /home/wei/fire_scout_ws/install/px4_msgs/include/px4_msgs/px4_msgs/msg/detail/log_message__struct.h\n'}
[0.986393] (px4_msgs) StdoutLine: {'line': b'-- Up-to-date: /home/wei/fire_scout_ws/install/px4_msgs/include/px4_msgs/px4_msgs/msg/detail/follow_target__functions.h\n'}
[0.986480] (px4_msgs) StdoutLine: {'line': b'-- Up-to-date: /home/wei/fire_scout_ws/install/px4_msgs/include/px4_msgs/px4_msgs/msg/detail/config_overrides__type_support.h\n'}
[0.986529] (px4_msgs) StdoutLine: {'line': b'-- Up-to-date: /home/wei/fire_scout_ws/install/px4_msgs/include/px4_msgs/px4_msgs/msg/detail/ulog_stream__type_support.h\n'}
[0.986605] (px4_msgs) StdoutLine: {'line': b'-- Up-to-date: /home/wei/fire_scout_ws/install/px4_msgs/include/px4_msgs/px4_msgs/msg/detail/actuator_armed__struct.h\n'}
[0.986647] (px4_msgs) StdoutLine: {'line': b'-- Up-to-date: /home/wei/fire_scout_ws/install/px4_msgs/include/px4_msgs/px4_msgs/msg/detail/follow_target_status__functions.h\n'}
[0.986690] (px4_msgs) StdoutLine: {'line': b'-- Up-to-date: /home/wei/fire_scout_ws/install/px4_msgs/include/px4_msgs/px4_msgs/msg/detail/vehicle_attitude_setpoint__functions.h\n'}
[0.986741] (px4_msgs) StdoutLine: {'line': b'-- Up-to-date: /home/wei/fire_scout_ws/install/px4_msgs/include/px4_msgs/px4_msgs/msg/detail/irlock_report__type_support.h\n'}
[0.986784] (px4_msgs) StdoutLine: {'line': b'-- Up-to-date: /home/wei/fire_scout_ws/install/px4_msgs/include/px4_msgs/px4_msgs/msg/detail/sensor_gnss_status__functions.c\n'}
[0.986858] (px4_msgs) StdoutLine: {'line': b'-- Up-to-date: /home/wei/fire_scout_ws/install/px4_msgs/include/px4_msgs/px4_msgs/msg/detail/rover_speed_status__functions.h\n'}
[0.986926] (px4_msgs) StdoutLine: {'line': b'-- Up-to-date: /home/wei/fire_scout_ws/install/px4_msgs/include/px4_msgs/px4_msgs/msg/detail/goto_setpoint__functions.c\n'}
[0.986997] (px4_msgs) StdoutLine: {'line': b'-- Up-to-date: /home/wei/fire_scout_ws/install/px4_msgs/include/px4_msgs/px4_msgs/msg/detail/takeoff_status__type_support.h\n'}
[0.987038] (px4_msgs) StdoutLine: {'line': b'-- Up-to-date: /home/wei/fire_scout_ws/install/px4_msgs/include/px4_msgs/px4_msgs/msg/detail/vehicle_status__struct.h\n'}
[0.987087] (px4_msgs) StdoutLine: {'line': b'-- Up-to-date: /home/wei/fire_scout_ws/install/px4_msgs/include/px4_msgs/px4_msgs/msg/detail/estimator_status__type_support.h\n'}
[0.987128] (px4_msgs) StdoutLine: {'line': b'-- Up-to-date: /home/wei/fire_scout_ws/install/px4_msgs/include/px4_msgs/px4_msgs/msg/detail/fixed_wing_longitudinal_setpoint__struct.h\n'}
[0.987165] (px4_msgs) StdoutLine: {'line': b'-- Up-to-date: /home/wei/fire_scout_ws/install/px4_msgs/include/px4_msgs/px4_msgs/msg/detail/sensor_gps__functions.c\n'}
[0.987267] (px4_msgs) StdoutLine: {'line': b'-- Up-to-date: /home/wei/fire_scout_ws/install/px4_msgs/include/px4_msgs/px4_msgs/msg/detail/orbit_status__type_support.h\n'}
[0.987333] (px4_msgs) StdoutLine: {'line': b'-- Up-to-date: /home/wei/fire_scout_ws/install/px4_msgs/include/px4_msgs/px4_msgs/msg/detail/gpio_request__functions.h\n'}
[0.987375] (px4_msgs) StdoutLine: {'line': b'-- Up-to-date: /home/wei/fire_scout_ws/install/px4_msgs/include/px4_msgs/px4_msgs/msg/detail/sensor_gyro_fifo__type_support.h\n'}
[0.987479] (px4_msgs) StdoutLine: {'line': b'-- Up-to-date: /home/wei/fire_scout_ws/install/px4_msgs/include/px4_msgs/px4_msgs/msg/detail/distance_sensor__type_support.h\n'}
[0.987518] (px4_msgs) StdoutLine: {'line': b'-- Up-to-date: /home/wei/fire_scout_ws/install/px4_msgs/include/px4_msgs/px4_msgs/msg/detail/geofence_result__struct.h\n'}
[0.987572] (px4_msgs) StdoutLine: {'line': b'-- Up-to-date: /home/wei/fire_scout_ws/install/px4_msgs/include/px4_msgs/px4_msgs/msg/detail/message_format_request__functions.h\n'}
[0.987656] (px4_msgs) StdoutLine: {'line': b'-- Up-to-date: /home/wei/fire_scout_ws/install/px4_msgs/include/px4_msgs/px4_msgs/msg/detail/actuator_servos_trim__functions.h\n'}
[0.987698] (px4_msgs) StdoutLine: {'line': b'-- Up-to-date: /home/wei/fire_scout_ws/install/px4_msgs/include/px4_msgs/px4_msgs/msg/detail/gimbal_manager_set_manual_control__struct.h\n'}
[0.987813] (px4_msgs) StdoutLine: {'line': b'-- Up-to-date: /home/wei/fire_scout_ws/install/px4_msgs/include/px4_msgs/px4_msgs/msg/detail/open_drone_id_operator_id__functions.h\n'}
[0.987892] (px4_msgs) StdoutLine: {'line': b'-- Up-to-date: /home/wei/fire_scout_ws/install/px4_msgs/include/px4_msgs/px4_msgs/msg/detail/sensor_gnss_relative__functions.h\n'}
[0.987929] (px4_msgs) StdoutLine: {'line': b'-- Up-to-date: /home/wei/fire_scout_ws/install/px4_msgs/include/px4_msgs/px4_msgs/msg/detail/vehicle_local_position__type_support.h\n'}
[0.987972] (px4_msgs) StdoutLine: {'line': b'-- Up-to-date: /home/wei/fire_scout_ws/install/px4_msgs/include/px4_msgs/px4_msgs/msg/detail/failsafe_flags__functions.c\n'}
[0.988008] (px4_msgs) StdoutLine: {'line': b'-- Up-to-date: /home/wei/fire_scout_ws/install/px4_msgs/include/px4_msgs/px4_msgs/msg/detail/vehicle_thrust_setpoint__functions.c\n'}
[0.988043] (px4_msgs) StdoutLine: {'line': b'-- Up-to-date: /home/wei/fire_scout_ws/install/px4_msgs/include/px4_msgs/px4_msgs/msg/detail/navigator_mission_item__functions.c\n'}
[0.988077] (px4_msgs) StdoutLine: {'line': b'-- Up-to-date: /home/wei/fire_scout_ws/install/px4_msgs/include/px4_msgs/px4_msgs/msg/detail/vehicle_land_detected__functions.c\n'}
[0.988129] (px4_msgs) StdoutLine: {'line': b'-- Up-to-date: /home/wei/fire_scout_ws/install/px4_msgs/include/px4_msgs/px4_msgs/msg/detail/trajectory_setpoint__functions.c\n'}
[0.988164] (px4_msgs) StdoutLine: {'line': b'-- Up-to-date: /home/wei/fire_scout_ws/install/px4_msgs/include/px4_msgs/px4_msgs/msg/detail/autotune_attitude_control_status__struct.h\n'}
[0.988230] (px4_msgs) StdoutLine: {'line': b'-- Up-to-date: /home/wei/fire_scout_ws/install/px4_msgs/include/px4_msgs/px4_msgs/msg/detail/camera_capture__functions.c\n'}
[0.988267] (px4_msgs) StdoutLine: {'line': b'-- Up-to-date: /home/wei/fire_scout_ws/install/px4_msgs/include/px4_msgs/px4_msgs/msg/detail/normalized_unsigned_setpoint__type_support.h\n'}
[0.988353] (px4_msgs) StdoutLine: {'line': b'-- Up-to-date: /home/wei/fire_scout_ws/install/px4_msgs/include/px4_msgs/px4_msgs/msg/detail/takeoff_status__functions.c\n'}
[0.988394] (px4_msgs) StdoutLine: {'line': b'-- Up-to-date: /home/wei/fire_scout_ws/install/px4_msgs/include/px4_msgs/px4_msgs/msg/detail/sensor_combined__type_support.h\n'}
[0.988463] (px4_msgs) StdoutLine: {'line': b'-- Up-to-date: /home/wei/fire_scout_ws/install/px4_msgs/include/px4_msgs/px4_msgs/msg/detail/message_format_request__functions.c\n'}
[0.988519] (px4_msgs) StdoutLine: {'line': b'-- Up-to-date: /home/wei/fire_scout_ws/install/px4_msgs/include/px4_msgs/px4_msgs/msg/detail/register_ext_component_reply__functions.h\n'}
[0.988572] (px4_msgs) StdoutLine: {'line': b'-- Up-to-date: /home/wei/fire_scout_ws/install/px4_msgs/include/px4_msgs/px4_msgs/msg/detail/satellite_info__struct.h\n'}
[0.988613] (px4_msgs) StdoutLine: {'line': b'-- Up-to-date: /home/wei/fire_scout_ws/install/px4_msgs/include/px4_msgs/px4_msgs/msg/detail/vehicle_air_data__functions.h\n'}
[0.988657] (px4_msgs) StdoutLine: {'line': b'-- Up-to-date: /home/wei/fire_scout_ws/install/px4_msgs/include/px4_msgs/px4_msgs/msg/detail/position_controller_landing_status__functions.c\n'}
[0.988692] (px4_msgs) StdoutLine: {'line': b'-- Up-to-date: /home/wei/fire_scout_ws/install/px4_msgs/include/px4_msgs/px4_msgs/msg/detail/actuator_test__struct.h\n'}
[0.988727] (px4_msgs) StdoutLine: {'line': b'-- Up-to-date: /home/wei/fire_scout_ws/install/px4_msgs/include/px4_msgs/px4_msgs/msg/detail/rtl_time_estimate__struct.h\n'}
[0.988785] (px4_msgs) StdoutLine: {'line': b'-- Up-to-date: /home/wei/fire_scout_ws/install/px4_msgs/include/px4_msgs/px4_msgs/msg/detail/arming_check_request__struct.h\n'}
[0.988821] (px4_msgs) StdoutLine: {'line': b'-- Up-to-date: /home/wei/fire_scout_ws/install/px4_msgs/include/px4_msgs/px4_msgs/msg/detail/geofence_status__struct.h\n'}
[0.988855] (px4_msgs) StdoutLine: {'line': b'-- Up-to-date: /home/wei/fire_scout_ws/install/px4_msgs/include/px4_msgs/px4_msgs/msg/detail/message_format_request__struct.h\n'}
[0.988889] (px4_msgs) StdoutLine: {'line': b'-- Up-to-date: /home/wei/fire_scout_ws/install/px4_msgs/include/px4_msgs/px4_msgs/msg/detail/mission_result__type_support.h\n'}
[0.988945] (px4_msgs) StdoutLine: {'line': b'-- Up-to-date: /home/wei/fire_scout_ws/install/px4_msgs/include/px4_msgs/px4_msgs/msg/detail/airspeed__functions.h\n'}
[0.989045] (px4_msgs) StdoutLine: {'line': b'-- Up-to-date: /home/wei/fire_scout_ws/install/px4_msgs/include/px4_msgs/px4_msgs/msg/detail/sensors_status_imu__functions.h\n'}
[0.989080] (px4_msgs) StdoutLine: {'line': b'-- Up-to-date: /home/wei/fire_scout_ws/install/px4_msgs/include/px4_msgs/px4_msgs/msg/detail/position_controller_status__type_support.h\n'}
[0.989126] (px4_msgs) StdoutLine: {'line': b'-- Up-to-date: /home/wei/fire_scout_ws/install/px4_msgs/include/px4_msgs/px4_msgs/msg/detail/estimator_selector_status__type_support.h\n'}
[0.989180] (px4_msgs) StdoutLine: {'line': b'-- Up-to-date: /home/wei/fire_scout_ws/install/px4_msgs/include/px4_msgs/px4_msgs/msg/detail/logger_status__type_support.h\n'}
[0.989219] (px4_msgs) StdoutLine: {'line': b'-- Up-to-date: /home/wei/fire_scout_ws/install/px4_msgs/include/px4_msgs/px4_msgs/msg/detail/input_rc__type_support.h\n'}
[0.989255] (px4_msgs) StdoutLine: {'line': b'-- Up-to-date: /home/wei/fire_scout_ws/install/px4_msgs/include/px4_msgs/px4_msgs/msg/detail/rover_steering_setpoint__struct.h\n'}
[0.989290] (px4_msgs) StdoutLine: {'line': b'-- Up-to-date: /home/wei/fire_scout_ws/install/px4_msgs/include/px4_msgs/px4_msgs/msg/detail/rtl_time_estimate__functions.h\n'}
[0.989327] (px4_msgs) StdoutLine: {'line': b'-- Up-to-date: /home/wei/fire_scout_ws/install/px4_msgs/include/px4_msgs/px4_msgs/msg/detail/rover_throttle_setpoint__functions.h\n'}
[0.989361] (px4_msgs) StdoutLine: {'line': b'-- Up-to-date: /home/wei/fire_scout_ws/install/px4_msgs/include/px4_msgs/px4_msgs/msg/detail/estimator_aid_source2d__functions.c\n'}
[0.989489] (px4_msgs) StdoutLine: {'line': b'-- Up-to-date: /home/wei/fire_scout_ws/install/px4_msgs/include/px4_msgs/px4_msgs/msg/detail/fixed_wing_lateral_guidance_status__struct.h\n'}
[0.989557] (px4_msgs) StdoutLine: {'line': b'-- Up-to-date: /home/wei/fire_scout_ws/install/px4_msgs/include/px4_msgs/px4_msgs/msg/detail/irlock_report__struct.h\n'}
[0.989594] (px4_msgs) StdoutLine: {'line': b'-- Up-to-date: /home/wei/fire_scout_ws/install/px4_msgs/include/px4_msgs/px4_msgs/msg/detail/fixed_wing_runway_control__type_support.h\n'}
[0.989642] (px4_msgs) StdoutLine: {'line': b'-- Up-to-date: /home/wei/fire_scout_ws/install/px4_msgs/include/px4_msgs/px4_msgs/msg/detail/open_drone_id_self_id__functions.c\n'}
[0.989711] (px4_msgs) StdoutLine: {'line': b'-- Up-to-date: /home/wei/fire_scout_ws/install/px4_msgs/include/px4_msgs/px4_msgs/msg/detail/lateral_control_configuration__functions.c\n'}
[0.989747] (px4_msgs) StdoutLine: {'line': b'-- Up-to-date: /home/wei/fire_scout_ws/install/px4_msgs/include/px4_msgs/px4_msgs/msg/detail/manual_control_setpoint__type_support.h\n'}
[0.989782] (px4_msgs) StdoutLine: {'line': b'-- Up-to-date: /home/wei/fire_scout_ws/install/px4_msgs/include/px4_msgs/px4_msgs/msg/detail/vehicle_imu__functions.h\n'}
[0.989827] (px4_msgs) StdoutLine: {'line': b'-- Up-to-date: /home/wei/fire_scout_ws/install/px4_msgs/include/px4_msgs/px4_msgs/msg/detail/airspeed__struct.h\n'}
[0.989863] (px4_msgs) StdoutLine: {'line': b'-- Up-to-date: /home/wei/fire_scout_ws/install/px4_msgs/include/px4_msgs/px4_msgs/msg/detail/sensor_combined__functions.h\n'}
[0.989897] (px4_msgs) StdoutLine: {'line': b'-- Up-to-date: /home/wei/fire_scout_ws/install/px4_msgs/include/px4_msgs/px4_msgs/msg/detail/position_setpoint__type_support.h\n'}
[0.989955] (px4_msgs) StdoutLine: {'line': b'-- Up-to-date: /home/wei/fire_scout_ws/install/px4_msgs/include/px4_msgs/px4_msgs/msg/detail/timesync_status__functions.h\n'}
[0.990024] (px4_msgs) StdoutLine: {'line': b'-- Up-to-date: /home/wei/fire_scout_ws/install/px4_msgs/include/px4_msgs/px4_msgs/msg/detail/sensor_gnss_status__struct.h\n'}
[0.990062] (px4_msgs) StdoutLine: {'line': b'-- Up-to-date: /home/wei/fire_scout_ws/install/px4_msgs/include/px4_msgs/px4_msgs/msg/detail/parameter_reset_request__type_support.h\n'}
[0.990118] (px4_msgs) StdoutLine: {'line': b'-- Up-to-date: /home/wei/fire_scout_ws/install/px4_msgs/include/px4_msgs/px4_msgs/msg/detail/tune_control__functions.c\n'}
[0.990158] (px4_msgs) StdoutLine: {'line': b'-- Up-to-date: /home/wei/fire_scout_ws/install/px4_msgs/include/px4_msgs/px4_msgs/msg/detail/open_drone_id_operator_id__type_support.h\n'}
[0.990217] (px4_msgs) StdoutLine: {'line': b'-- Up-to-date: /home/wei/fire_scout_ws/install/px4_msgs/include/px4_msgs/px4_msgs/msg/detail/unregister_ext_component__struct.h\n'}
[0.990295] (px4_msgs) StdoutLine: {'line': b'-- Up-to-date: /home/wei/fire_scout_ws/install/px4_msgs/include/px4_msgs/px4_msgs/msg/detail/esc_status__functions.h\n'}
[0.990335] (px4_msgs) StdoutLine: {'line': b'-- Up-to-date: /home/wei/fire_scout_ws/install/px4_msgs/include/px4_msgs/px4_msgs/msg/detail/internal_combustion_engine_status__functions.h\n'}
[0.990386] (px4_msgs) StdoutLine: {'line': b'-- Up-to-date: /home/wei/fire_scout_ws/install/px4_msgs/include/px4_msgs/px4_msgs/msg/detail/tune_control__functions.h\n'}
[0.990472] (px4_msgs) StdoutLine: {'line': b'-- Up-to-date: /home/wei/fire_scout_ws/install/px4_msgs/include/px4_msgs/px4_msgs/msg/detail/vehicle_air_data__struct.h\n'}
[0.990510] (px4_msgs) StdoutLine: {'line': b'-- Up-to-date: /home/wei/fire_scout_ws/install/px4_msgs/include/px4_msgs/px4_msgs/msg/detail/vehicle_rates_setpoint__functions.h\n'}
[0.990559] (px4_msgs) StdoutLine: {'line': b'-- Up-to-date: /home/wei/fire_scout_ws/install/px4_msgs/include/px4_msgs/px4_msgs/msg/detail/gimbal_device_information__functions.c\n'}
[0.990639] (px4_msgs) StdoutLine: {'line': b'-- Up-to-date: /home/wei/fire_scout_ws/install/px4_msgs/include/px4_msgs/px4_msgs/msg/detail/gpio_request__struct.h\n'}
[0.990712] (px4_msgs) StdoutLine: {'line': b'-- Up-to-date: /home/wei/fire_scout_ws/install/px4_msgs/include/px4_msgs/px4_msgs/msg/detail/vehicle_thrust_setpoint__type_support.h\n'}
[0.990779] (px4_msgs) StdoutLine: {'line': b'-- Up-to-date: /home/wei/fire_scout_ws/install/px4_msgs/include/px4_msgs/px4_msgs/msg/detail/estimator_aid_source2d__struct.h\n'}
[0.990835] (px4_msgs) StdoutLine: {'line': b'-- Up-to-date: /home/wei/fire_scout_ws/install/px4_msgs/include/px4_msgs/px4_msgs/msg/detail/actuator_test__type_support.h\n'}
[0.990867] (px4_msgs) StdoutLine: {'line': b'-- Up-to-date: /home/wei/fire_scout_ws/install/px4_msgs/include/px4_msgs/px4_msgs/msg/detail/pure_pursuit_status__functions.c\n'}
[0.990910] (px4_msgs) StdoutLine: {'line': b'-- Up-to-date: /home/wei/fire_scout_ws/install/px4_msgs/include/px4_msgs/px4_msgs/msg/detail/hover_thrust_estimate__functions.c\n'}
[0.990944] (px4_msgs) StdoutLine: {'line': b'-- Up-to-date: /home/wei/fire_scout_ws/install/px4_msgs/include/px4_msgs/px4_msgs/msg/detail/fixed_wing_lateral_status__functions.c\n'}
[0.991012] (px4_msgs) StdoutLine: {'line': b'-- Up-to-date: /home/wei/fire_scout_ws/install/px4_msgs/include/px4_msgs/px4_msgs/msg/detail/vtol_vehicle_status__struct.h\n'}
[0.991048] (px4_msgs) StdoutLine: {'line': b'-- Up-to-date: /home/wei/fire_scout_ws/install/px4_msgs/include/px4_msgs/px4_msgs/msg/detail/vehicle_imu_status__struct.h\n'}
[0.991084] (px4_msgs) StdoutLine: {'line': b'-- Up-to-date: /home/wei/fire_scout_ws/install/px4_msgs/include/px4_msgs/px4_msgs/msg/detail/camera_status__struct.h\n'}
[0.991130] (px4_msgs) StdoutLine: {'line': b'-- Up-to-date: /home/wei/fire_scout_ws/install/px4_msgs/include/px4_msgs/px4_msgs/msg/detail/gimbal_manager_set_attitude__type_support.h\n'}
[0.991204] (px4_msgs) StdoutLine: {'line': b'-- Up-to-date: /home/wei/fire_scout_ws/install/px4_msgs/include/px4_msgs/px4_msgs/msg/detail/vehicle_optical_flow__functions.c\n'}
[0.991265] (px4_msgs) StdoutLine: {'line': b'-- Up-to-date: /home/wei/fire_scout_ws/install/px4_msgs/include/px4_msgs/px4_msgs/msg/detail/sensor_mag__functions.c\n'}
[0.991338] (px4_msgs) StdoutLine: {'line': b'-- Up-to-date: /home/wei/fire_scout_ws/install/px4_msgs/include/px4_msgs/px4_msgs/msg/detail/estimator_status__functions.c\n'}
[0.991397] (px4_msgs) StdoutLine: {'line': b'-- Up-to-date: /home/wei/fire_scout_ws/install/px4_msgs/include/px4_msgs/px4_msgs/msg/detail/vehicle_command__type_support.h\n'}
[0.991474] (px4_msgs) StdoutLine: {'line': b'-- Up-to-date: /home/wei/fire_scout_ws/install/px4_msgs/include/px4_msgs/px4_msgs/msg/detail/sensor_selection__functions.c\n'}
[0.991520] (px4_msgs) StdoutLine: {'line': b'-- Up-to-date: /home/wei/fire_scout_ws/install/px4_msgs/include/px4_msgs/px4_msgs/msg/detail/vehicle_imu_status__type_support.h\n'}
[0.991571] (px4_msgs) StdoutLine: {'line': b'-- Up-to-date: /home/wei/fire_scout_ws/install/px4_msgs/include/px4_msgs/px4_msgs/msg/detail/parameter_set_used_request__type_support.h\n'}
[0.991645] (px4_msgs) StdoutLine: {'line': b'-- Up-to-date: /home/wei/fire_scout_ws/install/px4_msgs/include/px4_msgs/px4_msgs/msg/detail/trajectory_setpoint__struct.h\n'}
[0.991702] (px4_msgs) StdoutLine: {'line': b'-- Up-to-date: /home/wei/fire_scout_ws/install/px4_msgs/include/px4_msgs/px4_msgs/msg/detail/navigator_status__functions.c\n'}
[0.991757] (px4_msgs) StdoutLine: {'line': b'-- Up-to-date: /home/wei/fire_scout_ws/install/px4_msgs/include/px4_msgs/px4_msgs/msg/detail/debug_key_value__struct.h\n'}
[0.991814] (px4_msgs) StdoutLine: {'line': b'-- Up-to-date: /home/wei/fire_scout_ws/install/px4_msgs/include/px4_msgs/px4_msgs/msg/detail/geofence_status__functions.c\n'}
[0.991900] (px4_msgs) StdoutLine: {'line': b'-- Up-to-date: /home/wei/fire_scout_ws/install/px4_msgs/include/px4_msgs/px4_msgs/msg/detail/power_button_state__functions.h\n'}
[0.991934] (px4_msgs) StdoutLine: {'line': b'-- Up-to-date: /home/wei/fire_scout_ws/install/px4_msgs/include/px4_msgs/px4_msgs/msg/detail/offboard_control_mode__functions.h\n'}
[0.991978] (px4_msgs) StdoutLine: {'line': b'-- Up-to-date: /home/wei/fire_scout_ws/install/px4_msgs/include/px4_msgs/px4_msgs/msg/detail/geofence_status__functions.h\n'}
[0.992055] (px4_msgs) StdoutLine: {'line': b'-- Up-to-date: /home/wei/fire_scout_ws/install/px4_msgs/include/px4_msgs/px4_msgs/msg/detail/uavcan_parameter_request__type_support.h\n'}
[0.992107] (px4_msgs) StdoutLine: {'line': b'-- Up-to-date: /home/wei/fire_scout_ws/install/px4_msgs/include/px4_msgs/px4_msgs/msg/detail/magnetometer_bias_estimate__functions.c\n'}
[0.992159] (px4_msgs) StdoutLine: {'line': b'-- Up-to-date: /home/wei/fire_scout_ws/install/px4_msgs/include/px4_msgs/px4_msgs/msg/detail/flight_phase_estimation__functions.c\n'}
[0.992196] (px4_msgs) StdoutLine: {'line': b'-- Up-to-date: /home/wei/fire_scout_ws/install/px4_msgs/include/px4_msgs/px4_msgs/msg/detail/estimator_selector_status__struct.h\n'}
[0.992257] (px4_msgs) StdoutLine: {'line': b'-- Up-to-date: /home/wei/fire_scout_ws/install/px4_msgs/include/px4_msgs/px4_msgs/msg/detail/gimbal_device_set_attitude__type_support.h\n'}
[0.992313] (px4_msgs) StdoutLine: {'line': b'-- Up-to-date: /home/wei/fire_scout_ws/install/px4_msgs/include/px4_msgs/px4_msgs/msg/detail/config_overrides__functions.c\n'}
[0.992372] (px4_msgs) StdoutLine: {'line': b'-- Up-to-date: /home/wei/fire_scout_ws/install/px4_msgs/include/px4_msgs/px4_msgs/msg/detail/vehicle_roi__functions.h\n'}
[0.992453] (px4_msgs) StdoutLine: {'line': b'-- Up-to-date: /home/wei/fire_scout_ws/install/px4_msgs/include/px4_msgs/px4_msgs/msg/detail/battery_info__functions.c\n'}
[0.992513] (px4_msgs) StdoutLine: {'line': b'-- Up-to-date: /home/wei/fire_scout_ws/install/px4_msgs/include/px4_msgs/px4_msgs/msg/detail/vehicle_global_position__type_support.h\n'}
[0.992588] (px4_msgs) StdoutLine: {'line': b'-- Up-to-date: /home/wei/fire_scout_ws/install/px4_msgs/include/px4_msgs/px4_msgs/msg/detail/landing_gear_wheel__type_support.h\n'}
[0.992627] (px4_msgs) StdoutLine: {'line': b'-- Up-to-date: /home/wei/fire_scout_ws/install/px4_msgs/include/px4_msgs/px4_msgs/msg/detail/mavlink_tunnel__type_support.h\n'}
[0.992665] (px4_msgs) StdoutLine: {'line': b'-- Up-to-date: /home/wei/fire_scout_ws/install/px4_msgs/include/px4_msgs/px4_msgs/msg/detail/velocity_limits__struct.h\n'}
[0.992714] (px4_msgs) StdoutLine: {'line': b'-- Up-to-date: /home/wei/fire_scout_ws/install/px4_msgs/include/px4_msgs/px4_msgs/msg/detail/gpio_out__struct.h\n'}
[0.992753] (px4_msgs) StdoutLine: {'line': b'-- Up-to-date: /home/wei/fire_scout_ws/install/px4_msgs/include/px4_msgs/px4_msgs/msg/detail/estimator_bias3d__functions.c\n'}
[0.992808] (px4_msgs) StdoutLine: {'line': b'-- Up-to-date: /home/wei/fire_scout_ws/install/px4_msgs/include/px4_msgs/px4_msgs/msg/detail/vehicle_rates_setpoint__functions.c\n'}
[0.992866] (px4_msgs) StdoutLine: {'line': b'-- Up-to-date: /home/wei/fire_scout_ws/install/px4_msgs/include/px4_msgs/px4_msgs/msg/detail/orb_test_medium__struct.h\n'}
[0.992901] (px4_msgs) StdoutLine: {'line': b'-- Up-to-date: /home/wei/fire_scout_ws/install/px4_msgs/include/px4_msgs/px4_msgs/msg/detail/mount_orientation__functions.c\n'}
[0.992952] (px4_msgs) StdoutLine: {'line': b'-- Up-to-date: /home/wei/fire_scout_ws/install/px4_msgs/include/px4_msgs/px4_msgs/msg/detail/telemetry_status__type_support.h\n'}
[0.992992] (px4_msgs) StdoutLine: {'line': b'-- Up-to-date: /home/wei/fire_scout_ws/install/px4_msgs/include/px4_msgs/px4_msgs/msg/detail/sensor_gyro_fft__struct.h\n'}
[0.993030] (px4_msgs) StdoutLine: {'line': b'-- Up-to-date: /home/wei/fire_scout_ws/install/px4_msgs/include/px4_msgs/px4_msgs/msg/detail/gps_inject_data__functions.c\n'}
[0.993066] (px4_msgs) StdoutLine: {'line': b'-- Up-to-date: /home/wei/fire_scout_ws/install/px4_msgs/include/px4_msgs/px4_msgs/msg/detail/orb_test_large__struct.h\n'}
[0.993120] (px4_msgs) StdoutLine: {'line': b'-- Up-to-date: /home/wei/fire_scout_ws/install/px4_msgs/include/px4_msgs/px4_msgs/msg/detail/estimator_bias3d__functions.h\n'}
[0.993156] (px4_msgs) StdoutLine: {'line': b'-- Up-to-date: /home/wei/fire_scout_ws/install/px4_msgs/include/px4_msgs/px4_msgs/msg/detail/actuator_servos_trim__functions.c\n'}
[0.993191] (px4_msgs) StdoutLine: {'line': b'-- Up-to-date: /home/wei/fire_scout_ws/install/px4_msgs/include/px4_msgs/px4_msgs/msg/detail/vehicle_rates_setpoint__struct.h\n'}
[0.993292] (px4_msgs) StdoutLine: {'line': b'-- Up-to-date: /home/wei/fire_scout_ws/install/px4_msgs/include/px4_msgs/px4_msgs/msg/detail/dataman_request__functions.h\n'}
[0.993346] (px4_msgs) StdoutLine: {'line': b'-- Up-to-date: /home/wei/fire_scout_ws/install/px4_msgs/include/px4_msgs/px4_msgs/msg/detail/pwm_input__functions.c\n'}
[0.993386] (px4_msgs) StdoutLine: {'line': b'-- Up-to-date: /home/wei/fire_scout_ws/install/px4_msgs/include/px4_msgs/px4_msgs/msg/detail/arming_check_reply__struct.h\n'}
[0.993461] (px4_msgs) StdoutLine: {'line': b'-- Up-to-date: /home/wei/fire_scout_ws/install/px4_msgs/include/px4_msgs/px4_msgs/msg/detail/sensors_status__struct.h\n'}
[0.993498] (px4_msgs) StdoutLine: {'line': b'-- Up-to-date: /home/wei/fire_scout_ws/install/px4_msgs/include/px4_msgs/px4_msgs/msg/detail/sensor_gps__struct.h\n'}
[0.993543] (px4_msgs) StdoutLine: {'line': b'-- Up-to-date: /home/wei/fire_scout_ws/install/px4_msgs/include/px4_msgs/px4_msgs/msg/detail/vehicle_local_position_setpoint__type_support.h\n'}
[0.993580] (px4_msgs) StdoutLine: {'line': b'-- Up-to-date: /home/wei/fire_scout_ws/install/px4_msgs/include/px4_msgs/px4_msgs/msg/detail/vehicle_imu_status__functions.c\n'}
[0.993636] (px4_msgs) StdoutLine: {'line': b'-- Up-to-date: /home/wei/fire_scout_ws/install/px4_msgs/include/px4_msgs/px4_msgs/msg/detail/position_controller_status__struct.h\n'}
[0.993706] (px4_msgs) StdoutLine: {'line': b'-- Up-to-date: /home/wei/fire_scout_ws/install/px4_msgs/include/px4_msgs/px4_msgs/msg/detail/vehicle_imu_status__functions.h\n'}
[0.993761] (px4_msgs) StdoutLine: {'line': b'-- Up-to-date: /home/wei/fire_scout_ws/install/px4_msgs/include/px4_msgs/px4_msgs/msg/detail/vehicle_local_position_setpoint__struct.h\n'}
[0.993799] (px4_msgs) StdoutLine: {'line': b'-- Up-to-date: /home/wei/fire_scout_ws/install/px4_msgs/include/px4_msgs/px4_msgs/msg/detail/vehicle_global_position__functions.h\n'}
[0.993835] (px4_msgs) StdoutLine: {'line': b'-- Up-to-date: /home/wei/fire_scout_ws/install/px4_msgs/include/px4_msgs/px4_msgs/msg/detail/mission__struct.h\n'}
[0.993917] (px4_msgs) StdoutLine: {'line': b'-- Up-to-date: /home/wei/fire_scout_ws/install/px4_msgs/include/px4_msgs/px4_msgs/msg/detail/orb_test_medium__functions.c\n'}
[0.993953] (px4_msgs) StdoutLine: {'line': b'-- Up-to-date: /home/wei/fire_scout_ws/install/px4_msgs/include/px4_msgs/px4_msgs/msg/detail/vehicle_rates_setpoint__type_support.h\n'}
[0.994031] (px4_msgs) StdoutLine: {'line': b'-- Up-to-date: /home/wei/fire_scout_ws/install/px4_msgs/include/px4_msgs/px4_msgs/msg/detail/geofence_result__functions.c\n'}
[0.994087] (px4_msgs) StdoutLine: {'line': b'-- Up-to-date: /home/wei/fire_scout_ws/install/px4_msgs/include/px4_msgs/px4_msgs/msg/detail/open_drone_id_system__functions.h\n'}
[0.994145] (px4_msgs) StdoutLine: {'line': b'-- Up-to-date: /home/wei/fire_scout_ws/install/px4_msgs/include/px4_msgs/px4_msgs/msg/detail/iridiumsbd_status__functions.c\n'}
[0.994182] (px4_msgs) StdoutLine: {'line': b'-- Up-to-date: /home/wei/fire_scout_ws/install/px4_msgs/include/px4_msgs/px4_msgs/msg/detail/trajectory_setpoint6dof__struct.h\n'}
[0.994258] (px4_msgs) StdoutLine: {'line': b'-- Up-to-date: /home/wei/fire_scout_ws/install/px4_msgs/include/px4_msgs/px4_msgs/msg/detail/fixed_wing_lateral_status__struct.h\n'}
[0.994316] (px4_msgs) StdoutLine: {'line': b'-- Up-to-date: /home/wei/fire_scout_ws/install/px4_msgs/include/px4_msgs/px4_msgs/msg/detail/sensor_uwb__struct.h\n'}
[0.994353] (px4_msgs) StdoutLine: {'line': b'-- Up-to-date: /home/wei/fire_scout_ws/install/px4_msgs/include/px4_msgs/px4_msgs/msg/detail/vehicle_attitude__functions.h\n'}
[0.994439] (px4_msgs) StdoutLine: {'line': b'-- Up-to-date: /home/wei/fire_scout_ws/install/px4_msgs/include/px4_msgs/px4_msgs/msg/detail/vehicle_command_ack__functions.c\n'}
[0.994510] (px4_msgs) StdoutLine: {'line': b'-- Up-to-date: /home/wei/fire_scout_ws/install/px4_msgs/include/px4_msgs/px4_msgs/msg/detail/debug_value__functions.c\n'}
[0.994584] (px4_msgs) StdoutLine: {'line': b'-- Up-to-date: /home/wei/fire_scout_ws/install/px4_msgs/include/px4_msgs/px4_msgs/msg/detail/register_ext_component_request__type_support.h\n'}
[0.994644] (px4_msgs) StdoutLine: {'line': b'-- Up-to-date: /home/wei/fire_scout_ws/install/px4_msgs/include/px4_msgs/px4_msgs/msg/detail/rc_parameter_map__type_support.h\n'}
[0.994705] (px4_msgs) StdoutLine: {'line': b'-- Up-to-date: /home/wei/fire_scout_ws/install/px4_msgs/include/px4_msgs/px4_msgs/msg/detail/camera_status__functions.h\n'}
[0.994771] (px4_msgs) StdoutLine: {'line': b'-- Up-to-date: /home/wei/fire_scout_ws/install/px4_msgs/include/px4_msgs/px4_msgs/msg/detail/pps_capture__struct.h\n'}
[0.994827] (px4_msgs) StdoutLine: {'line': b'-- Up-to-date: /home/wei/fire_scout_ws/install/px4_msgs/include/px4_msgs/px4_msgs/msg/detail/differential_pressure__functions.c\n'}
[0.994861] (px4_msgs) StdoutLine: {'line': b'-- Up-to-date: /home/wei/fire_scout_ws/install/px4_msgs/include/px4_msgs/px4_msgs/msg/detail/generator_status__functions.c\n'}
[0.994905] (px4_msgs) StdoutLine: {'line': b'-- Up-to-date: /home/wei/fire_scout_ws/install/px4_msgs/include/px4_msgs/px4_msgs/msg/detail/geofence_status__type_support.h\n'}
[0.994972] (px4_msgs) StdoutLine: {'line': b'-- Up-to-date: /home/wei/fire_scout_ws/install/px4_msgs/include/px4_msgs/px4_msgs/msg/detail/rate_ctrl_status__functions.h\n'}
[0.995028] (px4_msgs) StdoutLine: {'line': b'-- Up-to-date: /home/wei/fire_scout_ws/install/px4_msgs/include/px4_msgs/px4_msgs/msg/detail/mission__functions.h\n'}
[0.995062] (px4_msgs) StdoutLine: {'line': b'-- Up-to-date: /home/wei/fire_scout_ws/install/px4_msgs/include/px4_msgs/px4_msgs/msg/detail/rover_rate_setpoint__functions.c\n'}
[0.995105] (px4_msgs) StdoutLine: {'line': b'-- Up-to-date: /home/wei/fire_scout_ws/install/px4_msgs/include/px4_msgs/px4_msgs/msg/detail/onboard_computer_status__functions.h\n'}
[0.995163] (px4_msgs) StdoutLine: {'line': b'-- Up-to-date: /home/wei/fire_scout_ws/install/px4_msgs/include/px4_msgs/px4_msgs/msg/detail/vehicle_angular_velocity__functions.c\n'}
[0.995209] (px4_msgs) StdoutLine: {'line': b'-- Up-to-date: /home/wei/fire_scout_ws/install/px4_msgs/include/px4_msgs/px4_msgs/msg/detail/offboard_control_mode__struct.h\n'}
[0.995261] (px4_msgs) StdoutLine: {'line': b'-- Up-to-date: /home/wei/fire_scout_ws/install/px4_msgs/include/px4_msgs/px4_msgs/msg/detail/orb_test__type_support.h\n'}
[0.995293] (px4_msgs) StdoutLine: {'line': b'-- Up-to-date: /home/wei/fire_scout_ws/install/px4_msgs/include/px4_msgs/px4_msgs/msg/detail/vehicle_status__functions.c\n'}
[0.995324] (px4_msgs) StdoutLine: {'line': b'-- Up-to-date: /home/wei/fire_scout_ws/install/px4_msgs/include/px4_msgs/px4_msgs/msg/detail/vehicle_optical_flow__functions.h\n'}
[0.995355] (px4_msgs) StdoutLine: {'line': b'-- Up-to-date: /home/wei/fire_scout_ws/install/px4_msgs/include/px4_msgs/px4_msgs/msg/detail/battery_status__struct.h\n'}
[0.995389] (px4_msgs) StdoutLine: {'line': b'-- Up-to-date: /home/wei/fire_scout_ws/install/px4_msgs/include/px4_msgs/px4_msgs/msg/detail/estimator_status_flags__functions.h\n'}
[0.995419] (px4_msgs) StdoutLine: {'line': b'-- Up-to-date: /home/wei/fire_scout_ws/install/px4_msgs/include/px4_msgs/px4_msgs/msg/detail/orbit_status__functions.c\n'}
[0.995453] (px4_msgs) StdoutLine: {'line': b'-- Up-to-date: /home/wei/fire_scout_ws/install/px4_msgs/include/px4_msgs/px4_msgs/msg/detail/qshell_req__struct.h\n'}
[0.995489] (px4_msgs) StdoutLine: {'line': b'-- Up-to-date: /home/wei/fire_scout_ws/install/px4_msgs/include/px4_msgs/px4_msgs/msg/detail/mode_completed__struct.h\n'}
[0.995520] (px4_msgs) StdoutLine: {'line': b'-- Up-to-date: /home/wei/fire_scout_ws/install/px4_msgs/include/px4_msgs/px4_msgs/msg/detail/estimator_status_flags__struct.h\n'}
[0.995553] (px4_msgs) StdoutLine: {'line': b'-- Up-to-date: /home/wei/fire_scout_ws/install/px4_msgs/include/px4_msgs/px4_msgs/msg/detail/internal_combustion_engine_control__functions.h\n'}
[0.995598] (px4_msgs) StdoutLine: {'line': b'-- Up-to-date: /home/wei/fire_scout_ws/install/px4_msgs/include/px4_msgs/px4_msgs/msg/detail/longitudinal_control_configuration__functions.c\n'}
[0.995635] (px4_msgs) StdoutLine: {'line': b'-- Up-to-date: /home/wei/fire_scout_ws/install/px4_msgs/include/px4_msgs/px4_msgs/msg/detail/estimator_status_flags__functions.c\n'}
[0.995687] (px4_msgs) StdoutLine: {'line': b'-- Up-to-date: /home/wei/fire_scout_ws/install/px4_msgs/include/px4_msgs/px4_msgs/msg/detail/open_drone_id_arm_status__functions.c\n'}
[0.995718] (px4_msgs) StdoutLine: {'line': b'-- Up-to-date: /home/wei/fire_scout_ws/install/px4_msgs/include/px4_msgs/px4_msgs/msg/detail/vehicle_control_mode__type_support.h\n'}
[0.995756] (px4_msgs) StdoutLine: {'line': b'-- Up-to-date: /home/wei/fire_scout_ws/install/px4_msgs/include/px4_msgs/px4_msgs/msg/detail/estimator_aid_source3d__type_support.h\n'}
[0.995790] (px4_msgs) StdoutLine: {'line': b'-- Up-to-date: /home/wei/fire_scout_ws/install/px4_msgs/include/px4_msgs/px4_msgs/msg/detail/timesync_status__functions.c\n'}
[0.995820] (px4_msgs) StdoutLine: {'line': b'-- Up-to-date: /home/wei/fire_scout_ws/install/px4_msgs/include/px4_msgs/px4_msgs/msg/detail/vehicle_attitude__struct.h\n'}
[0.995869] (px4_msgs) StdoutLine: {'line': b'-- Up-to-date: /home/wei/fire_scout_ws/install/px4_msgs/include/px4_msgs/px4_msgs/msg/detail/power_monitor__functions.c\n'}
[0.995904] (px4_msgs) StdoutLine: {'line': b'-- Up-to-date: /home/wei/fire_scout_ws/install/px4_msgs/include/px4_msgs/px4_msgs/msg/detail/position_controller_status__functions.h\n'}
[0.995946] (px4_msgs) StdoutLine: {'line': b'-- Up-to-date: /home/wei/fire_scout_ws/install/px4_msgs/include/px4_msgs/px4_msgs/msg/detail/hover_thrust_estimate__functions.h\n'}
[0.995979] (px4_msgs) StdoutLine: {'line': b'-- Up-to-date: /home/wei/fire_scout_ws/install/px4_msgs/include/px4_msgs/px4_msgs/msg/detail/offboard_control_mode__type_support.h\n'}
[0.996013] (px4_msgs) StdoutLine: {'line': b'-- Up-to-date: /home/wei/fire_scout_ws/install/px4_msgs/include/px4_msgs/px4_msgs/msg/detail/orb_test_large__functions.c\n'}
[0.996083] (px4_msgs) StdoutLine: {'line': b'-- Up-to-date: /home/wei/fire_scout_ws/install/px4_msgs/include/px4_msgs/px4_msgs/msg/detail/sensor_hygrometer__functions.c\n'}
[0.996144] (px4_msgs) StdoutLine: {'line': b'-- Up-to-date: /home/wei/fire_scout_ws/install/px4_msgs/include/px4_msgs/px4_msgs/msg/detail/differential_pressure__type_support.h\n'}
[0.996179] (px4_msgs) StdoutLine: {'line': b'-- Up-to-date: /home/wei/fire_scout_ws/install/px4_msgs/include/px4_msgs/px4_msgs/msg/detail/estimator_event_flags__functions.c\n'}
[0.996222] (px4_msgs) StdoutLine: {'line': b'-- Up-to-date: /home/wei/fire_scout_ws/install/px4_msgs/include/px4_msgs/px4_msgs/msg/detail/sensor_gnss_status__functions.h\n'}
[0.996287] (px4_msgs) StdoutLine: {'line': b'-- Up-to-date: /home/wei/fire_scout_ws/install/px4_msgs/include/px4_msgs/px4_msgs/msg/detail/parameter_set_value_response__struct.h\n'}
[0.996324] (px4_msgs) StdoutLine: {'line': b'-- Up-to-date: /home/wei/fire_scout_ws/install/px4_msgs/include/px4_msgs/px4_msgs/msg/detail/gimbal_controls__type_support.h\n'}
[0.996370] (px4_msgs) StdoutLine: {'line': b'-- Up-to-date: /home/wei/fire_scout_ws/install/px4_msgs/include/px4_msgs/px4_msgs/msg/detail/vehicle_odometry__struct.h\n'}
[0.996426] (px4_msgs) StdoutLine: {'line': b'-- Up-to-date: /home/wei/fire_scout_ws/install/px4_msgs/include/px4_msgs/px4_msgs/msg/detail/vehicle_local_position__functions.c\n'}
[0.996461] (px4_msgs) StdoutLine: {'line': b'-- Up-to-date: /home/wei/fire_scout_ws/install/px4_msgs/include/px4_msgs/px4_msgs/msg/detail/tecs_status__struct.h\n'}
[0.996493] (px4_msgs) StdoutLine: {'line': b'-- Up-to-date: /home/wei/fire_scout_ws/install/px4_msgs/include/px4_msgs/px4_msgs/msg/detail/generator_status__struct.h\n'}
[0.996524] (px4_msgs) StdoutLine: {'line': b'-- Up-to-date: /home/wei/fire_scout_ws/install/px4_msgs/include/px4_msgs/px4_msgs/msg/detail/rc_channels__struct.h\n'}
[0.996554] (px4_msgs) StdoutLine: {'line': b'-- Up-to-date: /home/wei/fire_scout_ws/install/px4_msgs/include/px4_msgs/px4_msgs/msg/detail/obstacle_distance__functions.c\n'}
[0.996588] (px4_msgs) StdoutLine: {'line': b'-- Up-to-date: /home/wei/fire_scout_ws/install/px4_msgs/include/px4_msgs/px4_msgs/msg/detail/orb_test_medium__type_support.h\n'}
[0.996621] (px4_msgs) StdoutLine: {'line': b'-- Up-to-date: /home/wei/fire_scout_ws/install/px4_msgs/include/px4_msgs/px4_msgs/msg/detail/input_rc__struct.h\n'}
[0.996672] (px4_msgs) StdoutLine: {'line': b'-- Up-to-date: /home/wei/fire_scout_ws/install/px4_msgs/include/px4_msgs/px4_msgs/msg/detail/position_setpoint__functions.c\n'}
[0.996711] (px4_msgs) StdoutLine: {'line': b'-- Up-to-date: /home/wei/fire_scout_ws/install/px4_msgs/include/px4_msgs/px4_msgs/msg/detail/estimator_innovations__type_support.h\n'}
[0.996758] (px4_msgs) StdoutLine: {'line': b'-- Up-to-date: /home/wei/fire_scout_ws/install/px4_msgs/include/px4_msgs/px4_msgs/msg/detail/cpuload__functions.h\n'}
[0.996831] (px4_msgs) StdoutLine: {'line': b'-- Up-to-date: /home/wei/fire_scout_ws/install/px4_msgs/include/px4_msgs/px4_msgs/msg/detail/failure_detector_status__struct.h\n'}
[0.996868] (px4_msgs) StdoutLine: {'line': b'-- Up-to-date: /home/wei/fire_scout_ws/install/px4_msgs/include/px4_msgs/px4_msgs/msg/detail/launch_detection_status__struct.h\n'}
[0.996935] (px4_msgs) StdoutLine: {'line': b'-- Up-to-date: /home/wei/fire_scout_ws/install/px4_msgs/include/px4_msgs/px4_msgs/msg/detail/distance_sensor__functions.c\n'}
[0.996973] (px4_msgs) StdoutLine: {'line': b'-- Up-to-date: /home/wei/fire_scout_ws/install/px4_msgs/include/px4_msgs/px4_msgs/msg/detail/vehicle_thrust_setpoint__struct.h\n'}
[0.997019] (px4_msgs) StdoutLine: {'line': b'-- Up-to-date: /home/wei/fire_scout_ws/install/px4_msgs/include/px4_msgs/px4_msgs/msg/detail/parameter_set_value_response__functions.c\n'}
[0.997089] (px4_msgs) StdoutLine: {'line': b'-- Up-to-date: /home/wei/fire_scout_ws/install/px4_msgs/include/px4_msgs/px4_msgs/msg/detail/esc_status__functions.c\n'}
[0.997149] (px4_msgs) StdoutLine: {'line': b'-- Up-to-date: /home/wei/fire_scout_ws/install/px4_msgs/include/px4_msgs/px4_msgs/msg/detail/pwm_input__type_support.h\n'}
[0.997192] (px4_msgs) StdoutLine: {'line': b'-- Up-to-date: /home/wei/fire_scout_ws/install/px4_msgs/include/px4_msgs/px4_msgs/msg/detail/estimator_bias3d__struct.h\n'}
[0.997267] (px4_msgs) StdoutLine: {'line': b'-- Up-to-date: /home/wei/fire_scout_ws/install/px4_msgs/include/px4_msgs/px4_msgs/msg/detail/camera_capture__type_support.h\n'}
[0.997372] (px4_msgs) StdoutLine: {'line': b'-- Up-to-date: /home/wei/fire_scout_ws/install/px4_msgs/include/px4_msgs/px4_msgs/msg/detail/vehicle_command__functions.c\n'}
[0.997471] (px4_msgs) StdoutLine: {'line': b'-- Up-to-date: /home/wei/fire_scout_ws/install/px4_msgs/include/px4_msgs/px4_msgs/msg/detail/fuel_tank_status__type_support.h\n'}
[0.997510] (px4_msgs) StdoutLine: {'line': b'-- Up-to-date: /home/wei/fire_scout_ws/install/px4_msgs/include/px4_msgs/px4_msgs/msg/detail/rtl_status__type_support.h\n'}
[0.997558] (px4_msgs) StdoutLine: {'line': b'-- Up-to-date: /home/wei/fire_scout_ws/install/px4_msgs/include/px4_msgs/px4_msgs/msg/detail/estimator_bias__struct.h\n'}
[0.997595] (px4_msgs) StdoutLine: {'line': b'-- Up-to-date: /home/wei/fire_scout_ws/install/px4_msgs/include/px4_msgs/px4_msgs/msg/detail/heater_status__functions.h\n'}
[0.997650] (px4_msgs) StdoutLine: {'line': b'-- Up-to-date: /home/wei/fire_scout_ws/install/px4_msgs/include/px4_msgs/px4_msgs/msg/detail/vehicle_global_position__struct.h\n'}
[0.997703] (px4_msgs) StdoutLine: {'line': b'-- Up-to-date: /home/wei/fire_scout_ws/install/px4_msgs/include/px4_msgs/px4_msgs/msg/detail/qshell_req__functions.c\n'}
[0.997742] (px4_msgs) StdoutLine: {'line': b'-- Up-to-date: /home/wei/fire_scout_ws/install/px4_msgs/include/px4_msgs/px4_msgs/msg/detail/actuator_motors__struct.h\n'}
[0.997793] (px4_msgs) StdoutLine: {'line': b'-- Up-to-date: /home/wei/fire_scout_ws/install/px4_msgs/include/px4_msgs/px4_msgs/msg/detail/transponder_report__type_support.h\n'}
[0.997828] (px4_msgs) StdoutLine: {'line': b'-- Up-to-date: /home/wei/fire_scout_ws/install/px4_msgs/include/px4_msgs/px4_msgs/msg/detail/qshell_retval__type_support.h\n'}
[0.997882] (px4_msgs) StdoutLine: {'line': b'-- Up-to-date: /home/wei/fire_scout_ws/install/px4_msgs/include/px4_msgs/px4_msgs/msg/detail/event__struct.h\n'}
[0.997916] (px4_msgs) StdoutLine: {'line': b'-- Up-to-date: /home/wei/fire_scout_ws/install/px4_msgs/include/px4_msgs/px4_msgs/msg/detail/vehicle_imu__functions.c\n'}
[0.997997] (px4_msgs) StdoutLine: {'line': b'-- Up-to-date: /home/wei/fire_scout_ws/install/px4_msgs/include/px4_msgs/px4_msgs/msg/detail/autotune_attitude_control_status__type_support.h\n'}
[0.998033] (px4_msgs) StdoutLine: {'line': b'-- Up-to-date: /home/wei/fire_scout_ws/install/px4_msgs/include/px4_msgs/px4_msgs/msg/detail/actuator_servos__functions.h\n'}
[0.998068] (px4_msgs) StdoutLine: {'line': b'-- Up-to-date: /home/wei/fire_scout_ws/install/px4_msgs/include/px4_msgs/px4_msgs/msg/detail/camera_capture__functions.h\n'}
[0.998112] (px4_msgs) StdoutLine: {'line': b'-- Up-to-date: /home/wei/fire_scout_ws/install/px4_msgs/include/px4_msgs/px4_msgs/msg/detail/irlock_report__functions.c\n'}
[0.998170] (px4_msgs) StdoutLine: {'line': b'-- Up-to-date: /home/wei/fire_scout_ws/install/px4_msgs/include/px4_msgs/px4_msgs/msg/detail/sensor_combined__struct.h\n'}
[0.998204] (px4_msgs) StdoutLine: {'line': b'-- Up-to-date: /home/wei/fire_scout_ws/install/px4_msgs/include/px4_msgs/px4_msgs/msg/detail/vehicle_angular_acceleration_setpoint__functions.h\n'}
[0.998238] (px4_msgs) StdoutLine: {'line': b'-- Up-to-date: /home/wei/fire_scout_ws/install/px4_msgs/include/px4_msgs/px4_msgs/msg/detail/obstacle_distance__functions.h\n'}
[0.998270] (px4_msgs) StdoutLine: {'line': b'-- Up-to-date: /home/wei/fire_scout_ws/install/px4_msgs/include/px4_msgs/px4_msgs/msg/detail/estimator_aid_source1d__functions.h\n'}
[0.998318] (px4_msgs) StdoutLine: {'line': b'-- Up-to-date: /home/wei/fire_scout_ws/install/px4_msgs/include/px4_msgs/px4_msgs/msg/detail/debug_key_value__functions.c\n'}
[0.998351] (px4_msgs) StdoutLine: {'line': b'-- Up-to-date: /home/wei/fire_scout_ws/install/px4_msgs/include/px4_msgs/px4_msgs/msg/detail/collision_constraints__functions.h\n'}
[0.998418] (px4_msgs) StdoutLine: {'line': b'-- Up-to-date: /home/wei/fire_scout_ws/install/px4_msgs/include/px4_msgs/px4_msgs/msg/detail/rover_attitude_setpoint__functions.c\n'}
[0.998507] (px4_msgs) StdoutLine: {'line': b'-- Up-to-date: /home/wei/fire_scout_ws/install/px4_msgs/include/px4_msgs/px4_msgs/msg/detail/gimbal_controls__functions.c\n'}
[0.998574] (px4_msgs) StdoutLine: {'line': b'-- Up-to-date: /home/wei/fire_scout_ws/install/px4_msgs/include/px4_msgs/px4_msgs/msg/detail/power_monitor__type_support.h\n'}
[0.998609] (px4_msgs) StdoutLine: {'line': b'-- Up-to-date: /home/wei/fire_scout_ws/install/px4_msgs/include/px4_msgs/px4_msgs/msg/detail/sensor_baro__functions.c\n'}
[0.998648] (px4_msgs) StdoutLine: {'line': b'-- Up-to-date: /home/wei/fire_scout_ws/install/px4_msgs/include/px4_msgs/px4_msgs/msg/detail/estimator_innovations__functions.h\n'}
[0.998686] (px4_msgs) StdoutLine: {'line': b'-- Up-to-date: /home/wei/fire_scout_ws/install/px4_msgs/include/px4_msgs/px4_msgs/msg/detail/landing_gear_wheel__functions.h\n'}
[0.998720] (px4_msgs) StdoutLine: {'line': b'-- Up-to-date: /home/wei/fire_scout_ws/install/px4_msgs/include/px4_msgs/px4_msgs/msg/detail/cpuload__functions.c\n'}
[0.998755] (px4_msgs) StdoutLine: {'line': b'-- Up-to-date: /home/wei/fire_scout_ws/install/px4_msgs/include/px4_msgs/px4_msgs/msg/detail/camera_trigger__functions.c\n'}
[0.998786] (px4_msgs) StdoutLine: {'line': b'-- Up-to-date: /home/wei/fire_scout_ws/install/px4_msgs/include/px4_msgs/px4_msgs/msg/detail/health_report__type_support.h\n'}
[0.998816] (px4_msgs) StdoutLine: {'line': b'-- Up-to-date: /home/wei/fire_scout_ws/install/px4_msgs/include/px4_msgs/px4_msgs/msg/detail/event__type_support.h\n'}
[0.998859] (px4_msgs) StdoutLine: {'line': b'-- Up-to-date: /home/wei/fire_scout_ws/install/px4_msgs/include/px4_msgs/px4_msgs/msg/detail/satellite_info__functions.h\n'}
[0.998897] (px4_msgs) StdoutLine: {'line': b'-- Up-to-date: /home/wei/fire_scout_ws/install/px4_msgs/include/px4_msgs/px4_msgs/msg/detail/airspeed_validated__type_support.h\n'}
[0.998930] (px4_msgs) StdoutLine: {'line': b'-- Up-to-date: /home/wei/fire_scout_ws/install/px4_msgs/include/px4_msgs/px4_msgs/msg/detail/task_stack_info__functions.h\n'}
[0.998960] (px4_msgs) StdoutLine: {'line': b'-- Up-to-date: /home/wei/fire_scout_ws/install/px4_msgs/include/px4_msgs/px4_msgs/msg/detail/ekf2_timestamps__struct.h\n'}
[0.998991] (px4_msgs) StdoutLine: {'line': b'-- Up-to-date: /home/wei/fire_scout_ws/install/px4_msgs/include/px4_msgs/px4_msgs/msg/detail/rover_attitude_setpoint__functions.h\n'}
[0.999021] (px4_msgs) StdoutLine: {'line': b'-- Up-to-date: /home/wei/fire_scout_ws/install/px4_msgs/include/px4_msgs/px4_msgs/msg/detail/vehicle_angular_velocity__functions.h\n'}
[0.999065] (px4_msgs) StdoutLine: {'line': b'-- Up-to-date: /home/wei/fire_scout_ws/install/px4_msgs/include/px4_msgs/px4_msgs/msg/detail/gimbal_manager_status__functions.c\n'}
[0.999099] (px4_msgs) StdoutLine: {'line': b'-- Up-to-date: /home/wei/fire_scout_ws/install/px4_msgs/include/px4_msgs/px4_msgs/msg/detail/rover_rate_status__type_support.h\n'}
[0.999140] (px4_msgs) StdoutLine: {'line': b'-- Up-to-date: /home/wei/fire_scout_ws/install/px4_msgs/include/px4_msgs/px4_msgs/msg/detail/debug_vect__struct.h\n'}
[0.999174] (px4_msgs) StdoutLine: {'line': b'-- Up-to-date: /home/wei/fire_scout_ws/install/px4_msgs/include/px4_msgs/px4_msgs/msg/detail/control_allocator_status__type_support.h\n'}
[0.999208] (px4_msgs) StdoutLine: {'line': b'-- Up-to-date: /home/wei/fire_scout_ws/install/px4_msgs/include/px4_msgs/px4_msgs/msg/detail/ping__struct.h\n'}
[0.999241] (px4_msgs) StdoutLine: {'line': b'-- Up-to-date: /home/wei/fire_scout_ws/install/px4_msgs/include/px4_msgs/px4_msgs/msg/detail/parameter_set_value_response__functions.h\n'}
[0.999274] (px4_msgs) StdoutLine: {'line': b'-- Up-to-date: /home/wei/fire_scout_ws/install/px4_msgs/include/px4_msgs/px4_msgs/msg/detail/fixed_wing_longitudinal_setpoint__functions.c\n'}
[0.999325] (px4_msgs) StdoutLine: {'line': b'-- Up-to-date: /home/wei/fire_scout_ws/install/px4_msgs/include/px4_msgs/px4_msgs/msg/detail/sensor_hygrometer__struct.h\n'}
[0.999358] (px4_msgs) StdoutLine: {'line': b'-- Up-to-date: /home/wei/fire_scout_ws/install/px4_msgs/include/px4_msgs/px4_msgs/msg/detail/fixed_wing_lateral_guidance_status__type_support.h\n'}
[0.999403] (px4_msgs) StdoutLine: {'line': b'-- Up-to-date: /home/wei/fire_scout_ws/install/px4_msgs/include/px4_msgs/px4_msgs/msg/detail/pps_capture__type_support.h\n'}
[0.999487] (px4_msgs) StdoutLine: {'line': b'-- Up-to-date: /home/wei/fire_scout_ws/install/px4_msgs/include/px4_msgs/px4_msgs/msg/detail/iridiumsbd_status__functions.h\n'}
[0.999530] (px4_msgs) StdoutLine: {'line': b'-- Up-to-date: /home/wei/fire_scout_ws/install/px4_msgs/include/px4_msgs/px4_msgs/msg/detail/landing_target_pose__struct.h\n'}
[0.999602] (px4_msgs) StdoutLine: {'line': b'-- Up-to-date: /home/wei/fire_scout_ws/install/px4_msgs/include/px4_msgs/px4_msgs/msg/detail/debug_key_value__functions.h\n'}
[0.999658] (px4_msgs) StdoutLine: {'line': b'-- Up-to-date: /home/wei/fire_scout_ws/install/px4_msgs/include/px4_msgs/px4_msgs/msg/detail/sensor_gyro_fft__functions.c\n'}
[0.999709] (px4_msgs) StdoutLine: {'line': b'-- Up-to-date: /home/wei/fire_scout_ws/install/px4_msgs/include/px4_msgs/px4_msgs/msg/detail/sensor_mag__functions.h\n'}
[0.999745] (px4_msgs) StdoutLine: {'line': b'-- Up-to-date: /home/wei/fire_scout_ws/install/px4_msgs/include/px4_msgs/px4_msgs/msg/detail/sensor_accel_fifo__type_support.h\n'}
[0.999788] (px4_msgs) StdoutLine: {'line': b'-- Up-to-date: /home/wei/fire_scout_ws/install/px4_msgs/include/px4_msgs/px4_msgs/msg/detail/collision_constraints__struct.h\n'}
[0.999838] (px4_msgs) StdoutLine: {'line': b'-- Up-to-date: /home/wei/fire_scout_ws/install/px4_msgs/include/px4_msgs/px4_msgs/msg/detail/yaw_estimator_status__type_support.h\n'}
[0.999872] (px4_msgs) StdoutLine: {'line': b'-- Up-to-date: /home/wei/fire_scout_ws/install/px4_msgs/include/px4_msgs/px4_msgs/msg/detail/vehicle_magnetometer__functions.h\n'}
[0.999949] (px4_msgs) StdoutLine: {'line': b'-- Up-to-date: /home/wei/fire_scout_ws/install/px4_msgs/include/px4_msgs/px4_msgs/msg/detail/vehicle_constraints__functions.c\n'}
[0.999982] (px4_msgs) StdoutLine: {'line': b'-- Up-to-date: /home/wei/fire_scout_ws/install/px4_msgs/include/px4_msgs/px4_msgs/msg/detail/sensor_accel__functions.c\n'}
[1.000016] (px4_msgs) StdoutLine: {'line': b'-- Up-to-date: /home/wei/fire_scout_ws/install/px4_msgs/include/px4_msgs/px4_msgs/msg/detail/rover_speed_setpoint__struct.h\n'}
[1.000050] (px4_msgs) StdoutLine: {'line': b'-- Up-to-date: /home/wei/fire_scout_ws/install/px4_msgs/include/px4_msgs/px4_msgs/msg/detail/parameter_update__struct.h\n'}
[1.000092] (px4_msgs) StdoutLine: {'line': b'-- Up-to-date: /home/wei/fire_scout_ws/install/px4_msgs/include/px4_msgs/px4_msgs/msg/detail/pure_pursuit_status__type_support.h\n'}
[1.000154] (px4_msgs) StdoutLine: {'line': b'-- Up-to-date: /home/wei/fire_scout_ws/install/px4_msgs/include/px4_msgs/px4_msgs/msg/detail/health_report__functions.h\n'}
[1.000217] (px4_msgs) StdoutLine: {'line': b'-- Up-to-date: /home/wei/fire_scout_ws/install/px4_msgs/include/px4_msgs/px4_msgs/msg/detail/dronecan_node_status__functions.c\n'}
[1.000253] (px4_msgs) StdoutLine: {'line': b'-- Up-to-date: /home/wei/fire_scout_ws/install/px4_msgs/include/px4_msgs/px4_msgs/msg/detail/fixed_wing_runway_control__struct.h\n'}
[1.000299] (px4_msgs) StdoutLine: {'line': b'-- Up-to-date: /home/wei/fire_scout_ws/install/px4_msgs/include/px4_msgs/px4_msgs/msg/detail/vehicle_local_position__functions.h\n'}
[1.000378] (px4_msgs) StdoutLine: {'line': b'-- Up-to-date: /home/wei/fire_scout_ws/install/px4_msgs/include/px4_msgs/px4_msgs/msg/detail/adc_report__struct.h\n'}
[1.000464] (px4_msgs) StdoutLine: {'line': b'-- Up-to-date: /home/wei/fire_scout_ws/install/px4_msgs/include/px4_msgs/px4_msgs/msg/detail/tecs_status__functions.c\n'}
[1.000525] (px4_msgs) StdoutLine: {'line': b'-- Up-to-date: /home/wei/fire_scout_ws/install/px4_msgs/include/px4_msgs/px4_msgs/msg/detail/manual_control_switches__struct.h\n'}
[1.000565] (px4_msgs) StdoutLine: {'line': b'-- Up-to-date: /home/wei/fire_scout_ws/install/px4_msgs/include/px4_msgs/px4_msgs/msg/detail/pps_capture__functions.h\n'}
[1.000649] (px4_msgs) StdoutLine: {'line': b'-- Up-to-date: /home/wei/fire_scout_ws/install/px4_msgs/include/px4_msgs/px4_msgs/msg/detail/vtol_vehicle_status__type_support.h\n'}
[1.000706] (px4_msgs) StdoutLine: {'line': b'-- Up-to-date: /home/wei/fire_scout_ws/install/px4_msgs/include/px4_msgs/px4_msgs/msg/detail/normalized_unsigned_setpoint__functions.h\n'}
[1.000743] (px4_msgs) StdoutLine: {'line': b'-- Up-to-date: /home/wei/fire_scout_ws/install/px4_msgs/include/px4_msgs/px4_msgs/msg/detail/sensors_status__functions.c\n'}
[1.000786] (px4_msgs) StdoutLine: {'line': b'-- Up-to-date: /home/wei/fire_scout_ws/install/px4_msgs/include/px4_msgs/px4_msgs/msg/detail/dataman_response__struct.h\n'}
[1.000838] (px4_msgs) StdoutLine: {'line': b'-- Up-to-date: /home/wei/fire_scout_ws/install/px4_msgs/include/px4_msgs/px4_msgs/msg/detail/vehicle_magnetometer__functions.c\n'}
[1.000872] (px4_msgs) StdoutLine: {'line': b'-- Up-to-date: /home/wei/fire_scout_ws/install/px4_msgs/include/px4_msgs/px4_msgs/msg/detail/manual_control_setpoint__functions.c\n'}
[1.000919] (px4_msgs) StdoutLine: {'line': b'-- Up-to-date: /home/wei/fire_scout_ws/install/px4_msgs/include/px4_msgs/px4_msgs/msg/detail/estimator_aid_source3d__functions.c\n'}
[1.000953] (-) TimerEvent: {}
[1.001007] (px4_msgs) StdoutLine: {'line': b'-- Up-to-date: /home/wei/fire_scout_ws/install/px4_msgs/include/px4_msgs/px4_msgs/msg/detail/vehicle_constraints__struct.h\n'}
[1.001055] (px4_msgs) StdoutLine: {'line': b'-- Up-to-date: /home/wei/fire_scout_ws/install/px4_msgs/include/px4_msgs/px4_msgs/msg/detail/sensor_combined__functions.c\n'}
[1.001112] (px4_msgs) StdoutLine: {'line': b'-- Up-to-date: /home/wei/fire_scout_ws/install/px4_msgs/include/px4_msgs/px4_msgs/msg/detail/yaw_estimator_status__functions.h\n'}
[1.001180] (px4_msgs) StdoutLine: {'line': b'-- Up-to-date: /home/wei/fire_scout_ws/install/px4_msgs/include/px4_msgs/px4_msgs/msg/detail/parameter_set_used_request__functions.h\n'}
[1.001242] (px4_msgs) StdoutLine: {'line': b'-- Up-to-date: /home/wei/fire_scout_ws/install/px4_msgs/include/px4_msgs/px4_msgs/msg/detail/dataman_request__struct.h\n'}
[1.001277] (px4_msgs) StdoutLine: {'line': b'-- Up-to-date: /home/wei/fire_scout_ws/install/px4_msgs/include/px4_msgs/px4_msgs/msg/detail/rc_channels__functions.h\n'}
[1.001356] (px4_msgs) StdoutLine: {'line': b'-- Up-to-date: /home/wei/fire_scout_ws/install/px4_msgs/include/px4_msgs/px4_msgs/msg/detail/dataman_request__functions.c\n'}
[1.001433] (px4_msgs) StdoutLine: {'line': b'-- Up-to-date: /home/wei/fire_scout_ws/install/px4_msgs/include/px4_msgs/px4_msgs/msg/detail/input_rc__functions.c\n'}
[1.001485] (px4_msgs) StdoutLine: {'line': b'-- Up-to-date: /home/wei/fire_scout_ws/install/px4_msgs/include/px4_msgs/px4_msgs/msg/detail/gps_inject_data__type_support.h\n'}
[1.001526] (px4_msgs) StdoutLine: {'line': b'-- Up-to-date: /home/wei/fire_scout_ws/install/px4_msgs/include/px4_msgs/px4_msgs/msg/detail/wheel_encoders__functions.c\n'}
[1.001574] (px4_msgs) StdoutLine: {'line': b'-- Up-to-date: /home/wei/fire_scout_ws/install/px4_msgs/include/px4_msgs/px4_msgs/msg/detail/ping__functions.c\n'}
[1.001615] (px4_msgs) StdoutLine: {'line': b'-- Up-to-date: /home/wei/fire_scout_ws/install/px4_msgs/include/px4_msgs/px4_msgs/msg/detail/vehicle_attitude_setpoint__functions.c\n'}
[1.001673] (px4_msgs) StdoutLine: {'line': b'-- Up-to-date: /home/wei/fire_scout_ws/install/px4_msgs/include/px4_msgs/px4_msgs/msg/detail/satellite_info__type_support.h\n'}
[1.001745] (px4_msgs) StdoutLine: {'line': b'-- Up-to-date: /home/wei/fire_scout_ws/install/px4_msgs/include/px4_msgs/px4_msgs/msg/detail/sensor_gnss_relative__type_support.h\n'}
[1.001779] (px4_msgs) StdoutLine: {'line': b'-- Up-to-date: /home/wei/fire_scout_ws/install/px4_msgs/include/px4_msgs/px4_msgs/msg/detail/arming_check_reply__functions.c\n'}
[1.001822] (px4_msgs) StdoutLine: {'line': b'-- Up-to-date: /home/wei/fire_scout_ws/install/px4_msgs/include/px4_msgs/px4_msgs/msg/detail/uavcan_parameter_value__functions.h\n'}
[1.001872] (px4_msgs) StdoutLine: {'line': b'-- Up-to-date: /home/wei/fire_scout_ws/install/px4_msgs/include/px4_msgs/px4_msgs/msg/detail/power_button_state__struct.h\n'}
[1.001935] (px4_msgs) StdoutLine: {'line': b'-- Up-to-date: /home/wei/fire_scout_ws/install/px4_msgs/include/px4_msgs/px4_msgs/msg/detail/rover_steering_setpoint__functions.c\n'}
[1.001970] (px4_msgs) StdoutLine: {'line': b'-- Up-to-date: /home/wei/fire_scout_ws/install/px4_msgs/include/px4_msgs/px4_msgs/msg/detail/sensor_accel_fifo__functions.c\n'}
[1.002013] (px4_msgs) StdoutLine: {'line': b'-- Up-to-date: /home/wei/fire_scout_ws/install/px4_msgs/include/px4_msgs/px4_msgs/msg/detail/actuator_outputs__functions.h\n'}
[1.002047] (px4_msgs) StdoutLine: {'line': b'-- Up-to-date: /home/wei/fire_scout_ws/install/px4_msgs/include/px4_msgs/px4_msgs/msg/detail/open_drone_id_self_id__type_support.h\n'}
[1.002080] (px4_msgs) StdoutLine: {'line': b'-- Up-to-date: /home/wei/fire_scout_ws/install/px4_msgs/include/px4_msgs/px4_msgs/msg/detail/normalized_unsigned_setpoint__struct.h\n'}
[1.002175] (px4_msgs) StdoutLine: {'line': b'-- Up-to-date: /home/wei/fire_scout_ws/install/px4_msgs/include/px4_msgs/px4_msgs/msg/detail/sensor_mag__struct.h\n'}
[1.002209] (px4_msgs) StdoutLine: {'line': b'-- Up-to-date: /home/wei/fire_scout_ws/install/px4_msgs/include/px4_msgs/px4_msgs/msg/detail/parameter_reset_request__functions.h\n'}
[1.002275] (px4_msgs) StdoutLine: {'line': b'-- Up-to-date: /home/wei/fire_scout_ws/install/px4_msgs/include/px4_msgs/px4_msgs/msg/detail/distance_sensor_mode_change_request__functions.h\n'}
[1.002309] (px4_msgs) StdoutLine: {'line': b'-- Up-to-date: /home/wei/fire_scout_ws/install/px4_msgs/include/px4_msgs/px4_msgs/msg/detail/timesync_status__type_support.h\n'}
[1.002341] (px4_msgs) StdoutLine: {'line': b'-- Up-to-date: /home/wei/fire_scout_ws/install/px4_msgs/include/px4_msgs/px4_msgs/msg/detail/estimator_sensor_bias__functions.c\n'}
[1.002421] (px4_msgs) StdoutLine: {'line': b'-- Up-to-date: /home/wei/fire_scout_ws/install/px4_msgs/include/px4_msgs/px4_msgs/msg/detail/vehicle_acceleration__type_support.h\n'}
[1.002505] (px4_msgs) StdoutLine: {'line': b'-- Up-to-date: /home/wei/fire_scout_ws/install/px4_msgs/include/px4_msgs/px4_msgs/msg/detail/camera_trigger__struct.h\n'}
[1.002543] (px4_msgs) StdoutLine: {'line': b'-- Up-to-date: /home/wei/fire_scout_ws/install/px4_msgs/include/px4_msgs/px4_msgs/msg/detail/rover_attitude_status__functions.c\n'}
[1.002592] (px4_msgs) StdoutLine: {'line': b'-- Up-to-date: /home/wei/fire_scout_ws/install/px4_msgs/include/px4_msgs/px4_msgs/msg/detail/orbit_status__functions.h\n'}
[1.002634] (px4_msgs) StdoutLine: {'line': b'-- Up-to-date: /home/wei/fire_scout_ws/install/px4_msgs/include/px4_msgs/px4_msgs/msg/detail/pwm_input__struct.h\n'}
[1.002693] (px4_msgs) StdoutLine: {'line': b'-- Up-to-date: /home/wei/fire_scout_ws/install/px4_msgs/include/px4_msgs/px4_msgs/msg/detail/tiltrotor_extra_controls__functions.c\n'}
[1.002730] (px4_msgs) StdoutLine: {'line': b'-- Up-to-date: /home/wei/fire_scout_ws/install/px4_msgs/include/px4_msgs/px4_msgs/msg/detail/gimbal_manager_information__struct.h\n'}
[1.002809] (px4_msgs) StdoutLine: {'line': b'-- Up-to-date: /home/wei/fire_scout_ws/install/px4_msgs/include/px4_msgs/px4_msgs/msg/detail/vtol_vehicle_status__functions.c\n'}
[1.002846] (px4_msgs) StdoutLine: {'line': b'-- Up-to-date: /home/wei/fire_scout_ws/install/px4_msgs/include/px4_msgs/px4_msgs/msg/detail/hover_thrust_estimate__type_support.h\n'}
[1.002907] (px4_msgs) StdoutLine: {'line': b'-- Up-to-date: /home/wei/fire_scout_ws/install/px4_msgs/include/px4_msgs/px4_msgs/msg/detail/irlock_report__functions.h\n'}
[1.002987] (px4_msgs) StdoutLine: {'line': b'-- Up-to-date: /home/wei/fire_scout_ws/install/px4_msgs/include/px4_msgs/px4_msgs/msg/detail/onboard_computer_status__functions.c\n'}
[1.003044] (px4_msgs) StdoutLine: {'line': b'-- Up-to-date: /home/wei/fire_scout_ws/install/px4_msgs/include/px4_msgs/px4_msgs/msg/detail/tiltrotor_extra_controls__type_support.h\n'}
[1.003105] (px4_msgs) StdoutLine: {'line': b'-- Up-to-date: /home/wei/fire_scout_ws/install/px4_msgs/include/px4_msgs/px4_msgs/msg/detail/rover_position_setpoint__type_support.h\n'}
[1.003141] (px4_msgs) StdoutLine: {'line': b'-- Up-to-date: /home/wei/fire_scout_ws/install/px4_msgs/include/px4_msgs/px4_msgs/msg/detail/system_power__struct.h\n'}
[1.003185] (px4_msgs) StdoutLine: {'line': b'-- Up-to-date: /home/wei/fire_scout_ws/install/px4_msgs/include/px4_msgs/px4_msgs/msg/detail/actuator_controls_status__functions.h\n'}
[1.003221] (px4_msgs) StdoutLine: {'line': b'-- Up-to-date: /home/wei/fire_scout_ws/install/px4_msgs/include/px4_msgs/px4_msgs/msg/detail/rc_parameter_map__functions.h\n'}
[1.003273] (px4_msgs) StdoutLine: {'line': b'-- Up-to-date: /home/wei/fire_scout_ws/install/px4_msgs/include/px4_msgs/px4_msgs/msg/detail/rover_rate_status__functions.c\n'}
[1.003311] (px4_msgs) StdoutLine: {'line': b'-- Up-to-date: /home/wei/fire_scout_ws/install/px4_msgs/include/px4_msgs/px4_msgs/msg/detail/battery_status__type_support.h\n'}
[1.003372] (px4_msgs) StdoutLine: {'line': b'-- Up-to-date: /home/wei/fire_scout_ws/install/px4_msgs/include/px4_msgs/px4_msgs/msg/detail/battery_info__type_support.h\n'}
[1.003459] (px4_msgs) StdoutLine: {'line': b'-- Up-to-date: /home/wei/fire_scout_ws/install/px4_msgs/include/px4_msgs/px4_msgs/msg/detail/vehicle_acceleration__functions.h\n'}
[1.003525] (px4_msgs) StdoutLine: {'line': b'-- Up-to-date: /home/wei/fire_scout_ws/install/px4_msgs/include/px4_msgs/px4_msgs/msg/detail/gripper__functions.c\n'}
[1.003579] (px4_msgs) StdoutLine: {'line': b'-- Up-to-date: /home/wei/fire_scout_ws/install/px4_msgs/include/px4_msgs/px4_msgs/msg/detail/mag_worker_data__struct.h\n'}
[1.003622] (px4_msgs) StdoutLine: {'line': b'-- Up-to-date: /home/wei/fire_scout_ws/install/px4_msgs/include/px4_msgs/px4_msgs/msg/detail/debug_vect__type_support.h\n'}
[1.003690] (px4_msgs) StdoutLine: {'line': b'-- Up-to-date: /home/wei/fire_scout_ws/install/px4_msgs/include/px4_msgs/px4_msgs/msg/detail/dataman_response__type_support.h\n'}
[1.003791] (px4_msgs) StdoutLine: {'line': b'-- Up-to-date: /home/wei/fire_scout_ws/install/px4_msgs/include/px4_msgs/px4_msgs/msg/detail/estimator_aid_source1d__struct.h\n'}
[1.003853] (px4_msgs) StdoutLine: {'line': b'-- Up-to-date: /home/wei/fire_scout_ws/install/px4_msgs/include/px4_msgs/px4_msgs/msg/detail/rate_ctrl_status__type_support.h\n'}
[1.003918] (px4_msgs) StdoutLine: {'line': b'-- Up-to-date: /home/wei/fire_scout_ws/install/px4_msgs/include/px4_msgs/px4_msgs/msg/detail/follow_target__struct.h\n'}
[1.003991] (px4_msgs) StdoutLine: {'line': b'-- Up-to-date: /home/wei/fire_scout_ws/install/px4_msgs/include/px4_msgs/px4_msgs/msg/detail/neural_control__functions.c\n'}
[1.004031] (px4_msgs) StdoutLine: {'line': b'-- Up-to-date: /home/wei/fire_scout_ws/install/px4_msgs/include/px4_msgs/px4_msgs/msg/detail/failsafe_flags__type_support.h\n'}
[1.004080] (px4_msgs) StdoutLine: {'line': b'-- Up-to-date: /home/wei/fire_scout_ws/install/px4_msgs/include/px4_msgs/px4_msgs/msg/detail/uavcan_parameter_value__type_support.h\n'}
[1.004158] (px4_msgs) StdoutLine: {'line': b'-- Up-to-date: /home/wei/fire_scout_ws/install/px4_msgs/include/px4_msgs/px4_msgs/msg/detail/sensor_accel_fifo__struct.h\n'}
[1.004217] (px4_msgs) StdoutLine: {'line': b'-- Up-to-date: /home/wei/fire_scout_ws/install/px4_msgs/include/px4_msgs/px4_msgs/msg/detail/can_interface_status__type_support.h\n'}
[1.004270] (px4_msgs) StdoutLine: {'line': b'-- Up-to-date: /home/wei/fire_scout_ws/install/px4_msgs/include/px4_msgs/px4_msgs/msg/detail/power_monitor__struct.h\n'}
[1.004308] (px4_msgs) StdoutLine: {'line': b'-- Up-to-date: /home/wei/fire_scout_ws/install/px4_msgs/include/px4_msgs/px4_msgs/msg/detail/goto_setpoint__type_support.h\n'}
[1.004341] (px4_msgs) StdoutLine: {'line': b'-- Up-to-date: /home/wei/fire_scout_ws/install/px4_msgs/include/px4_msgs/px4_msgs/msg/detail/transponder_report__functions.c\n'}
[1.004380] (px4_msgs) StdoutLine: {'line': b'-- Up-to-date: /home/wei/fire_scout_ws/install/px4_msgs/include/px4_msgs/px4_msgs/msg/detail/parameter_update__functions.h\n'}
[1.004414] (px4_msgs) StdoutLine: {'line': b'-- Up-to-date: /home/wei/fire_scout_ws/install/px4_msgs/include/px4_msgs/px4_msgs/msg/detail/failsafe_flags__struct.h\n'}
[1.004448] (px4_msgs) StdoutLine: {'line': b'-- Up-to-date: /home/wei/fire_scout_ws/install/px4_msgs/include/px4_msgs/px4_msgs/msg/detail/task_stack_info__struct.h\n'}
[1.004480] (px4_msgs) StdoutLine: {'line': b'-- Up-to-date: /home/wei/fire_scout_ws/install/px4_msgs/include/px4_msgs/px4_msgs/msg/detail/wind__struct.h\n'}
[1.004512] (px4_msgs) StdoutLine: {'line': b'-- Up-to-date: /home/wei/fire_scout_ws/install/px4_msgs/include/px4_msgs/px4_msgs/msg/detail/sensor_preflight_mag__functions.c\n'}
[1.004551] (px4_msgs) StdoutLine: {'line': b'-- Up-to-date: /home/wei/fire_scout_ws/install/px4_msgs/include/px4_msgs/px4_msgs/msg/detail/trajectory_setpoint6dof__type_support.h\n'}
[1.004598] (px4_msgs) StdoutLine: {'line': b'-- Up-to-date: /home/wei/fire_scout_ws/install/px4_msgs/include/px4_msgs/px4_msgs/msg/detail/heater_status__struct.h\n'}
[1.004636] (px4_msgs) StdoutLine: {'line': b'-- Up-to-date: /home/wei/fire_scout_ws/install/px4_msgs/include/px4_msgs/px4_msgs/msg/detail/sensor_selection__type_support.h\n'}
[1.004671] (px4_msgs) StdoutLine: {'line': b'-- Up-to-date: /home/wei/fire_scout_ws/install/px4_msgs/include/px4_msgs/px4_msgs/msg/detail/actuator_servos__functions.c\n'}
[1.004702] (px4_msgs) StdoutLine: {'line': b'-- Up-to-date: /home/wei/fire_scout_ws/install/px4_msgs/include/px4_msgs/px4_msgs/msg/detail/actuator_servos__struct.h\n'}
[1.004734] (px4_msgs) StdoutLine: {'line': b'-- Up-to-date: /home/wei/fire_scout_ws/install/px4_msgs/include/px4_msgs/px4_msgs/msg/detail/vehicle_air_data__functions.c\n'}
[1.004765] (px4_msgs) StdoutLine: {'line': b'-- Up-to-date: /home/wei/fire_scout_ws/install/px4_msgs/include/px4_msgs/px4_msgs/msg/detail/arming_check_request__functions.c\n'}
[1.004795] (px4_msgs) StdoutLine: {'line': b'-- Up-to-date: /home/wei/fire_scout_ws/install/px4_msgs/include/px4_msgs/px4_msgs/msg/detail/estimator_status__functions.h\n'}
[1.004828] (px4_msgs) StdoutLine: {'line': b'-- Up-to-date: /home/wei/fire_scout_ws/install/px4_msgs/include/px4_msgs/px4_msgs/msg/detail/tecs_status__type_support.h\n'}
[1.004863] (px4_msgs) StdoutLine: {'line': b'-- Up-to-date: /home/wei/fire_scout_ws/install/px4_msgs/include/px4_msgs/px4_msgs/msg/detail/pwm_input__functions.h\n'}
[1.004908] (px4_msgs) StdoutLine: {'line': b'-- Up-to-date: /home/wei/fire_scout_ws/install/px4_msgs/include/px4_msgs/px4_msgs/msg/detail/px4io_status__functions.c\n'}
[1.004942] (px4_msgs) StdoutLine: {'line': b'-- Up-to-date: /home/wei/fire_scout_ws/install/px4_msgs/include/px4_msgs/px4_msgs/msg/detail/geofence_result__functions.h\n'}
[1.004972] (px4_msgs) StdoutLine: {'line': b'-- Up-to-date: /home/wei/fire_scout_ws/install/px4_msgs/include/px4_msgs/px4_msgs/msg/detail/vehicle_angular_acceleration_setpoint__functions.c\n'}
[1.005006] (px4_msgs) StdoutLine: {'line': b'-- Up-to-date: /home/wei/fire_scout_ws/install/px4_msgs/include/px4_msgs/px4_msgs/msg/detail/qshell_retval__functions.h\n'}
[1.005055] (px4_msgs) StdoutLine: {'line': b'-- Up-to-date: /home/wei/fire_scout_ws/install/px4_msgs/include/px4_msgs/px4_msgs/msg/detail/message_format_response__type_support.h\n'}
[1.005086] (px4_msgs) StdoutLine: {'line': b'-- Up-to-date: /home/wei/fire_scout_ws/install/px4_msgs/include/px4_msgs/px4_msgs/msg/detail/gpio_in__functions.c\n'}
[1.005116] (px4_msgs) StdoutLine: {'line': b'-- Up-to-date: /home/wei/fire_scout_ws/install/px4_msgs/include/px4_msgs/px4_msgs/msg/detail/failsafe_flags__functions.h\n'}
[1.005149] (px4_msgs) StdoutLine: {'line': b'-- Up-to-date: /home/wei/fire_scout_ws/install/px4_msgs/include/px4_msgs/px4_msgs/msg/detail/message_format_response__functions.c\n'}
[1.005180] (px4_msgs) StdoutLine: {'line': b'-- Up-to-date: /home/wei/fire_scout_ws/install/px4_msgs/include/px4_msgs/px4_msgs/msg/detail/rover_rate_setpoint__type_support.h\n'}
[1.005213] (px4_msgs) StdoutLine: {'line': b'-- Up-to-date: /home/wei/fire_scout_ws/install/px4_msgs/include/px4_msgs/px4_msgs/msg/detail/gimbal_device_information__type_support.h\n'}
[1.005255] (px4_msgs) StdoutLine: {'line': b'-- Up-to-date: /home/wei/fire_scout_ws/install/px4_msgs/include/px4_msgs/px4_msgs/msg/detail/vehicle_command_ack__type_support.h\n'}
[1.005286] (px4_msgs) StdoutLine: {'line': b'-- Up-to-date: /home/wei/fire_scout_ws/install/px4_msgs/include/px4_msgs/px4_msgs/msg/detail/actuator_armed__functions.c\n'}
[1.005316] (px4_msgs) StdoutLine: {'line': b'-- Up-to-date: /home/wei/fire_scout_ws/install/px4_msgs/include/px4_msgs/px4_msgs/msg/detail/fuel_tank_status__functions.h\n'}
[1.005367] (px4_msgs) StdoutLine: {'line': b'-- Up-to-date: /home/wei/fire_scout_ws/install/px4_msgs/include/px4_msgs/px4_msgs/msg/detail/sensor_gyro_fft__type_support.h\n'}
[1.005418] (px4_msgs) StdoutLine: {'line': b'-- Up-to-date: /home/wei/fire_scout_ws/install/px4_msgs/include/px4_msgs/px4_msgs/msg/detail/rpm__struct.h\n'}
[1.005481] (px4_msgs) StdoutLine: {'line': b'-- Up-to-date: /home/wei/fire_scout_ws/install/px4_msgs/include/px4_msgs/px4_msgs/msg/detail/estimator_selector_status__functions.h\n'}
[1.005515] (px4_msgs) StdoutLine: {'line': b'-- Up-to-date: /home/wei/fire_scout_ws/install/px4_msgs/include/px4_msgs/px4_msgs/msg/detail/gps_dump__functions.c\n'}
[1.005549] (px4_msgs) StdoutLine: {'line': b'-- Up-to-date: /home/wei/fire_scout_ws/install/px4_msgs/include/px4_msgs/px4_msgs/msg/detail/debug_vect__functions.h\n'}
[1.005580] (px4_msgs) StdoutLine: {'line': b'-- Up-to-date: /home/wei/fire_scout_ws/install/px4_msgs/include/px4_msgs/px4_msgs/msg/detail/gps_dump__functions.h\n'}
[1.005621] (px4_msgs) StdoutLine: {'line': b'-- Up-to-date: /home/wei/fire_scout_ws/install/px4_msgs/include/px4_msgs/px4_msgs/msg/detail/failure_detector_status__functions.h\n'}
[1.005683] (px4_msgs) StdoutLine: {'line': b'-- Up-to-date: /home/wei/fire_scout_ws/install/px4_msgs/include/px4_msgs/px4_msgs/msg/detail/esc_status__type_support.h\n'}
[1.005734] (px4_msgs) StdoutLine: {'line': b'-- Up-to-date: /home/wei/fire_scout_ws/install/px4_msgs/include/px4_msgs/px4_msgs/msg/detail/sensor_accel__struct.h\n'}
[1.005817] (px4_msgs) StdoutLine: {'line': b'-- Up-to-date: /home/wei/fire_scout_ws/install/px4_msgs/include/px4_msgs/px4_msgs/msg/detail/control_allocator_status__functions.h\n'}
[1.005861] (px4_msgs) StdoutLine: {'line': b'-- Up-to-date: /home/wei/fire_scout_ws/install/px4_msgs/include/px4_msgs/px4_msgs/msg/detail/vehicle_control_mode__functions.h\n'}
[1.005907] (px4_msgs) StdoutLine: {'line': b'-- Up-to-date: /home/wei/fire_scout_ws/install/px4_msgs/include/px4_msgs/px4_msgs/msg/detail/vehicle_angular_acceleration_setpoint__type_support.h\n'}
[1.005956] (px4_msgs) StdoutLine: {'line': b'-- Up-to-date: /home/wei/fire_scout_ws/install/px4_msgs/include/px4_msgs/px4_msgs/msg/detail/camera_trigger__functions.h\n'}
[1.005992] (px4_msgs) StdoutLine: {'line': b'-- Up-to-date: /home/wei/fire_scout_ws/install/px4_msgs/include/px4_msgs/px4_msgs/msg/detail/position_setpoint_triplet__functions.c\n'}
[1.006027] (px4_msgs) StdoutLine: {'line': b'-- Up-to-date: /home/wei/fire_scout_ws/install/px4_msgs/include/px4_msgs/px4_msgs/msg/detail/differential_pressure__struct.h\n'}
[1.006061] (px4_msgs) StdoutLine: {'line': b'-- Up-to-date: /home/wei/fire_scout_ws/install/px4_msgs/include/px4_msgs/px4_msgs/msg/detail/actuator_servos__type_support.h\n'}
[1.006110] (px4_msgs) StdoutLine: {'line': b'-- Up-to-date: /home/wei/fire_scout_ws/install/px4_msgs/include/px4_msgs/px4_msgs/msg/detail/vehicle_odometry__functions.c\n'}
[1.006176] (px4_msgs) StdoutLine: {'line': b'-- Up-to-date: /home/wei/fire_scout_ws/install/px4_msgs/include/px4_msgs/px4_msgs/msg/detail/position_setpoint__struct.h\n'}
[1.006210] (px4_msgs) StdoutLine: {'line': b'-- Up-to-date: /home/wei/fire_scout_ws/install/px4_msgs/include/px4_msgs/px4_msgs/msg/detail/uavcan_parameter_request__functions.h\n'}
[1.006245] (px4_msgs) StdoutLine: {'line': b'-- Up-to-date: /home/wei/fire_scout_ws/install/px4_msgs/include/px4_msgs/px4_msgs/msg/detail/parameter_set_used_request__struct.h\n'}
[1.006294] (px4_msgs) StdoutLine: {'line': b'-- Up-to-date: /home/wei/fire_scout_ws/install/px4_msgs/include/px4_msgs/px4_msgs/msg/detail/gimbal_device_attitude_status__functions.h\n'}
[1.006353] (px4_msgs) StdoutLine: {'line': b'-- Up-to-date: /home/wei/fire_scout_ws/install/px4_msgs/include/px4_msgs/px4_msgs/msg/detail/config_overrides__functions.h\n'}
[1.006392] (px4_msgs) StdoutLine: {'line': b'-- Up-to-date: /home/wei/fire_scout_ws/install/px4_msgs/include/px4_msgs/px4_msgs/msg/detail/mode_completed__type_support.h\n'}
[1.006444] (px4_msgs) StdoutLine: {'line': b'-- Up-to-date: /home/wei/fire_scout_ws/install/px4_msgs/include/px4_msgs/px4_msgs/msg/detail/sensor_correction__struct.h\n'}
[1.006509] (px4_msgs) StdoutLine: {'line': b'-- Up-to-date: /home/wei/fire_scout_ws/install/px4_msgs/include/px4_msgs/px4_msgs/msg/detail/camera_trigger__type_support.h\n'}
[1.006567] (px4_msgs) StdoutLine: {'line': b'-- Up-to-date: /home/wei/fire_scout_ws/install/px4_msgs/include/px4_msgs/px4_msgs/msg/detail/vehicle_imu__struct.h\n'}
[1.006603] (px4_msgs) StdoutLine: {'line': b'-- Up-to-date: /home/wei/fire_scout_ws/install/px4_msgs/include/px4_msgs/px4_msgs/msg/detail/yaw_estimator_status__functions.c\n'}
[1.006648] (px4_msgs) StdoutLine: {'line': b'-- Up-to-date: /home/wei/fire_scout_ws/install/px4_msgs/include/px4_msgs/px4_msgs/msg/detail/arming_check_request__type_support.h\n'}
[1.006702] (px4_msgs) StdoutLine: {'line': b'-- Up-to-date: /home/wei/fire_scout_ws/install/px4_msgs/include/px4_msgs/px4_msgs/msg/detail/vehicle_command__struct.h\n'}
[1.006760] (px4_msgs) StdoutLine: {'line': b'-- Up-to-date: /home/wei/fire_scout_ws/install/px4_msgs/include/px4_msgs/px4_msgs/msg/detail/px4io_status__functions.h\n'}
[1.006851] (px4_msgs) StdoutLine: {'line': b'-- Up-to-date: /home/wei/fire_scout_ws/install/px4_msgs/include/px4_msgs/px4_msgs/msg/detail/landing_target_innovations__type_support.h\n'}
[1.006896] (px4_msgs) StdoutLine: {'line': b'-- Up-to-date: /home/wei/fire_scout_ws/install/px4_msgs/include/px4_msgs/px4_msgs/msg/detail/distance_sensor_mode_change_request__functions.c\n'}
[1.006971] (px4_msgs) StdoutLine: {'line': b'-- Up-to-date: /home/wei/fire_scout_ws/install/px4_msgs/include/px4_msgs/px4_msgs/msg/detail/vehicle_optical_flow__struct.h\n'}
[1.007016] (px4_msgs) StdoutLine: {'line': b'-- Up-to-date: /home/wei/fire_scout_ws/install/px4_msgs/include/px4_msgs/px4_msgs/msg/detail/sensor_airflow__functions.h\n'}
[1.007050] (px4_msgs) StdoutLine: {'line': b'-- Up-to-date: /home/wei/fire_scout_ws/install/px4_msgs/include/px4_msgs/px4_msgs/msg/detail/takeoff_status__functions.h\n'}
[1.007098] (px4_msgs) StdoutLine: {'line': b'-- Up-to-date: /home/wei/fire_scout_ws/install/px4_msgs/include/px4_msgs/px4_msgs/msg/detail/vehicle_attitude_setpoint__type_support.h\n'}
[1.007151] (px4_msgs) StdoutLine: {'line': b'-- Up-to-date: /home/wei/fire_scout_ws/install/px4_msgs/include/px4_msgs/px4_msgs/msg/detail/gpio_out__type_support.h\n'}
[1.007207] (px4_msgs) StdoutLine: {'line': b'-- Up-to-date: /home/wei/fire_scout_ws/install/px4_msgs/include/px4_msgs/px4_msgs/msg/detail/pure_pursuit_status__struct.h\n'}
[1.007278] (px4_msgs) StdoutLine: {'line': b'-- Up-to-date: /home/wei/fire_scout_ws/install/px4_msgs/include/px4_msgs/px4_msgs/msg/detail/sensor_airflow__type_support.h\n'}
[1.007339] (px4_msgs) StdoutLine: {'line': b'-- Up-to-date: /home/wei/fire_scout_ws/install/px4_msgs/include/px4_msgs/px4_msgs/msg/detail/distance_sensor_mode_change_request__struct.h\n'}
[1.007398] (px4_msgs) StdoutLine: {'line': b'-- Up-to-date: /home/wei/fire_scout_ws/install/px4_msgs/include/px4_msgs/px4_msgs/msg/detail/failure_detector_status__type_support.h\n'}
[1.007481] (px4_msgs) StdoutLine: {'line': b'-- Up-to-date: /home/wei/fire_scout_ws/install/px4_msgs/include/px4_msgs/px4_msgs/msg/detail/rover_speed_status__struct.h\n'}
[1.007555] (px4_msgs) StdoutLine: {'line': b'-- Up-to-date: /home/wei/fire_scout_ws/install/px4_msgs/include/px4_msgs/px4_msgs/msg/detail/vehicle_land_detected__type_support.h\n'}
[1.007631] (px4_msgs) StdoutLine: {'line': b'-- Up-to-date: /home/wei/fire_scout_ws/install/px4_msgs/include/px4_msgs/px4_msgs/msg/detail/vehicle_optical_flow__type_support.h\n'}
[1.007673] (px4_msgs) StdoutLine: {'line': b'-- Up-to-date: /home/wei/fire_scout_ws/install/px4_msgs/include/px4_msgs/px4_msgs/msg/detail/vehicle_local_position_setpoint__functions.h\n'}
[1.007734] (px4_msgs) StdoutLine: {'line': b'-- Up-to-date: /home/wei/fire_scout_ws/install/px4_msgs/include/px4_msgs/px4_msgs/msg/detail/mavlink_tunnel__functions.h\n'}
[1.007798] (px4_msgs) StdoutLine: {'line': b'-- Up-to-date: /home/wei/fire_scout_ws/install/px4_msgs/include/px4_msgs/px4_msgs/msg/detail/gpio_in__functions.h\n'}
[1.007856] (px4_msgs) StdoutLine: {'line': b'-- Up-to-date: /home/wei/fire_scout_ws/install/px4_msgs/include/px4_msgs/px4_msgs/msg/detail/takeoff_status__struct.h\n'}
[1.007901] (px4_msgs) StdoutLine: {'line': b'-- Up-to-date: /home/wei/fire_scout_ws/install/px4_msgs/include/px4_msgs/px4_msgs/msg/detail/event__functions.h\n'}
[1.007941] (px4_msgs) StdoutLine: {'line': b'-- Up-to-date: /home/wei/fire_scout_ws/install/px4_msgs/include/px4_msgs/px4_msgs/msg/detail/lateral_control_configuration__type_support.h\n'}
[1.007997] (px4_msgs) StdoutLine: {'line': b'-- Up-to-date: /home/wei/fire_scout_ws/install/px4_msgs/include/px4_msgs/px4_msgs/msg/detail/gpio_in__type_support.h\n'}
[1.008083] (px4_msgs) StdoutLine: {'line': b'-- Up-to-date: /home/wei/fire_scout_ws/install/px4_msgs/include/px4_msgs/px4_msgs/msg/detail/vehicle_thrust_setpoint__functions.h\n'}
[1.008123] (px4_msgs) StdoutLine: {'line': b'-- Up-to-date: /home/wei/fire_scout_ws/install/px4_msgs/include/px4_msgs/px4_msgs/msg/detail/rate_ctrl_status__struct.h\n'}
[1.008178] (px4_msgs) StdoutLine: {'line': b'-- Up-to-date: /home/wei/fire_scout_ws/install/px4_msgs/include/px4_msgs/px4_msgs/msg/detail/vehicle_magnetometer__struct.h\n'}
[1.008236] (px4_msgs) StdoutLine: {'line': b'-- Up-to-date: /home/wei/fire_scout_ws/install/px4_msgs/include/px4_msgs/px4_msgs/msg/detail/vehicle_land_detected__functions.h\n'}
[1.008321] (px4_msgs) StdoutLine: {'line': b'-- Up-to-date: /home/wei/fire_scout_ws/install/px4_msgs/include/px4_msgs/px4_msgs/msg/detail/mavlink_log__functions.c\n'}
[1.008404] (px4_msgs) StdoutLine: {'line': b'-- Up-to-date: /home/wei/fire_scout_ws/install/px4_msgs/include/px4_msgs/px4_msgs/msg/detail/vehicle_torque_setpoint__struct.h\n'}
[1.008493] (px4_msgs) StdoutLine: {'line': b'-- Up-to-date: /home/wei/fire_scout_ws/install/px4_msgs/include/px4_msgs/px4_msgs/msg/detail/vehicle_roi__functions.c\n'}
[1.008538] (px4_msgs) StdoutLine: {'line': b'-- Up-to-date: /home/wei/fire_scout_ws/install/px4_msgs/include/px4_msgs/px4_msgs/msg/detail/navigator_mission_item__struct.h\n'}
[1.008580] (px4_msgs) StdoutLine: {'line': b'-- Up-to-date: /home/wei/fire_scout_ws/install/px4_msgs/include/px4_msgs/px4_msgs/msg/detail/qshell_req__type_support.h\n'}
[1.008633] (px4_msgs) StdoutLine: {'line': b'-- Up-to-date: /home/wei/fire_scout_ws/install/px4_msgs/include/px4_msgs/px4_msgs/msg/detail/fuel_tank_status__struct.h\n'}
[1.008673] (px4_msgs) StdoutLine: {'line': b'-- Up-to-date: /home/wei/fire_scout_ws/install/px4_msgs/include/px4_msgs/px4_msgs/msg/detail/follow_target_estimator__functions.h\n'}
[1.008782] (px4_msgs) StdoutLine: {'line': b'-- Up-to-date: /home/wei/fire_scout_ws/install/px4_msgs/include/px4_msgs/px4_msgs/msg/detail/debug_array__type_support.h\n'}
[1.008865] (px4_msgs) StdoutLine: {'line': b'-- Up-to-date: /home/wei/fire_scout_ws/install/px4_msgs/include/px4_msgs/px4_msgs/msg/detail/ekf2_timestamps__functions.h\n'}
[1.008927] (px4_msgs) StdoutLine: {'line': b'-- Up-to-date: /home/wei/fire_scout_ws/install/px4_msgs/include/px4_msgs/px4_msgs/msg/detail/register_ext_component_reply__type_support.h\n'}
[1.008964] (px4_msgs) StdoutLine: {'line': b'-- Up-to-date: /home/wei/fire_scout_ws/install/px4_msgs/include/px4_msgs/px4_msgs/msg/detail/gimbal_manager_status__struct.h\n'}
[1.009007] (px4_msgs) StdoutLine: {'line': b'-- Up-to-date: /home/wei/fire_scout_ws/install/px4_msgs/include/px4_msgs/px4_msgs/msg/detail/position_setpoint_triplet__struct.h\n'}
[1.009046] (px4_msgs) StdoutLine: {'line': b'-- Up-to-date: /home/wei/fire_scout_ws/install/px4_msgs/include/px4_msgs/px4_msgs/msg/detail/register_ext_component_reply__struct.h\n'}
[1.009126] (px4_msgs) StdoutLine: {'line': b'-- Up-to-date: /home/wei/fire_scout_ws/install/px4_msgs/include/px4_msgs/px4_msgs/msg/detail/fixed_wing_lateral_setpoint__functions.h\n'}
[1.009183] (px4_msgs) StdoutLine: {'line': b'-- Up-to-date: /home/wei/fire_scout_ws/install/px4_msgs/include/px4_msgs/px4_msgs/msg/detail/mission__type_support.h\n'}
[1.009251] (px4_msgs) StdoutLine: {'line': b'-- Up-to-date: /home/wei/fire_scout_ws/install/px4_msgs/include/px4_msgs/px4_msgs/msg/detail/parameter_set_used_request__functions.c\n'}
[1.009308] (px4_msgs) StdoutLine: {'line': b'-- Up-to-date: /home/wei/fire_scout_ws/install/px4_msgs/include/px4_msgs/px4_msgs/msg/detail/estimator_gps_status__functions.h\n'}
[1.009370] (px4_msgs) StdoutLine: {'line': b'-- Up-to-date: /home/wei/fire_scout_ws/install/px4_msgs/include/px4_msgs/px4_msgs/msg/detail/estimator_status_flags__type_support.h\n'}
[1.009472] (px4_msgs) StdoutLine: {'line': b'-- Up-to-date: /home/wei/fire_scout_ws/install/px4_msgs/include/px4_msgs/px4_msgs/msg/detail/dronecan_node_status__struct.h\n'}
[1.009511] (px4_msgs) StdoutLine: {'line': b'-- Up-to-date: /home/wei/fire_scout_ws/install/px4_msgs/include/px4_msgs/px4_msgs/msg/detail/dataman_request__type_support.h\n'}
[1.009557] (px4_msgs) StdoutLine: {'line': b'-- Up-to-date: /home/wei/fire_scout_ws/install/px4_msgs/include/px4_msgs/px4_msgs/msg/detail/navigator_mission_item__functions.h\n'}
[1.009612] (px4_msgs) StdoutLine: {'line': b'-- Up-to-date: /home/wei/fire_scout_ws/install/px4_msgs/include/px4_msgs/px4_msgs/msg/detail/vehicle_command__functions.h\n'}
[1.009648] (px4_msgs) StdoutLine: {'line': b'-- Up-to-date: /home/wei/fire_scout_ws/install/px4_msgs/include/px4_msgs/px4_msgs/msg/detail/collision_constraints__type_support.h\n'}
[1.009701] (px4_msgs) StdoutLine: {'line': b'-- Up-to-date: /home/wei/fire_scout_ws/install/px4_msgs/include/px4_msgs/px4_msgs/msg/detail/wheel_encoders__struct.h\n'}
[1.009771] (px4_msgs) StdoutLine: {'line': b'-- Up-to-date: /home/wei/fire_scout_ws/install/px4_msgs/include/px4_msgs/px4_msgs/msg/detail/ekf2_timestamps__type_support.h\n'}
[1.009808] (px4_msgs) StdoutLine: {'line': b'-- Up-to-date: /home/wei/fire_scout_ws/install/px4_msgs/include/px4_msgs/px4_msgs/msg/detail/tiltrotor_extra_controls__struct.h\n'}
[1.009854] (px4_msgs) StdoutLine: {'line': b'-- Up-to-date: /home/wei/fire_scout_ws/install/px4_msgs/include/px4_msgs/px4_msgs/msg/detail/telemetry_status__struct.h\n'}
[1.009913] (px4_msgs) StdoutLine: {'line': b'-- Up-to-date: /home/wei/fire_scout_ws/install/px4_msgs/include/px4_msgs/px4_msgs/msg/detail/wheel_encoders__type_support.h\n'}
[1.009983] (px4_msgs) StdoutLine: {'line': b'-- Up-to-date: /home/wei/fire_scout_ws/install/px4_msgs/include/px4_msgs/px4_msgs/msg/detail/estimator_sensor_bias__struct.h\n'}
[1.010034] (px4_msgs) StdoutLine: {'line': b'-- Up-to-date: /home/wei/fire_scout_ws/install/px4_msgs/include/px4_msgs/px4_msgs/msg/detail/actuator_controls_status__functions.c\n'}
[1.010082] (px4_msgs) StdoutLine: {'line': b'-- Up-to-date: /home/wei/fire_scout_ws/install/px4_msgs/include/px4_msgs/px4_msgs/msg/detail/pure_pursuit_status__functions.h\n'}
[1.010113] (px4_msgs) StdoutLine: {'line': b'-- Up-to-date: /home/wei/fire_scout_ws/install/px4_msgs/include/px4_msgs/px4_msgs/msg/detail/gps_inject_data__functions.h\n'}
[1.010145] (px4_msgs) StdoutLine: {'line': b'-- Up-to-date: /home/wei/fire_scout_ws/install/px4_msgs/include/px4_msgs/px4_msgs/msg/detail/rover_steering_setpoint__functions.h\n'}
[1.010177] (px4_msgs) StdoutLine: {'line': b'-- Up-to-date: /home/wei/fire_scout_ws/install/px4_msgs/include/px4_msgs/px4_msgs/msg/detail/gripper__struct.h\n'}
[1.010208] (px4_msgs) StdoutLine: {'line': b'-- Up-to-date: /home/wei/fire_scout_ws/install/px4_msgs/include/px4_msgs/px4_msgs/msg/detail/fixed_wing_lateral_guidance_status__functions.h\n'}
[1.010239] (px4_msgs) StdoutLine: {'line': b'-- Up-to-date: /home/wei/fire_scout_ws/install/px4_msgs/include/px4_msgs/px4_msgs/msg/detail/airspeed__type_support.h\n'}
[1.010270] (px4_msgs) StdoutLine: {'line': b'-- Up-to-date: /home/wei/fire_scout_ws/install/px4_msgs/include/px4_msgs/px4_msgs/msg/detail/gimbal_manager_set_manual_control__type_support.h\n'}
[1.010302] (px4_msgs) StdoutLine: {'line': b'-- Up-to-date: /home/wei/fire_scout_ws/install/px4_msgs/include/px4_msgs/px4_msgs/msg/detail/internal_combustion_engine_status__functions.c\n'}
[1.010332] (px4_msgs) StdoutLine: {'line': b'-- Up-to-date: /home/wei/fire_scout_ws/install/px4_msgs/include/px4_msgs/px4_msgs/msg/detail/manual_control_switches__functions.c\n'}
[1.010362] (px4_msgs) StdoutLine: {'line': b'-- Up-to-date: /home/wei/fire_scout_ws/install/px4_msgs/include/px4_msgs/px4_msgs/msg/detail/ulog_stream__functions.c\n'}
[1.010401] (px4_msgs) StdoutLine: {'line': b'-- Up-to-date: /home/wei/fire_scout_ws/install/px4_msgs/include/px4_msgs/px4_msgs/msg/detail/orb_test_large__functions.h\n'}
[1.010457] (px4_msgs) StdoutLine: {'line': b'-- Up-to-date: /home/wei/fire_scout_ws/install/px4_msgs/include/px4_msgs/px4_msgs/msg/detail/fixed_wing_runway_control__functions.h\n'}
[1.010488] (px4_msgs) StdoutLine: {'line': b'-- Up-to-date: /home/wei/fire_scout_ws/install/px4_msgs/include/px4_msgs/px4_msgs/msg/detail/estimator_gps_status__struct.h\n'}
[1.010520] (px4_msgs) StdoutLine: {'line': b'-- Up-to-date: /home/wei/fire_scout_ws/install/px4_msgs/include/px4_msgs/px4_msgs/msg/detail/airspeed_wind__struct.h\n'}
[1.010552] (px4_msgs) StdoutLine: {'line': b'-- Up-to-date: /home/wei/fire_scout_ws/install/px4_msgs/include/px4_msgs/px4_msgs/msg/detail/rover_attitude_setpoint__struct.h\n'}
[1.010586] (px4_msgs) StdoutLine: {'line': b'-- Up-to-date: /home/wei/fire_scout_ws/install/px4_msgs/include/px4_msgs/px4_msgs/msg/detail/follow_target_status__type_support.h\n'}
[1.010620] (px4_msgs) StdoutLine: {'line': b'-- Up-to-date: /home/wei/fire_scout_ws/install/px4_msgs/include/px4_msgs/px4_msgs/msg/detail/sensor_uwb__functions.c\n'}
[1.010685] (px4_msgs) StdoutLine: {'line': b'-- Up-to-date: /home/wei/fire_scout_ws/install/px4_msgs/include/px4_msgs/px4_msgs/msg/detail/lateral_control_configuration__struct.h\n'}
[1.010720] (px4_msgs) StdoutLine: {'line': b'-- Up-to-date: /home/wei/fire_scout_ws/install/px4_msgs/include/px4_msgs/px4_msgs/msg/detail/system_power__functions.c\n'}
[1.010753] (px4_msgs) StdoutLine: {'line': b'-- Up-to-date: /home/wei/fire_scout_ws/install/px4_msgs/include/px4_msgs/px4_msgs/msg/detail/orb_test_large__type_support.h\n'}
[1.010784] (px4_msgs) StdoutLine: {'line': b'-- Up-to-date: /home/wei/fire_scout_ws/install/px4_msgs/include/px4_msgs/px4_msgs/msg/detail/register_ext_component_request__functions.c\n'}
[1.010830] (px4_msgs) StdoutLine: {'line': b'-- Up-to-date: /home/wei/fire_scout_ws/install/px4_msgs/include/px4_msgs/px4_msgs/msg/detail/magnetometer_bias_estimate__functions.h\n'}
[1.010867] (px4_msgs) StdoutLine: {'line': b'-- Up-to-date: /home/wei/fire_scout_ws/install/px4_msgs/include/px4_msgs/px4_msgs/msg/detail/debug_array__struct.h\n'}
[1.010897] (px4_msgs) StdoutLine: {'line': b'-- Up-to-date: /home/wei/fire_scout_ws/install/px4_msgs/include/px4_msgs/px4_msgs/msg/detail/follow_target_status__struct.h\n'}
[1.010926] (px4_msgs) StdoutLine: {'line': b'-- Up-to-date: /home/wei/fire_scout_ws/install/px4_msgs/include/px4_msgs/px4_msgs/msg/detail/landing_target_innovations__struct.h\n'}
[1.010955] (px4_msgs) StdoutLine: {'line': b'-- Up-to-date: /home/wei/fire_scout_ws/install/px4_msgs/include/px4_msgs/px4_msgs/msg/detail/actuator_motors__functions.h\n'}
[1.010986] (px4_msgs) StdoutLine: {'line': b'-- Up-to-date: /home/wei/fire_scout_ws/install/px4_msgs/include/px4_msgs/px4_msgs/msg/detail/adc_report__functions.h\n'}
[1.011015] (px4_msgs) StdoutLine: {'line': b'-- Up-to-date: /home/wei/fire_scout_ws/install/px4_msgs/include/px4_msgs/px4_msgs/msg/detail/estimator_event_flags__type_support.h\n'}
[1.011046] (px4_msgs) StdoutLine: {'line': b'-- Up-to-date: /home/wei/fire_scout_ws/install/px4_msgs/include/px4_msgs/px4_msgs/msg/detail/onboard_computer_status__type_support.h\n'}
[1.011088] (px4_msgs) StdoutLine: {'line': b'-- Up-to-date: /home/wei/fire_scout_ws/install/px4_msgs/include/px4_msgs/px4_msgs/msg/detail/sensor_gyro_fft__functions.h\n'}
[1.011121] (px4_msgs) StdoutLine: {'line': b'-- Up-to-date: /home/wei/fire_scout_ws/install/px4_msgs/include/px4_msgs/px4_msgs/msg/detail/actuator_outputs__type_support.h\n'}
[1.011152] (px4_msgs) StdoutLine: {'line': b'-- Up-to-date: /home/wei/fire_scout_ws/install/px4_msgs/include/px4_msgs/px4_msgs/msg/detail/velocity_limits__functions.c\n'}
[1.011183] (px4_msgs) StdoutLine: {'line': b'-- Up-to-date: /home/wei/fire_scout_ws/install/px4_msgs/include/px4_msgs/px4_msgs/msg/detail/actuator_test__functions.h\n'}
[1.011214] (px4_msgs) StdoutLine: {'line': b'-- Up-to-date: /home/wei/fire_scout_ws/install/px4_msgs/include/px4_msgs/px4_msgs/msg/detail/fixed_wing_lateral_status__type_support.h\n'}
[1.011258] (px4_msgs) StdoutLine: {'line': b'-- Up-to-date: /home/wei/fire_scout_ws/install/px4_msgs/include/px4_msgs/px4_msgs/msg/detail/estimator_sensor_bias__type_support.h\n'}
[1.011292] (px4_msgs) StdoutLine: {'line': b'-- Up-to-date: /home/wei/fire_scout_ws/install/px4_msgs/include/px4_msgs/px4_msgs/msg/detail/ping__functions.h\n'}
[1.011325] (px4_msgs) StdoutLine: {'line': b'-- Up-to-date: /home/wei/fire_scout_ws/install/px4_msgs/include/px4_msgs/px4_msgs/msg/detail/rate_ctrl_status__functions.c\n'}
[1.011357] (px4_msgs) StdoutLine: {'line': b'-- Up-to-date: /home/wei/fire_scout_ws/install/px4_msgs/include/px4_msgs/px4_msgs/msg/detail/position_setpoint__functions.h\n'}
[1.011397] (px4_msgs) StdoutLine: {'line': b'-- Up-to-date: /home/wei/fire_scout_ws/install/px4_msgs/include/px4_msgs/px4_msgs/msg/detail/rover_speed_status__functions.c\n'}
[1.011448] (px4_msgs) StdoutLine: {'line': b'-- Up-to-date: /home/wei/fire_scout_ws/install/px4_msgs/include/px4_msgs/px4_msgs/msg/detail/mission_result__functions.h\n'}
[1.011484] (px4_msgs) StdoutLine: {'line': b'-- Up-to-date: /home/wei/fire_scout_ws/install/px4_msgs/include/px4_msgs/px4_msgs/msg/detail/sensor_gnss_relative__functions.c\n'}
[1.011522] (px4_msgs) StdoutLine: {'line': b'-- Up-to-date: /home/wei/fire_scout_ws/install/px4_msgs/include/px4_msgs/px4_msgs/msg/detail/follow_target_estimator__struct.h\n'}
[1.011566] (px4_msgs) StdoutLine: {'line': b'-- Up-to-date: /home/wei/fire_scout_ws/install/px4_msgs/include/px4_msgs/px4_msgs/msg/detail/sensor_gnss_relative__struct.h\n'}
[1.011611] (px4_msgs) StdoutLine: {'line': b'-- Up-to-date: /home/wei/fire_scout_ws/install/px4_msgs/include/px4_msgs/px4_msgs/msg/detail/manual_control_switches__functions.h\n'}
[1.011658] (px4_msgs) StdoutLine: {'line': b'-- Up-to-date: /home/wei/fire_scout_ws/install/px4_msgs/include/px4_msgs/px4_msgs/msg/detail/vehicle_angular_velocity__type_support.h\n'}
[1.011705] (px4_msgs) StdoutLine: {'line': b'-- Up-to-date: /home/wei/fire_scout_ws/install/px4_msgs/include/px4_msgs/px4_msgs/msg/detail/mag_worker_data__type_support.h\n'}
[1.011744] (px4_msgs) StdoutLine: {'line': b'-- Up-to-date: /home/wei/fire_scout_ws/install/px4_msgs/include/px4_msgs/px4_msgs/msg/detail/gimbal_manager_information__functions.c\n'}
[1.011778] (px4_msgs) StdoutLine: {'line': b'-- Up-to-date: /home/wei/fire_scout_ws/install/px4_msgs/include/px4_msgs/px4_msgs/msg/detail/logger_status__functions.c\n'}
[1.011809] (px4_msgs) StdoutLine: {'line': b'-- Up-to-date: /home/wei/fire_scout_ws/install/px4_msgs/include/px4_msgs/px4_msgs/msg/detail/iridiumsbd_status__struct.h\n'}
[1.011845] (px4_msgs) StdoutLine: {'line': b'-- Up-to-date: /home/wei/fire_scout_ws/install/px4_msgs/include/px4_msgs/px4_msgs/msg/detail/parameter_set_value_request__functions.c\n'}
[1.011903] (px4_msgs) StdoutLine: {'line': b'-- Up-to-date: /home/wei/fire_scout_ws/install/px4_msgs/include/px4_msgs/px4_msgs/msg/detail/manual_control_setpoint__functions.h\n'}
[1.011958] (px4_msgs) StdoutLine: {'line': b'-- Up-to-date: /home/wei/fire_scout_ws/install/px4_msgs/include/px4_msgs/px4_msgs/msg/detail/button_event__functions.h\n'}
[1.011989] (px4_msgs) StdoutLine: {'line': b'-- Up-to-date: /home/wei/fire_scout_ws/install/px4_msgs/include/px4_msgs/px4_msgs/msg/detail/can_interface_status__struct.h\n'}
[1.012021] (px4_msgs) StdoutLine: {'line': b'-- Up-to-date: /home/wei/fire_scout_ws/install/px4_msgs/include/px4_msgs/px4_msgs/msg/detail/gimbal_device_information__functions.h\n'}
[1.012052] (px4_msgs) StdoutLine: {'line': b'-- Up-to-date: /home/wei/fire_scout_ws/install/px4_msgs/include/px4_msgs/px4_msgs/msg/detail/unregister_ext_component__type_support.h\n'}
[1.012098] (px4_msgs) StdoutLine: {'line': b'-- Up-to-date: /home/wei/fire_scout_ws/install/px4_msgs/include/px4_msgs/px4_msgs/msg/detail/gpio_config__type_support.h\n'}
[1.012130] (px4_msgs) StdoutLine: {'line': b'-- Up-to-date: /home/wei/fire_scout_ws/install/px4_msgs/include/px4_msgs/px4_msgs/msg/detail/telemetry_status__functions.h\n'}
[1.012174] (px4_msgs) StdoutLine: {'line': b'-- Up-to-date: /home/wei/fire_scout_ws/install/px4_msgs/include/px4_msgs/px4_msgs/msg/detail/actuator_motors__type_support.h\n'}
[1.012222] (px4_msgs) StdoutLine: {'line': b'-- Up-to-date: /home/wei/fire_scout_ws/install/px4_msgs/include/px4_msgs/px4_msgs/msg/detail/hover_thrust_estimate__struct.h\n'}
[1.012290] (px4_msgs) StdoutLine: {'line': b'-- Up-to-date: /home/wei/fire_scout_ws/install/px4_msgs/include/px4_msgs/px4_msgs/msg/detail/airspeed__functions.c\n'}
[1.012329] (px4_msgs) StdoutLine: {'line': b'-- Up-to-date: /home/wei/fire_scout_ws/install/px4_msgs/include/px4_msgs/px4_msgs/msg/detail/vehicle_optical_flow_vel__functions.c\n'}
[1.012376] (px4_msgs) StdoutLine: {'line': b'-- Up-to-date: /home/wei/fire_scout_ws/install/px4_msgs/include/px4_msgs/px4_msgs/msg/detail/mount_orientation__type_support.h\n'}
[1.012502] (px4_msgs) StdoutLine: {'line': b'-- Up-to-date: /home/wei/fire_scout_ws/install/px4_msgs/include/px4_msgs/px4_msgs/msg/detail/action_request__functions.h\n'}
[1.012559] (px4_msgs) StdoutLine: {'line': b'-- Up-to-date: /home/wei/fire_scout_ws/install/px4_msgs/include/px4_msgs/px4_msgs/msg/detail/vehicle_acceleration__struct.h\n'}
[1.012629] (px4_msgs) StdoutLine: {'line': b'-- Up-to-date: /home/wei/fire_scout_ws/install/px4_msgs/include/px4_msgs/px4_msgs/msg/detail/gimbal_manager_set_manual_control__functions.c\n'}
[1.012689] (px4_msgs) StdoutLine: {'line': b'-- Up-to-date: /home/wei/fire_scout_ws/install/px4_msgs/include/px4_msgs/px4_msgs/msg/detail/power_button_state__functions.c\n'}
[1.012736] (px4_msgs) StdoutLine: {'line': b'-- Up-to-date: /home/wei/fire_scout_ws/install/px4_msgs/include/px4_msgs/px4_msgs/msg/detail/onboard_computer_status__struct.h\n'}
[1.012771] (px4_msgs) StdoutLine: {'line': b'-- Up-to-date: /home/wei/fire_scout_ws/install/px4_msgs/include/px4_msgs/px4_msgs/msg/detail/action_request__struct.h\n'}
[1.012821] (px4_msgs) StdoutLine: {'line': b'-- Up-to-date: /home/wei/fire_scout_ws/install/px4_msgs/include/px4_msgs/px4_msgs/msg/detail/cpuload__type_support.h\n'}
[1.012887] (px4_msgs) StdoutLine: {'line': b'-- Up-to-date: /home/wei/fire_scout_ws/install/px4_msgs/include/px4_msgs/px4_msgs/msg/detail/parameter_set_value_request__type_support.h\n'}
[1.012940] (px4_msgs) StdoutLine: {'line': b'-- Up-to-date: /home/wei/fire_scout_ws/install/px4_msgs/include/px4_msgs/px4_msgs/msg/detail/rover_position_setpoint__functions.h\n'}
[1.012992] (px4_msgs) StdoutLine: {'line': b'-- Up-to-date: /home/wei/fire_scout_ws/install/px4_msgs/include/px4_msgs/px4_msgs/msg/detail/flight_phase_estimation__functions.h\n'}
[1.013045] (px4_msgs) StdoutLine: {'line': b'-- Up-to-date: /home/wei/fire_scout_ws/install/px4_msgs/include/px4_msgs/px4_msgs/msg/detail/distance_sensor__functions.h\n'}
[1.013080] (px4_msgs) StdoutLine: {'line': b'-- Up-to-date: /home/wei/fire_scout_ws/install/px4_msgs/include/px4_msgs/px4_msgs/msg/detail/rpm__functions.h\n'}
[1.013115] (px4_msgs) StdoutLine: {'line': b'-- Up-to-date: /home/wei/fire_scout_ws/install/px4_msgs/include/px4_msgs/px4_msgs/msg/detail/parameter_update__type_support.h\n'}
[1.013179] (px4_msgs) StdoutLine: {'line': b'-- Up-to-date: /home/wei/fire_scout_ws/install/px4_msgs/include/px4_msgs/px4_msgs/msg/detail/sensor_uwb__type_support.h\n'}
[1.013265] (px4_msgs) StdoutLine: {'line': b'-- Up-to-date: /home/wei/fire_scout_ws/install/px4_msgs/include/px4_msgs/px4_msgs/msg/detail/sensor_gyro_fifo__functions.h\n'}
[1.013304] (px4_msgs) StdoutLine: {'line': b'-- Up-to-date: /home/wei/fire_scout_ws/install/px4_msgs/include/px4_msgs/px4_msgs/msg/detail/arming_check_request__functions.h\n'}
[1.013352] (px4_msgs) StdoutLine: {'line': b'-- Up-to-date: /home/wei/fire_scout_ws/install/px4_msgs/include/px4_msgs/px4_msgs/msg/detail/sensor_baro__functions.h\n'}
[1.013449] (px4_msgs) StdoutLine: {'line': b'-- Up-to-date: /home/wei/fire_scout_ws/install/px4_msgs/include/px4_msgs/px4_msgs/msg/detail/landing_target_pose__functions.h\n'}
[1.013513] (px4_msgs) StdoutLine: {'line': b'-- Up-to-date: /home/wei/fire_scout_ws/install/px4_msgs/include/px4_msgs/px4_msgs/msg/detail/vehicle_attitude__functions.c\n'}
[1.013555] (px4_msgs) StdoutLine: {'line': b'-- Up-to-date: /home/wei/fire_scout_ws/install/px4_msgs/include/px4_msgs/px4_msgs/msg/detail/geofence_result__type_support.h\n'}
[1.013602] (px4_msgs) StdoutLine: {'line': b'-- Up-to-date: /home/wei/fire_scout_ws/install/px4_msgs/include/px4_msgs/px4_msgs/msg/detail/mount_orientation__struct.h\n'}
[1.013642] (px4_msgs) StdoutLine: {'line': b'-- Up-to-date: /home/wei/fire_scout_ws/install/px4_msgs/include/px4_msgs/px4_msgs/msg/detail/sensor_correction__functions.h\n'}
[1.013731] (px4_msgs) StdoutLine: {'line': b'-- Up-to-date: /home/wei/fire_scout_ws/install/px4_msgs/include/px4_msgs/px4_msgs/msg/detail/mission_result__functions.c\n'}
[1.013769] (px4_msgs) StdoutLine: {'line': b'-- Up-to-date: /home/wei/fire_scout_ws/install/px4_msgs/include/px4_msgs/px4_msgs/msg/detail/vtol_vehicle_status__functions.h\n'}
[1.013814] (px4_msgs) StdoutLine: {'line': b'-- Up-to-date: /home/wei/fire_scout_ws/install/px4_msgs/include/px4_msgs/px4_msgs/msg/detail/open_drone_id_system__functions.c\n'}
[1.013887] (px4_msgs) StdoutLine: {'line': b'-- Up-to-date: /home/wei/fire_scout_ws/install/px4_msgs/include/px4_msgs/px4_msgs/msg/detail/home_position__type_support.h\n'}
[1.013952] (px4_msgs) StdoutLine: {'line': b'-- Up-to-date: /home/wei/fire_scout_ws/install/px4_msgs/include/px4_msgs/px4_msgs/msg/detail/ulog_stream_ack__functions.c\n'}
[1.014010] (px4_msgs) StdoutLine: {'line': b'-- Up-to-date: /home/wei/fire_scout_ws/install/px4_msgs/include/px4_msgs/px4_msgs/msg/detail/goto_setpoint__struct.h\n'}
[1.014049] (px4_msgs) StdoutLine: {'line': b'-- Up-to-date: /home/wei/fire_scout_ws/install/px4_msgs/include/px4_msgs/px4_msgs/msg/detail/parameter_reset_request__struct.h\n'}
[1.014094] (px4_msgs) StdoutLine: {'line': b'-- Up-to-date: /home/wei/fire_scout_ws/install/px4_msgs/include/px4_msgs/px4_msgs/msg/detail/internal_combustion_engine_control__type_support.h\n'}
[1.014151] (px4_msgs) StdoutLine: {'line': b'-- Up-to-date: /home/wei/fire_scout_ws/install/px4_msgs/include/px4_msgs/px4_msgs/msg/detail/distance_sensor_mode_change_request__type_support.h\n'}
[1.014220] (px4_msgs) StdoutLine: {'line': b'-- Up-to-date: /home/wei/fire_scout_ws/install/px4_msgs/include/px4_msgs/px4_msgs/msg/detail/trajectory_setpoint__type_support.h\n'}
[1.014273] (px4_msgs) StdoutLine: {'line': b'-- Up-to-date: /home/wei/fire_scout_ws/install/px4_msgs/include/px4_msgs/px4_msgs/msg/detail/event__functions.c\n'}
[1.014308] (px4_msgs) StdoutLine: {'line': b'-- Up-to-date: /home/wei/fire_scout_ws/install/px4_msgs/include/px4_msgs/px4_msgs/msg/detail/normalized_unsigned_setpoint__functions.c\n'}
[1.014353] (px4_msgs) StdoutLine: {'line': b'-- Up-to-date: /home/wei/fire_scout_ws/install/px4_msgs/include/px4_msgs/px4_msgs/msg/detail/goto_setpoint__functions.h\n'}
[1.014436] (px4_msgs) StdoutLine: {'line': b'-- Up-to-date: /home/wei/fire_scout_ws/install/px4_msgs/include/px4_msgs/px4_msgs/msg/detail/message_format_response__functions.h\n'}
[1.014503] (px4_msgs) StdoutLine: {'line': b'-- Up-to-date: /home/wei/fire_scout_ws/install/px4_msgs/include/px4_msgs/px4_msgs/msg/detail/led_control__functions.c\n'}
[1.014562] (px4_msgs) StdoutLine: {'line': b'-- Up-to-date: /home/wei/fire_scout_ws/install/px4_msgs/include/px4_msgs/px4_msgs/msg/detail/px4io_status__struct.h\n'}
[1.014620] (px4_msgs) StdoutLine: {'line': b'-- Up-to-date: /home/wei/fire_scout_ws/install/px4_msgs/include/px4_msgs/px4_msgs/msg/detail/rover_throttle_setpoint__struct.h\n'}
[1.014659] (px4_msgs) StdoutLine: {'line': b'-- Up-to-date: /home/wei/fire_scout_ws/install/px4_msgs/include/px4_msgs/px4_msgs/msg/detail/estimator_gps_status__functions.c\n'}
[1.014728] (px4_msgs) StdoutLine: {'line': b'-- Up-to-date: /home/wei/fire_scout_ws/install/px4_msgs/include/px4_msgs/px4_msgs/msg/detail/airspeed_validated__functions.h\n'}
[1.014788] (px4_msgs) StdoutLine: {'line': b'-- Up-to-date: /home/wei/fire_scout_ws/install/px4_msgs/include/px4_msgs/px4_msgs/msg/detail/gimbal_manager_status__type_support.h\n'}
[1.014823] (px4_msgs) StdoutLine: {'line': b'-- Up-to-date: /home/wei/fire_scout_ws/install/px4_msgs/include/px4_msgs/px4_msgs/msg/detail/battery_info__struct.h\n'}
[1.014857] (px4_msgs) StdoutLine: {'line': b'-- Up-to-date: /home/wei/fire_scout_ws/install/px4_msgs/include/px4_msgs/px4_msgs/msg/detail/vehicle_land_detected__struct.h\n'}
[1.014929] (px4_msgs) StdoutLine: {'line': b'-- Up-to-date: /home/wei/fire_scout_ws/install/px4_msgs/include/px4_msgs/px4_msgs/msg/detail/vehicle_torque_setpoint__functions.h\n'}
[1.014983] (px4_msgs) StdoutLine: {'line': b'-- Up-to-date: /home/wei/fire_scout_ws/install/px4_msgs/include/px4_msgs/px4_msgs/msg/detail/cellular_status__struct.h\n'}
[1.015096] (px4_msgs) StdoutLine: {'line': b'-- Up-to-date: /home/wei/fire_scout_ws/install/px4_msgs/include/px4_msgs/px4_msgs/msg/detail/orb_test__functions.c\n'}
[1.015151] (px4_msgs) StdoutLine: {'line': b'-- Up-to-date: /home/wei/fire_scout_ws/install/px4_msgs/include/px4_msgs/px4_msgs/msg/detail/logger_status__functions.h\n'}
[1.015186] (px4_msgs) StdoutLine: {'line': b'-- Up-to-date: /home/wei/fire_scout_ws/install/px4_msgs/include/px4_msgs/px4_msgs/msg/detail/internal_combustion_engine_status__struct.h\n'}
[1.015272] (px4_msgs) StdoutLine: {'line': b'-- Up-to-date: /home/wei/fire_scout_ws/install/px4_msgs/include/px4_msgs/px4_msgs/msg/detail/sensor_accel_fifo__functions.h\n'}
[1.015324] (px4_msgs) StdoutLine: {'line': b'-- Up-to-date: /home/wei/fire_scout_ws/install/px4_msgs/include/px4_msgs/px4_msgs/msg/detail/estimator_aid_source1d__functions.c\n'}
[1.015421] (px4_msgs) StdoutLine: {'line': b'-- Up-to-date: /home/wei/fire_scout_ws/install/px4_msgs/include/px4_msgs/px4_msgs/msg/detail/gimbal_device_attitude_status__type_support.h\n'}
[1.015599] (px4_msgs) StdoutLine: {'line': b'-- Up-to-date: /home/wei/fire_scout_ws/install/px4_msgs/include/px4_msgs/px4_msgs/msg/detail/figure_eight_status__type_support.h\n'}
[1.015678] (px4_msgs) StdoutLine: {'line': b'-- Up-to-date: /home/wei/fire_scout_ws/install/px4_msgs/include/px4_msgs/px4_msgs/msg/detail/follow_target_status__functions.c\n'}
[1.015721] (px4_msgs) StdoutLine: {'line': b'-- Up-to-date: /home/wei/fire_scout_ws/install/px4_msgs/include/px4_msgs/px4_msgs/msg/detail/gps_dump__type_support.h\n'}
[1.015769] (px4_msgs) StdoutLine: {'line': b'-- Up-to-date: /home/wei/fire_scout_ws/install/px4_msgs/include/px4_msgs/px4_msgs/msg/detail/power_monitor__functions.h\n'}
[1.015826] (px4_msgs) StdoutLine: {'line': b'-- Up-to-date: /home/wei/fire_scout_ws/install/px4_msgs/include/px4_msgs/px4_msgs/msg/detail/gimbal_manager_status__functions.h\n'}
[1.015863] (px4_msgs) StdoutLine: {'line': b'-- Up-to-date: /home/wei/fire_scout_ws/install/px4_msgs/include/px4_msgs/px4_msgs/msg/detail/log_message__functions.c\n'}
[1.015900] (px4_msgs) StdoutLine: {'line': b'-- Up-to-date: /home/wei/fire_scout_ws/install/px4_msgs/include/px4_msgs/px4_msgs/msg/detail/estimator_status__struct.h\n'}
[1.015954] (px4_msgs) StdoutLine: {'line': b'-- Up-to-date: /home/wei/fire_scout_ws/install/px4_msgs/include/px4_msgs/px4_msgs/msg/detail/ekf2_timestamps__functions.c\n'}
[1.016039] (px4_msgs) StdoutLine: {'line': b'-- Up-to-date: /home/wei/fire_scout_ws/install/px4_msgs/include/px4_msgs/px4_msgs/msg/detail/rpm__functions.c\n'}
[1.016073] (px4_msgs) StdoutLine: {'line': b'-- Up-to-date: /home/wei/fire_scout_ws/install/px4_msgs/include/px4_msgs/px4_msgs/msg/detail/pps_capture__functions.c\n'}
[1.016116] (px4_msgs) StdoutLine: {'line': b'-- Up-to-date: /home/wei/fire_scout_ws/install/px4_msgs/include/px4_msgs/px4_msgs/msg/detail/vehicle_local_position__struct.h\n'}
[1.016169] (px4_msgs) StdoutLine: {'line': b'-- Up-to-date: /home/wei/fire_scout_ws/install/px4_msgs/include/px4_msgs/px4_msgs/msg/detail/obstacle_distance__struct.h\n'}
[1.016235] (px4_msgs) StdoutLine: {'line': b'-- Up-to-date: /home/wei/fire_scout_ws/install/px4_msgs/include/px4_msgs/px4_msgs/msg/detail/gpio_config__struct.h\n'}
[1.016273] (px4_msgs) StdoutLine: {'line': b'-- Up-to-date: /home/wei/fire_scout_ws/install/px4_msgs/include/px4_msgs/px4_msgs/msg/detail/uavcan_parameter_value__struct.h\n'}
[1.016342] (px4_msgs) StdoutLine: {'line': b'-- Up-to-date: /home/wei/fire_scout_ws/install/px4_msgs/include/px4_msgs/px4_msgs/msg/detail/yaw_estimator_status__struct.h\n'}
[1.016381] (px4_msgs) StdoutLine: {'line': b'-- Up-to-date: /home/wei/fire_scout_ws/install/px4_msgs/include/px4_msgs/px4_msgs/msg/detail/actuator_outputs__struct.h\n'}
[1.016463] (px4_msgs) StdoutLine: {'line': b'-- Up-to-date: /home/wei/fire_scout_ws/install/px4_msgs/include/px4_msgs/px4_msgs/msg/detail/longitudinal_control_configuration__functions.h\n'}
[1.016502] (px4_msgs) StdoutLine: {'line': b'-- Up-to-date: /home/wei/fire_scout_ws/install/px4_msgs/include/px4_msgs/px4_msgs/msg/detail/follow_target__type_support.h\n'}
[1.016550] (px4_msgs) StdoutLine: {'line': b'-- Up-to-date: /home/wei/fire_scout_ws/install/px4_msgs/include/px4_msgs/px4_msgs/msg/detail/esc_report__type_support.h\n'}
[1.016589] (px4_msgs) StdoutLine: {'line': b'-- Up-to-date: /home/wei/fire_scout_ws/install/px4_msgs/include/px4_msgs/px4_msgs/msg/detail/sensor_gnss_status__type_support.h\n'}
[1.016646] (px4_msgs) StdoutLine: {'line': b'-- Up-to-date: /home/wei/fire_scout_ws/install/px4_msgs/include/px4_msgs/px4_msgs/msg/detail/sensors_status_imu__struct.h\n'}
[1.016713] (px4_msgs) StdoutLine: {'line': b'-- Up-to-date: /home/wei/fire_scout_ws/install/px4_msgs/include/px4_msgs/px4_msgs/msg/detail/logger_status__struct.h\n'}
[1.016746] (px4_msgs) StdoutLine: {'line': b'-- Up-to-date: /home/wei/fire_scout_ws/install/px4_msgs/include/px4_msgs/px4_msgs/msg/detail/actuator_armed__functions.h\n'}
[1.016784] (px4_msgs) StdoutLine: {'line': b'-- Up-to-date: /home/wei/fire_scout_ws/install/px4_msgs/include/px4_msgs/px4_msgs/msg/detail/sensor_hygrometer__functions.h\n'}
[1.016819] (px4_msgs) StdoutLine: {'line': b'-- Up-to-date: /home/wei/fire_scout_ws/install/px4_msgs/include/px4_msgs/px4_msgs/msg/detail/autotune_attitude_control_status__functions.c\n'}
[1.016853] (px4_msgs) StdoutLine: {'line': b'-- Up-to-date: /home/wei/fire_scout_ws/install/px4_msgs/include/px4_msgs/px4_msgs/msg/detail/sensor_gps__type_support.h\n'}
[1.016886] (px4_msgs) StdoutLine: {'line': b'-- Up-to-date: /home/wei/fire_scout_ws/install/px4_msgs/include/px4_msgs/px4_msgs/msg/detail/launch_detection_status__type_support.h\n'}
[1.016926] (px4_msgs) StdoutLine: {'line': b'-- Up-to-date: /home/wei/fire_scout_ws/install/px4_msgs/include/px4_msgs/px4_msgs/msg/detail/gimbal_manager_set_manual_control__functions.h\n'}
[1.016960] (px4_msgs) StdoutLine: {'line': b'-- Up-to-date: /home/wei/fire_scout_ws/install/px4_msgs/include/px4_msgs/px4_msgs/msg/detail/landing_target_pose__type_support.h\n'}
[1.016991] (px4_msgs) StdoutLine: {'line': b'-- Up-to-date: /home/wei/fire_scout_ws/install/px4_msgs/include/px4_msgs/px4_msgs/msg/detail/gimbal_controls__functions.h\n'}
[1.017020] (px4_msgs) StdoutLine: {'line': b'-- Up-to-date: /home/wei/fire_scout_ws/install/px4_msgs/include/px4_msgs/px4_msgs/msg/detail/esc_report__struct.h\n'}
[1.017049] (px4_msgs) StdoutLine: {'line': b'-- Up-to-date: /home/wei/fire_scout_ws/install/px4_msgs/include/px4_msgs/px4_msgs/msg/detail/internal_combustion_engine_control__functions.c\n'}
[1.017078] (px4_msgs) StdoutLine: {'line': b'-- Up-to-date: /home/wei/fire_scout_ws/install/px4_msgs/include/px4_msgs/px4_msgs/msg/detail/flight_phase_estimation__type_support.h\n'}
[1.017108] (px4_msgs) StdoutLine: {'line': b'-- Up-to-date: /home/wei/fire_scout_ws/install/px4_msgs/include/px4_msgs/px4_msgs/msg/detail/rtl_time_estimate__functions.c\n'}
[1.017141] (px4_msgs) StdoutLine: {'line': b'-- Up-to-date: /home/wei/fire_scout_ws/install/px4_msgs/include/px4_msgs/px4_msgs/msg/detail/estimator_aid_source2d__functions.h\n'}
[1.017170] (px4_msgs) StdoutLine: {'line': b'-- Up-to-date: /home/wei/fire_scout_ws/install/px4_msgs/include/px4_msgs/px4_msgs/msg/detail/rover_steering_setpoint__type_support.h\n'}
[1.017199] (px4_msgs) StdoutLine: {'line': b'-- Up-to-date: /home/wei/fire_scout_ws/install/px4_msgs/include/px4_msgs/px4_msgs/msg/detail/control_allocator_status__functions.c\n'}
[1.017228] (px4_msgs) StdoutLine: {'line': b'-- Up-to-date: /home/wei/fire_scout_ws/install/px4_msgs/include/px4_msgs/px4_msgs/msg/detail/vehicle_optical_flow_vel__type_support.h\n'}
[1.017257] (px4_msgs) StdoutLine: {'line': b'-- Up-to-date: /home/wei/fire_scout_ws/install/px4_msgs/include/px4_msgs/px4_msgs/msg/detail/rover_rate_status__struct.h\n'}
[1.017285] (px4_msgs) StdoutLine: {'line': b'-- Up-to-date: /home/wei/fire_scout_ws/install/px4_msgs/include/px4_msgs/px4_msgs/msg/detail/landing_gear_wheel__struct.h\n'}
[1.017313] (px4_msgs) StdoutLine: {'line': b'-- Up-to-date: /home/wei/fire_scout_ws/install/px4_msgs/include/px4_msgs/px4_msgs/msg/detail/rover_rate_setpoint__functions.h\n'}
[1.017341] (px4_msgs) StdoutLine: {'line': b'-- Up-to-date: /home/wei/fire_scout_ws/install/px4_msgs/include/px4_msgs/px4_msgs/msg/detail/launch_detection_status__functions.h\n'}
[1.017372] (px4_msgs) StdoutLine: {'line': b'-- Up-to-date: /home/wei/fire_scout_ws/install/px4_msgs/include/px4_msgs/px4_msgs/msg/detail/estimator_bias__functions.c\n'}
[1.017402] (px4_msgs) StdoutLine: {'line': b'-- Up-to-date: /home/wei/fire_scout_ws/install/px4_msgs/include/px4_msgs/px4_msgs/msg/detail/led_control__struct.h\n'}
[1.017436] (px4_msgs) StdoutLine: {'line': b'-- Up-to-date: /home/wei/fire_scout_ws/install/px4_msgs/include/px4_msgs/px4_msgs/msg/detail/figure_eight_status__functions.c\n'}
[1.017467] (px4_msgs) StdoutLine: {'line': b'-- Up-to-date: /home/wei/fire_scout_ws/install/px4_msgs/include/px4_msgs/px4_msgs/msg/detail/adc_report__type_support.h\n'}
[1.017498] (px4_msgs) StdoutLine: {'line': b'-- Up-to-date: /home/wei/fire_scout_ws/install/px4_msgs/include/px4_msgs/px4_msgs/msg/detail/heater_status__functions.c\n'}
[1.017529] (px4_msgs) StdoutLine: {'line': b'-- Up-to-date: /home/wei/fire_scout_ws/install/px4_msgs/include/px4_msgs/px4_msgs/msg/detail/radio_status__functions.h\n'}
[1.017558] (px4_msgs) StdoutLine: {'line': b'-- Up-to-date: /home/wei/fire_scout_ws/install/px4_msgs/include/px4_msgs/px4_msgs/msg/detail/internal_combustion_engine_status__type_support.h\n'}
[1.017589] (px4_msgs) StdoutLine: {'line': b'-- Up-to-date: /home/wei/fire_scout_ws/install/px4_msgs/include/px4_msgs/px4_msgs/msg/detail/vehicle_acceleration__functions.c\n'}
[1.017619] (px4_msgs) StdoutLine: {'line': b'-- Up-to-date: /home/wei/fire_scout_ws/install/px4_msgs/include/px4_msgs/px4_msgs/msg/detail/sensor_optical_flow__type_support.h\n'}
[1.017654] (px4_msgs) StdoutLine: {'line': b'-- Up-to-date: /home/wei/fire_scout_ws/install/px4_msgs/include/px4_msgs/px4_msgs/msg/detail/dataman_response__functions.h\n'}
[1.017688] (px4_msgs) StdoutLine: {'line': b'-- Up-to-date: /home/wei/fire_scout_ws/install/px4_msgs/include/px4_msgs/px4_msgs/msg/detail/gimbal_device_attitude_status__functions.c\n'}
[1.017724] (px4_msgs) StdoutLine: {'line': b'-- Up-to-date: /home/wei/fire_scout_ws/install/px4_msgs/include/px4_msgs/px4_msgs/msg/detail/mode_completed__functions.c\n'}
[1.017760] (px4_msgs) StdoutLine: {'line': b'-- Up-to-date: /home/wei/fire_scout_ws/install/px4_msgs/include/px4_msgs/px4_msgs/msg/detail/system_power__functions.h\n'}
[1.017791] (px4_msgs) StdoutLine: {'line': b'-- Up-to-date: /home/wei/fire_scout_ws/install/px4_msgs/include/px4_msgs/px4_msgs/msg/detail/open_drone_id_arm_status__type_support.h\n'}
[1.017822] (px4_msgs) StdoutLine: {'line': b'-- Up-to-date: /home/wei/fire_scout_ws/install/px4_msgs/include/px4_msgs/px4_msgs/msg/detail/sensor_gyro__functions.h\n'}
[1.017851] (px4_msgs) StdoutLine: {'line': b'-- Up-to-date: /home/wei/fire_scout_ws/install/px4_msgs/include/px4_msgs/px4_msgs/msg/detail/estimator_event_flags__functions.h\n'}
[1.017881] (px4_msgs) StdoutLine: {'line': b'-- Up-to-date: /home/wei/fire_scout_ws/install/px4_msgs/include/px4_msgs/px4_msgs/msg/detail/mavlink_log__struct.h\n'}
[1.017912] (px4_msgs) StdoutLine: {'line': b'-- Up-to-date: /home/wei/fire_scout_ws/install/px4_msgs/include/px4_msgs/px4_msgs/msg/detail/trajectory_setpoint6dof__functions.h\n'}
[1.017945] (px4_msgs) StdoutLine: {'line': b'-- Up-to-date: /home/wei/fire_scout_ws/install/px4_msgs/include/px4_msgs/px4_msgs/msg/detail/rover_attitude_status__functions.h\n'}
[1.017974] (px4_msgs) StdoutLine: {'line': b'-- Up-to-date: /home/wei/fire_scout_ws/install/px4_msgs/include/px4_msgs/px4_msgs/msg/detail/sensor_hygrometer__type_support.h\n'}
[1.018003] (px4_msgs) StdoutLine: {'line': b'-- Up-to-date: /home/wei/fire_scout_ws/install/px4_msgs/include/px4_msgs/px4_msgs/msg/detail/trajectory_setpoint__functions.h\n'}
[1.018032] (px4_msgs) StdoutLine: {'line': b'-- Up-to-date: /home/wei/fire_scout_ws/install/px4_msgs/include/px4_msgs/px4_msgs/msg/detail/gpio_out__functions.h\n'}
[1.018060] (px4_msgs) StdoutLine: {'line': b'-- Up-to-date: /home/wei/fire_scout_ws/install/px4_msgs/include/px4_msgs/px4_msgs/msg/detail/navigator_status__functions.h\n'}
[1.018089] (px4_msgs) StdoutLine: {'line': b'-- Up-to-date: /home/wei/fire_scout_ws/install/px4_msgs/include/px4_msgs/px4_msgs/msg/detail/fixed_wing_lateral_setpoint__functions.c\n'}
[1.018117] (px4_msgs) StdoutLine: {'line': b'-- Up-to-date: /home/wei/fire_scout_ws/install/px4_msgs/include/px4_msgs/px4_msgs/msg/detail/health_report__struct.h\n'}
[1.018148] (px4_msgs) StdoutLine: {'line': b'-- Up-to-date: /home/wei/fire_scout_ws/install/px4_msgs/include/px4_msgs/px4_msgs/msg/detail/gpio_in__struct.h\n'}
[1.018180] (px4_msgs) StdoutLine: {'line': b'-- Up-to-date: /home/wei/fire_scout_ws/install/px4_msgs/include/px4_msgs/px4_msgs/msg/detail/rover_rate_setpoint__struct.h\n'}
[1.018208] (px4_msgs) StdoutLine: {'line': b'-- Up-to-date: /home/wei/fire_scout_ws/install/px4_msgs/include/px4_msgs/px4_msgs/msg/detail/vehicle_optical_flow_vel__functions.h\n'}
[1.018237] (px4_msgs) StdoutLine: {'line': b'-- Up-to-date: /home/wei/fire_scout_ws/install/px4_msgs/include/px4_msgs/px4_msgs/msg/detail/position_controller_landing_status__struct.h\n'}
[1.018266] (px4_msgs) StdoutLine: {'line': b'-- Up-to-date: /home/wei/fire_scout_ws/install/px4_msgs/include/px4_msgs/px4_msgs/msg/detail/sensor_gps__functions.h\n'}
[1.018294] (px4_msgs) StdoutLine: {'line': b'-- Up-to-date: /home/wei/fire_scout_ws/install/px4_msgs/include/px4_msgs/px4_msgs/msg/detail/actuator_test__functions.c\n'}
[1.018322] (px4_msgs) StdoutLine: {'line': b'-- Up-to-date: /home/wei/fire_scout_ws/install/px4_msgs/include/px4_msgs/px4_msgs/msg/detail/estimator_states__type_support.h\n'}
[1.018350] (px4_msgs) StdoutLine: {'line': b'-- Up-to-date: /home/wei/fire_scout_ws/install/px4_msgs/include/px4_msgs/px4_msgs/msg/detail/ping__type_support.h\n'}
[1.018382] (px4_msgs) StdoutLine: {'line': b'-- Up-to-date: /home/wei/fire_scout_ws/install/px4_msgs/include/px4_msgs/px4_msgs/msg/detail/actuator_servos_trim__struct.h\n'}
[1.018412] (px4_msgs) StdoutLine: {'line': b'-- Up-to-date: /home/wei/fire_scout_ws/install/px4_msgs/include/px4_msgs/px4_msgs/msg/detail/estimator_aid_source3d__functions.h\n'}
[1.018443] (px4_msgs) StdoutLine: {'line': b'-- Up-to-date: /home/wei/fire_scout_ws/install/px4_msgs/include/px4_msgs/px4_msgs/msg/detail/mission__functions.c\n'}
[1.018490] (px4_msgs) StdoutLine: {'line': b'-- Up-to-date: /home/wei/fire_scout_ws/install/px4_msgs/include/px4_msgs/px4_msgs/msg/detail/sensor_selection__struct.h\n'}
[1.018541] (px4_msgs) StdoutLine: {'line': b'-- Up-to-date: /home/wei/fire_scout_ws/install/px4_msgs/include/px4_msgs/px4_msgs/msg/detail/gimbal_manager_information__functions.h\n'}
[1.018580] (px4_msgs) StdoutLine: {'line': b'-- Up-to-date: /home/wei/fire_scout_ws/install/px4_msgs/include/px4_msgs/px4_msgs/msg/detail/rover_rate_status__functions.h\n'}
[1.018619] (px4_msgs) StdoutLine: {'line': b'-- Up-to-date: /home/wei/fire_scout_ws/install/px4_msgs/include/px4_msgs/px4_msgs/msg/detail/gripper__type_support.h\n'}
[1.018652] (px4_msgs) StdoutLine: {'line': b'-- Up-to-date: /home/wei/fire_scout_ws/install/px4_msgs/include/px4_msgs/px4_msgs/msg/detail/rover_speed_setpoint__functions.c\n'}
[1.018685] (px4_msgs) StdoutLine: {'line': b'-- Up-to-date: /home/wei/fire_scout_ws/install/px4_msgs/include/px4_msgs/px4_msgs/msg/detail/velocity_limits__functions.h\n'}
[1.018719] (px4_msgs) StdoutLine: {'line': b'-- Up-to-date: /home/wei/fire_scout_ws/install/px4_msgs/include/px4_msgs/px4_msgs/msg/detail/rover_attitude_status__type_support.h\n'}
[1.018754] (px4_msgs) StdoutLine: {'line': b'-- Up-to-date: /home/wei/fire_scout_ws/install/px4_msgs/include/px4_msgs/px4_msgs/msg/detail/sensor_preflight_mag__type_support.h\n'}
[1.018784] (px4_msgs) StdoutLine: {'line': b'-- Up-to-date: /home/wei/fire_scout_ws/install/px4_msgs/include/px4_msgs/px4_msgs/msg/detail/estimator_aid_source2d__type_support.h\n'}
[1.018815] (px4_msgs) StdoutLine: {'line': b'-- Up-to-date: /home/wei/fire_scout_ws/install/px4_msgs/include/px4_msgs/px4_msgs/msg/detail/cellular_status__functions.h\n'}
[1.018845] (px4_msgs) StdoutLine: {'line': b'-- Up-to-date: /home/wei/fire_scout_ws/install/px4_msgs/include/px4_msgs/px4_msgs/msg/detail/sensor_accel__type_support.h\n'}
[1.018879] (px4_msgs) StdoutLine: {'line': b'-- Up-to-date: /home/wei/fire_scout_ws/install/px4_msgs/include/px4_msgs/px4_msgs/msg/detail/parameter_set_value_request__functions.h\n'}
[1.018912] (px4_msgs) StdoutLine: {'line': b'-- Up-to-date: /home/wei/fire_scout_ws/install/px4_msgs/include/px4_msgs/px4_msgs/msg/detail/rover_position_setpoint__struct.h\n'}
[1.018947] (px4_msgs) StdoutLine: {'line': b'-- Up-to-date: /home/wei/fire_scout_ws/install/px4_msgs/include/px4_msgs/px4_msgs/msg/detail/debug_key_value__type_support.h\n'}
[1.018981] (px4_msgs) StdoutLine: {'line': b'-- Up-to-date: /home/wei/fire_scout_ws/install/px4_msgs/include/px4_msgs/px4_msgs/msg/detail/position_controller_landing_status__functions.h\n'}
[1.019017] (px4_msgs) StdoutLine: {'line': b'-- Up-to-date: /home/wei/fire_scout_ws/install/px4_msgs/include/px4_msgs/px4_msgs/msg/detail/wind__functions.c\n'}
[1.019048] (px4_msgs) StdoutLine: {'line': b'-- Up-to-date: /home/wei/fire_scout_ws/install/px4_msgs/include/px4_msgs/px4_msgs/msg/detail/vehicle_torque_setpoint__type_support.h\n'}
[1.019077] (px4_msgs) StdoutLine: {'line': b'-- Up-to-date: /home/wei/fire_scout_ws/install/px4_msgs/include/px4_msgs/px4_msgs/msg/detail/lateral_control_configuration__functions.h\n'}
[1.019108] (px4_msgs) StdoutLine: {'line': b'-- Up-to-date: /home/wei/fire_scout_ws/install/px4_msgs/include/px4_msgs/px4_msgs/msg/detail/parameter_set_value_response__type_support.h\n'}
[1.019140] (px4_msgs) StdoutLine: {'line': b'-- Up-to-date: /home/wei/fire_scout_ws/install/px4_msgs/include/px4_msgs/px4_msgs/msg/detail/orb_test__struct.h\n'}
[1.019170] (px4_msgs) StdoutLine: {'line': b'-- Up-to-date: /home/wei/fire_scout_ws/install/px4_msgs/include/px4_msgs/px4_msgs/msg/detail/gimbal_device_set_attitude__functions.h\n'}
[1.019201] (px4_msgs) StdoutLine: {'line': b'-- Up-to-date: /home/wei/fire_scout_ws/install/px4_msgs/include/px4_msgs/px4_msgs/msg/detail/estimator_event_flags__struct.h\n'}
[1.019231] (px4_msgs) StdoutLine: {'line': b'-- Up-to-date: /home/wei/fire_scout_ws/install/px4_msgs/include/px4_msgs/px4_msgs/msg/detail/sensor_gyro__type_support.h\n'}
[1.019262] (px4_msgs) StdoutLine: {'line': b'-- Up-to-date: /home/wei/fire_scout_ws/install/px4_msgs/include/px4_msgs/px4_msgs/msg/detail/fixed_wing_lateral_guidance_status__functions.c\n'}
[1.019292] (px4_msgs) StdoutLine: {'line': b'-- Up-to-date: /home/wei/fire_scout_ws/install/px4_msgs/include/px4_msgs/px4_msgs/msg/detail/sensor_preflight_mag__functions.h\n'}
[1.019322] (px4_msgs) StdoutLine: {'line': b'-- Up-to-date: /home/wei/fire_scout_ws/install/px4_msgs/include/px4_msgs/px4_msgs/msg/detail/cellular_status__functions.c\n'}
[1.019352] (px4_msgs) StdoutLine: {'line': b'-- Up-to-date: /home/wei/fire_scout_ws/install/px4_msgs/include/px4_msgs/px4_msgs/msg/detail/vehicle_magnetometer__type_support.h\n'}
[1.019385] (px4_msgs) StdoutLine: {'line': b'-- Up-to-date: /home/wei/fire_scout_ws/install/px4_msgs/include/px4_msgs/px4_msgs/msg/detail/landing_gear__struct.h\n'}
[1.019415] (px4_msgs) StdoutLine: {'line': b'-- Up-to-date: /home/wei/fire_scout_ws/install/px4_msgs/include/px4_msgs/px4_msgs/msg/detail/landing_target_pose__functions.c\n'}
[1.019444] (px4_msgs) StdoutLine: {'line': b'-- Up-to-date: /home/wei/fire_scout_ws/install/px4_msgs/include/px4_msgs/px4_msgs/msg/detail/landing_gear__functions.c\n'}
[1.019477] (px4_msgs) StdoutLine: {'line': b'-- Up-to-date: /home/wei/fire_scout_ws/install/px4_msgs/include/px4_msgs/px4_msgs/msg/detail/rover_speed_setpoint__type_support.h\n'}
[1.019509] (px4_msgs) StdoutLine: {'line': b'-- Up-to-date: /home/wei/fire_scout_ws/install/px4_msgs/include/px4_msgs/px4_msgs/msg/detail/uavcan_parameter_request__functions.c\n'}
[1.019542] (px4_msgs) StdoutLine: {'line': b'-- Up-to-date: /home/wei/fire_scout_ws/install/px4_msgs/include/px4_msgs/px4_msgs/msg/detail/landing_gear_wheel__functions.c\n'}
[1.019572] (px4_msgs) StdoutLine: {'line': b'-- Up-to-date: /home/wei/fire_scout_ws/install/px4_msgs/include/px4_msgs/px4_msgs/msg/detail/input_rc__functions.h\n'}
[1.019603] (px4_msgs) StdoutLine: {'line': b'-- Up-to-date: /home/wei/fire_scout_ws/install/px4_msgs/include/px4_msgs/px4_msgs/msg/detail/vehicle_odometry__type_support.h\n'}
[1.019635] (px4_msgs) StdoutLine: {'line': b'-- Up-to-date: /home/wei/fire_scout_ws/install/px4_msgs/include/px4_msgs/px4_msgs/msg/detail/trajectory_setpoint6dof__functions.c\n'}
[1.019669] (px4_msgs) StdoutLine: {'line': b'-- Up-to-date: /home/wei/fire_scout_ws/install/px4_msgs/include/px4_msgs/px4_msgs/msg/detail/arming_check_reply__type_support.h\n'}
[1.019707] (px4_msgs) StdoutLine: {'line': b'-- Up-to-date: /home/wei/fire_scout_ws/install/px4_msgs/include/px4_msgs/px4_msgs/msg/detail/log_message__type_support.h\n'}
[1.019735] (px4_msgs) StdoutLine: {'line': b'-- Up-to-date: /home/wei/fire_scout_ws/install/px4_msgs/include/px4_msgs/px4_msgs/msg/detail/fixed_wing_lateral_status__functions.h\n'}
[1.019763] (px4_msgs) StdoutLine: {'line': b'-- Up-to-date: /home/wei/fire_scout_ws/install/px4_msgs/include/px4_msgs/px4_msgs/msg/detail/rover_speed_setpoint__functions.h\n'}
[1.019790] (px4_msgs) StdoutLine: {'line': b'-- Up-to-date: /home/wei/fire_scout_ws/install/px4_msgs/include/px4_msgs/px4_msgs/msg/detail/ulog_stream_ack__functions.h\n'}
[1.019819] (px4_msgs) StdoutLine: {'line': b'-- Up-to-date: /home/wei/fire_scout_ws/install/px4_msgs/include/px4_msgs/px4_msgs/msg/detail/launch_detection_status__functions.c\n'}
[1.019848] (px4_msgs) StdoutLine: {'line': b'-- Up-to-date: /home/wei/fire_scout_ws/install/px4_msgs/include/px4_msgs/px4_msgs/msg/detail/open_drone_id_operator_id__functions.c\n'}
[1.019877] (px4_msgs) StdoutLine: {'line': b'-- Up-to-date: /home/wei/fire_scout_ws/install/px4_msgs/include/px4_msgs/px4_msgs/msg/detail/home_position__functions.h\n'}
[1.019904] (px4_msgs) StdoutLine: {'line': b'-- Up-to-date: /home/wei/fire_scout_ws/install/px4_msgs/include/px4_msgs/px4_msgs/msg/detail/parameter_reset_request__functions.c\n'}
[1.019932] (px4_msgs) StdoutLine: {'line': b'-- Up-to-date: /home/wei/fire_scout_ws/install/px4_msgs/include/px4_msgs/px4_msgs/msg/detail/sensors_status_imu__type_support.h\n'}
[1.019959] (px4_msgs) StdoutLine: {'line': b'-- Up-to-date: /home/wei/fire_scout_ws/install/px4_msgs/include/px4_msgs/px4_msgs/msg/detail/vehicle_control_mode__functions.c\n'}
[1.019991] (px4_msgs) StdoutLine: {'line': b'-- Up-to-date: /home/wei/fire_scout_ws/install/px4_msgs/include/px4_msgs/px4_msgs/msg/detail/debug_value__functions.h\n'}
[1.020021] (px4_msgs) StdoutLine: {'line': b'-- Up-to-date: /home/wei/fire_scout_ws/install/px4_msgs/include/px4_msgs/px4_msgs/msg/detail/dronecan_node_status__type_support.h\n'}
[1.020050] (px4_msgs) StdoutLine: {'line': b'-- Up-to-date: /home/wei/fire_scout_ws/install/px4_msgs/include/px4_msgs/px4_msgs/msg/detail/sensor_preflight_mag__struct.h\n'}
[1.020079] (px4_msgs) StdoutLine: {'line': b'-- Up-to-date: /home/wei/fire_scout_ws/install/px4_msgs/include/px4_msgs/px4_msgs/msg/detail/fixed_wing_lateral_setpoint__struct.h\n'}
[1.020108] (px4_msgs) StdoutLine: {'line': b'-- Up-to-date: /home/wei/fire_scout_ws/install/px4_msgs/include/px4_msgs/px4_msgs/msg/detail/rc_parameter_map__functions.c\n'}
[1.020137] (px4_msgs) StdoutLine: {'line': b'-- Up-to-date: /home/wei/fire_scout_ws/install/px4_msgs/include/px4_msgs/px4_msgs/msg/detail/sensor_accel__functions.h\n'}
[1.020168] (px4_msgs) StdoutLine: {'line': b'-- Up-to-date: /home/wei/fire_scout_ws/install/px4_msgs/include/px4_msgs/px4_msgs/msg/detail/cellular_status__type_support.h\n'}
[1.020196] (px4_msgs) StdoutLine: {'line': b'-- Up-to-date: /home/wei/fire_scout_ws/install/px4_msgs/include/px4_msgs/px4_msgs/msg/detail/mag_worker_data__functions.c\n'}
[1.020223] (px4_msgs) StdoutLine: {'line': b'-- Up-to-date: /home/wei/fire_scout_ws/install/px4_msgs/include/px4_msgs/px4_msgs/msg/detail/estimator_innovations__struct.h\n'}
[1.020250] (px4_msgs) StdoutLine: {'line': b'-- Up-to-date: /home/wei/fire_scout_ws/install/px4_msgs/include/px4_msgs/px4_msgs/msg/detail/landing_target_innovations__functions.h\n'}
[1.020278] (px4_msgs) StdoutLine: {'line': b'-- Up-to-date: /home/wei/fire_scout_ws/install/px4_msgs/include/px4_msgs/px4_msgs/msg/detail/estimator_gps_status__type_support.h\n'}
[1.020309] (px4_msgs) StdoutLine: {'line': b'-- Up-to-date: /home/wei/fire_scout_ws/install/px4_msgs/include/px4_msgs/px4_msgs/msg/detail/airspeed_wind__functions.h\n'}
[1.020338] (px4_msgs) StdoutLine: {'line': b'-- Up-to-date: /home/wei/fire_scout_ws/install/px4_msgs/include/px4_msgs/px4_msgs/msg/detail/register_ext_component_reply__functions.c\n'}
[1.020371] (px4_msgs) StdoutLine: {'line': b'-- Up-to-date: /home/wei/fire_scout_ws/install/px4_msgs/include/px4_msgs/px4_msgs/msg/detail/actuator_servos_trim__type_support.h\n'}
[1.020402] (px4_msgs) StdoutLine: {'line': b'-- Up-to-date: /home/wei/fire_scout_ws/install/px4_msgs/include/px4_msgs/px4_msgs/msg/detail/gps_inject_data__struct.h\n'}
[1.020431] (px4_msgs) StdoutLine: {'line': b'-- Up-to-date: /home/wei/fire_scout_ws/install/px4_msgs/include/px4_msgs/px4_msgs/msg/detail/home_position__struct.h\n'}
[1.020459] (px4_msgs) StdoutLine: {'line': b'-- Up-to-date: /home/wei/fire_scout_ws/install/px4_msgs/include/px4_msgs/px4_msgs/msg/detail/uavcan_parameter_value__functions.c\n'}
[1.020488] (px4_msgs) StdoutLine: {'line': b'-- Up-to-date: /home/wei/fire_scout_ws/install/px4_msgs/include/px4_msgs/px4_msgs/msg/detail/button_event__type_support.h\n'}
[1.020518] (px4_msgs) StdoutLine: {'line': b'-- Up-to-date: /home/wei/fire_scout_ws/install/px4_msgs/include/px4_msgs/px4_msgs/msg/detail/rtl_status__functions.h\n'}
[1.020550] (px4_msgs) StdoutLine: {'line': b'-- Up-to-date: /home/wei/fire_scout_ws/install/px4_msgs/include/px4_msgs/px4_msgs/msg/detail/ulog_stream__functions.h\n'}
[1.020581] (px4_msgs) StdoutLine: {'line': b'-- Up-to-date: /home/wei/fire_scout_ws/install/px4_msgs/include/px4_msgs/px4_msgs/msg/detail/estimator_bias__type_support.h\n'}
[1.020610] (px4_msgs) StdoutLine: {'line': b'-- Up-to-date: /home/wei/fire_scout_ws/install/px4_msgs/include/px4_msgs/px4_msgs/msg/detail/button_event__functions.c\n'}
[1.020639] (px4_msgs) StdoutLine: {'line': b'-- Up-to-date: /home/wei/fire_scout_ws/install/px4_msgs/include/px4_msgs/px4_msgs/msg/detail/task_stack_info__type_support.h\n'}
[1.020668] (px4_msgs) StdoutLine: {'line': b'-- Up-to-date: /home/wei/fire_scout_ws/install/px4_msgs/include/px4_msgs/px4_msgs/msg/detail/can_interface_status__functions.h\n'}
[1.020699] (px4_msgs) StdoutLine: {'line': b'-- Up-to-date: /home/wei/fire_scout_ws/install/px4_msgs/include/px4_msgs/px4_msgs/msg/detail/action_request__functions.c\n'}
[1.020729] (px4_msgs) StdoutLine: {'line': b'-- Up-to-date: /home/wei/fire_scout_ws/install/px4_msgs/include/px4_msgs/px4_msgs/msg/detail/autotune_attitude_control_status__functions.h\n'}
[1.020760] (px4_msgs) StdoutLine: {'line': b'-- Up-to-date: /home/wei/fire_scout_ws/install/px4_msgs/include/px4_msgs/px4_msgs/msg/detail/parameter_set_value_request__struct.h\n'}
[1.020791] (px4_msgs) StdoutLine: {'line': b'-- Up-to-date: /home/wei/fire_scout_ws/install/px4_msgs/include/px4_msgs/px4_msgs/msg/detail/estimator_aid_source1d__type_support.h\n'}
[1.020818] (px4_msgs) StdoutLine: {'line': b'-- Up-to-date: /home/wei/fire_scout_ws/install/px4_msgs/include/px4_msgs/px4_msgs/msg/detail/airspeed_wind__type_support.h\n'}
[1.020844] (px4_msgs) StdoutLine: {'line': b'-- Up-to-date: /home/wei/fire_scout_ws/install/px4_msgs/include/px4_msgs/px4_msgs/msg/detail/estimator_bias__functions.h\n'}
[1.020871] (px4_msgs) StdoutLine: {'line': b'-- Up-to-date: /home/wei/fire_scout_ws/install/px4_msgs/include/px4_msgs/px4_msgs/msg/detail/flight_phase_estimation__struct.h\n'}
[1.020898] (px4_msgs) StdoutLine: {'line': b'-- Up-to-date: /home/wei/fire_scout_ws/install/px4_msgs/include/px4_msgs/px4_msgs/msg/detail/orbit_status__struct.h\n'}
[1.020927] (px4_msgs) StdoutLine: {'line': b'-- Up-to-date: /home/wei/fire_scout_ws/install/px4_msgs/include/px4_msgs/px4_msgs/msg/detail/vehicle_status__type_support.h\n'}
[1.020958] (px4_msgs) StdoutLine: {'line': b'-- Up-to-date: /home/wei/fire_scout_ws/install/px4_msgs/include/px4_msgs/px4_msgs/msg/detail/wind__type_support.h\n'}
[1.020986] (px4_msgs) StdoutLine: {'line': b'-- Up-to-date: /home/wei/fire_scout_ws/install/px4_msgs/include/px4_msgs/px4_msgs/msg/detail/action_request__type_support.h\n'}
[1.021014] (px4_msgs) StdoutLine: {'line': b'-- Up-to-date: /home/wei/fire_scout_ws/install/px4_msgs/include/px4_msgs/px4_msgs/msg/detail/tiltrotor_extra_controls__functions.h\n'}
[1.021041] (px4_msgs) StdoutLine: {'line': b'-- Up-to-date: /home/wei/fire_scout_ws/install/px4_msgs/include/px4_msgs/px4_msgs/msg/detail/debug_array__functions.h\n'}
[1.021072] (px4_msgs) StdoutLine: {'line': b'-- Up-to-date: /home/wei/fire_scout_ws/install/px4_msgs/include/px4_msgs/px4_msgs/msg/detail/estimator_innovations__functions.c\n'}
[1.021100] (px4_msgs) StdoutLine: {'line': b'-- Up-to-date: /home/wei/fire_scout_ws/install/px4_msgs/include/px4_msgs/px4_msgs/msg/detail/sensors_status__functions.h\n'}
[1.021128] (px4_msgs) StdoutLine: {'line': b'-- Up-to-date: /home/wei/fire_scout_ws/install/px4_msgs/include/px4_msgs/px4_msgs/msg/detail/magnetometer_bias_estimate__type_support.h\n'}
[1.021156] (px4_msgs) StdoutLine: {'line': b'-- Up-to-date: /home/wei/fire_scout_ws/install/px4_msgs/include/px4_msgs/px4_msgs/msg/detail/rc_parameter_map__struct.h\n'}
[1.021186] (px4_msgs) StdoutLine: {'line': b'-- Up-to-date: /home/wei/fire_scout_ws/install/px4_msgs/include/px4_msgs/px4_msgs/msg/detail/mavlink_log__type_support.h\n'}
[1.021213] (px4_msgs) StdoutLine: {'line': b'-- Up-to-date: /home/wei/fire_scout_ws/install/px4_msgs/include/px4_msgs/px4_msgs/msg/detail/gimbal_device_set_attitude__struct.h\n'}
[1.021240] (px4_msgs) StdoutLine: {'line': b'-- Up-to-date: /home/wei/fire_scout_ws/install/px4_msgs/include/px4_msgs/px4_msgs/msg/detail/sensor_airflow__functions.c\n'}
[1.021268] (px4_msgs) StdoutLine: {'line': b'-- Up-to-date: /home/wei/fire_scout_ws/install/px4_msgs/include/px4_msgs/px4_msgs/msg/detail/tune_control__struct.h\n'}
[1.021295] (px4_msgs) StdoutLine: {'line': b'-- Up-to-date: /home/wei/fire_scout_ws/install/px4_msgs/include/px4_msgs/px4_msgs/msg/detail/gimbal_manager_set_attitude__struct.h\n'}
[1.021322] (px4_msgs) StdoutLine: {'line': b'-- Up-to-date: /home/wei/fire_scout_ws/install/px4_msgs/include/px4_msgs/px4_msgs/msg/detail/vehicle_constraints__functions.h\n'}
[1.021348] (px4_msgs) StdoutLine: {'line': b'-- Up-to-date: /home/wei/fire_scout_ws/install/px4_msgs/include/px4_msgs/px4_msgs/msg/detail/figure_eight_status__struct.h\n'}
[1.021378] (px4_msgs) StdoutLine: {'line': b'-- Up-to-date: /home/wei/fire_scout_ws/install/px4_msgs/include/px4_msgs/px4_msgs/msg/detail/estimator_states__struct.h\n'}
[1.021407] (px4_msgs) StdoutLine: {'line': b'-- Up-to-date: /home/wei/fire_scout_ws/install/px4_msgs/include/px4_msgs/px4_msgs/msg/detail/rover_throttle_setpoint__type_support.h\n'}
[1.021436] (px4_msgs) StdoutLine: {'line': b'-- Up-to-date: /home/wei/fire_scout_ws/install/px4_msgs/include/px4_msgs/px4_msgs/msg/detail/gimbal_device_attitude_status__struct.h\n'}
[1.021465] (px4_msgs) StdoutLine: {'line': b'-- Up-to-date: /home/wei/fire_scout_ws/install/px4_msgs/include/px4_msgs/px4_msgs/msg/detail/message_format_response__struct.h\n'}
[1.021497] (px4_msgs) StdoutLine: {'line': b'-- Up-to-date: /home/wei/fire_scout_ws/install/px4_msgs/include/px4_msgs/px4_msgs/msg/detail/rover_attitude_setpoint__type_support.h\n'}
[1.021531] (px4_msgs) StdoutLine: {'line': b'-- Up-to-date: /home/wei/fire_scout_ws/install/px4_msgs/include/px4_msgs/px4_msgs/msg/detail/register_ext_component_request__struct.h\n'}
[1.021561] (px4_msgs) StdoutLine: {'line': b'-- Up-to-date: /home/wei/fire_scout_ws/install/px4_msgs/include/px4_msgs/px4_msgs/msg/detail/open_drone_id_self_id__struct.h\n'}
[1.021592] (px4_msgs) StdoutLine: {'line': b'-- Up-to-date: /home/wei/fire_scout_ws/install/px4_msgs/include/px4_msgs/px4_msgs/msg/detail/log_message__functions.h\n'}
[1.021622] (px4_msgs) StdoutLine: {'line': b'-- Up-to-date: /home/wei/fire_scout_ws/install/px4_msgs/include/px4_msgs/px4_msgs/msg/detail/gimbal_controls__struct.h\n'}
[1.021652] (px4_msgs) StdoutLine: {'line': b'-- Up-to-date: /home/wei/fire_scout_ws/install/px4_msgs/include/px4_msgs/px4_msgs/msg/detail/rtl_status__functions.c\n'}
[1.021681] (px4_msgs) StdoutLine: {'line': b'-- Up-to-date: /home/wei/fire_scout_ws/install/px4_msgs/include/px4_msgs/px4_msgs/msg/detail/orb_test__functions.h\n'}
[1.021712] (px4_msgs) StdoutLine: {'line': b'-- Up-to-date: /home/wei/fire_scout_ws/install/px4_msgs/include/px4_msgs/px4_msgs/msg/detail/mission_result__struct.h\n'}
[1.021744] (px4_msgs) StdoutLine: {'line': b'-- Up-to-date: /home/wei/fire_scout_ws/install/px4_msgs/include/px4_msgs/px4_msgs/msg/detail/esc_status__struct.h\n'}
[1.021770] (px4_msgs) StdoutLine: {'line': b'-- Up-to-date: /home/wei/fire_scout_ws/install/px4_msgs/include/px4_msgs/px4_msgs/msg/detail/fixed_wing_runway_control__functions.c\n'}
[1.021797] (px4_msgs) StdoutLine: {'line': b'-- Up-to-date: /home/wei/fire_scout_ws/install/px4_msgs/include/px4_msgs/px4_msgs/msg/detail/can_interface_status__functions.c\n'}
[1.021824] (px4_msgs) StdoutLine: {'line': b'-- Up-to-date: /home/wei/fire_scout_ws/install/px4_msgs/include/px4_msgs/px4_msgs/msg/detail/system_power__type_support.h\n'}
[1.021850] (px4_msgs) StdoutLine: {'line': b'-- Up-to-date: /home/wei/fire_scout_ws/install/px4_msgs/include/px4_msgs/px4_msgs/msg/detail/battery_status__functions.c\n'}
[1.021877] (px4_msgs) StdoutLine: {'line': b'-- Up-to-date: /home/wei/fire_scout_ws/install/px4_msgs/include/px4_msgs/px4_msgs/msg/detail/satellite_info__functions.c\n'}
[1.021913] (px4_msgs) StdoutLine: {'line': b'-- Up-to-date: /home/wei/fire_scout_ws/install/px4_msgs/include/px4_msgs/px4_msgs/msg/detail/vehicle_attitude_setpoint__struct.h\n'}
[1.021941] (px4_msgs) StdoutLine: {'line': b'-- Up-to-date: /home/wei/fire_scout_ws/install/px4_msgs/include/px4_msgs/px4_msgs/msg/detail/vehicle_odometry__functions.h\n'}
[1.021968] (px4_msgs) StdoutLine: {'line': b'-- Up-to-date: /home/wei/fire_scout_ws/install/px4_msgs/include/px4_msgs/px4_msgs/msg/detail/rtl_status__struct.h\n'}
[1.021994] (px4_msgs) StdoutLine: {'line': b'-- Up-to-date: /home/wei/fire_scout_ws/install/px4_msgs/include/px4_msgs/px4_msgs/msg/detail/sensor_uwb__functions.h\n'}
[1.022020] (px4_msgs) StdoutLine: {'line': b'-- Up-to-date: /home/wei/fire_scout_ws/install/px4_msgs/include/px4_msgs/px4_msgs/msg/differential_pressure.h\n'}
[1.022046] (px4_msgs) StdoutLine: {'line': b'-- Up-to-date: /home/wei/fire_scout_ws/install/px4_msgs/include/px4_msgs/px4_msgs/msg/flight_phase_estimation.h\n'}
[1.022072] (px4_msgs) StdoutLine: {'line': b'-- Up-to-date: /home/wei/fire_scout_ws/install/px4_msgs/include/px4_msgs/px4_msgs/msg/fuel_tank_status.h\n'}
[1.022098] (px4_msgs) StdoutLine: {'line': b'-- Up-to-date: /home/wei/fire_scout_ws/install/px4_msgs/include/px4_msgs/px4_msgs/msg/gimbal_device_information.h\n'}
[1.022124] (px4_msgs) StdoutLine: {'line': b'-- Up-to-date: /home/wei/fire_scout_ws/install/px4_msgs/include/px4_msgs/px4_msgs/msg/timesync_status.h\n'}
[1.022150] (px4_msgs) StdoutLine: {'line': b'-- Up-to-date: /home/wei/fire_scout_ws/install/px4_msgs/include/px4_msgs/px4_msgs/msg/estimator_gps_status.h\n'}
[1.022177] (px4_msgs) StdoutLine: {'line': b'-- Up-to-date: /home/wei/fire_scout_ws/install/px4_msgs/include/px4_msgs/px4_msgs/msg/lateral_control_configuration.h\n'}
[1.022205] (px4_msgs) StdoutLine: {'line': b'-- Up-to-date: /home/wei/fire_scout_ws/install/px4_msgs/include/px4_msgs/px4_msgs/msg/rover_speed_status.h\n'}
[1.022233] (px4_msgs) StdoutLine: {'line': b'-- Up-to-date: /home/wei/fire_scout_ws/install/px4_msgs/include/px4_msgs/px4_msgs/msg/wind.h\n'}
[1.022260] (px4_msgs) StdoutLine: {'line': b'-- Up-to-date: /home/wei/fire_scout_ws/install/px4_msgs/include/px4_msgs/px4_msgs/msg/vehicle_optical_flow_vel.h\n'}
[1.022288] (px4_msgs) StdoutLine: {'line': b'-- Up-to-date: /home/wei/fire_scout_ws/install/px4_msgs/include/px4_msgs/px4_msgs/msg/estimator_aid_source2d.h\n'}
[1.022317] (px4_msgs) StdoutLine: {'line': b'-- Up-to-date: /home/wei/fire_scout_ws/install/px4_msgs/include/px4_msgs/px4_msgs/msg/parameter_update.h\n'}
[1.022346] (px4_msgs) StdoutLine: {'line': b'-- Up-to-date: /home/wei/fire_scout_ws/install/px4_msgs/include/px4_msgs/px4_msgs/msg/sensor_gyro_fifo.h\n'}
[1.022375] (px4_msgs) StdoutLine: {'line': b'-- Up-to-date: /home/wei/fire_scout_ws/install/px4_msgs/include/px4_msgs/px4_msgs/msg/ulog_stream.h\n'}
[1.022402] (px4_msgs) StdoutLine: {'line': b'-- Up-to-date: /home/wei/fire_scout_ws/install/px4_msgs/include/px4_msgs/px4_msgs/msg/manual_control_setpoint.h\n'}
[1.022433] (px4_msgs) StdoutLine: {'line': b'-- Up-to-date: /home/wei/fire_scout_ws/install/px4_msgs/include/px4_msgs/px4_msgs/msg/sensor_hygrometer.h\n'}
[1.022461] (px4_msgs) StdoutLine: {'line': b'-- Up-to-date: /home/wei/fire_scout_ws/install/px4_msgs/include/px4_msgs/px4_msgs/msg/ping.h\n'}
[1.022491] (px4_msgs) StdoutLine: {'line': b'-- Up-to-date: /home/wei/fire_scout_ws/install/px4_msgs/include/px4_msgs/px4_msgs/msg/vehicle_local_position.h\n'}
[1.022522] (px4_msgs) StdoutLine: {'line': b'-- Up-to-date: /home/wei/fire_scout_ws/install/px4_msgs/include/px4_msgs/px4_msgs/msg/parameter_set_value_response.h\n'}
[1.022554] (px4_msgs) StdoutLine: {'line': b'-- Up-to-date: /home/wei/fire_scout_ws/install/px4_msgs/include/px4_msgs/px4_msgs/msg/camera_capture.h\n'}
[1.022583] (px4_msgs) StdoutLine: {'line': b'-- Up-to-date: /home/wei/fire_scout_ws/install/px4_msgs/include/px4_msgs/px4_msgs/msg/vehicle_imu_status.h\n'}
[1.022616] (px4_msgs) StdoutLine: {'line': b'-- Up-to-date: /home/wei/fire_scout_ws/install/px4_msgs/include/px4_msgs/px4_msgs/msg/vtol_vehicle_status.h\n'}
[1.022649] (px4_msgs) StdoutLine: {'line': b'-- Up-to-date: /home/wei/fire_scout_ws/install/px4_msgs/include/px4_msgs/px4_msgs/msg/sensor_selection.h\n'}
[1.022681] (px4_msgs) StdoutLine: {'line': b'-- Up-to-date: /home/wei/fire_scout_ws/install/px4_msgs/include/px4_msgs/px4_msgs/msg/gimbal_manager_set_attitude.h\n'}
[1.022714] (px4_msgs) StdoutLine: {'line': b'-- Up-to-date: /home/wei/fire_scout_ws/install/px4_msgs/include/px4_msgs/px4_msgs/msg/velocity_limits.h\n'}
[1.022742] (px4_msgs) StdoutLine: {'line': b'-- Up-to-date: /home/wei/fire_scout_ws/install/px4_msgs/include/px4_msgs/px4_msgs/msg/open_drone_id_arm_status.h\n'}
[1.022771] (px4_msgs) StdoutLine: {'line': b'-- Up-to-date: /home/wei/fire_scout_ws/install/px4_msgs/include/px4_msgs/px4_msgs/msg/fixed_wing_lateral_guidance_status.h\n'}
[1.022799] (px4_msgs) StdoutLine: {'line': b'-- Up-to-date: /home/wei/fire_scout_ws/install/px4_msgs/include/px4_msgs/px4_msgs/msg/parameter_reset_request.h\n'}
[1.022826] (px4_msgs) StdoutLine: {'line': b'-- Up-to-date: /home/wei/fire_scout_ws/install/px4_msgs/include/px4_msgs/px4_msgs/msg/vehicle_attitude_setpoint.h\n'}
[1.022855] (px4_msgs) StdoutLine: {'line': b'-- Up-to-date: /home/wei/fire_scout_ws/install/px4_msgs/include/px4_msgs/px4_msgs/msg/iridiumsbd_status.h\n'}
[1.022883] (px4_msgs) StdoutLine: {'line': b'-- Up-to-date: /home/wei/fire_scout_ws/install/px4_msgs/include/px4_msgs/px4_msgs/msg/longitudinal_control_configuration.h\n'}
[1.022911] (px4_msgs) StdoutLine: {'line': b'-- Up-to-date: /home/wei/fire_scout_ws/install/px4_msgs/include/px4_msgs/px4_msgs/msg/vehicle_local_position_setpoint.h\n'}
[1.022939] (px4_msgs) StdoutLine: {'line': b'-- Up-to-date: /home/wei/fire_scout_ws/install/px4_msgs/include/px4_msgs/px4_msgs/msg/position_setpoint_triplet.h\n'}
[1.022975] (px4_msgs) StdoutLine: {'line': b'-- Up-to-date: /home/wei/fire_scout_ws/install/px4_msgs/include/px4_msgs/px4_msgs/msg/open_drone_id_system.h\n'}
[1.023003] (px4_msgs) StdoutLine: {'line': b'-- Up-to-date: /home/wei/fire_scout_ws/install/px4_msgs/include/px4_msgs/px4_msgs/msg/follow_target_estimator.h\n'}
[1.023032] (px4_msgs) StdoutLine: {'line': b'-- Up-to-date: /home/wei/fire_scout_ws/install/px4_msgs/include/px4_msgs/px4_msgs/msg/message_format_response.h\n'}
[1.023060] (px4_msgs) StdoutLine: {'line': b'-- Up-to-date: /home/wei/fire_scout_ws/install/px4_msgs/include/px4_msgs/px4_msgs/msg/battery_status.h\n'}
[1.023088] (px4_msgs) StdoutLine: {'line': b'-- Up-to-date: /home/wei/fire_scout_ws/install/px4_msgs/include/px4_msgs/px4_msgs/msg/power_monitor.h\n'}
[1.023116] (px4_msgs) StdoutLine: {'line': b'-- Up-to-date: /home/wei/fire_scout_ws/install/px4_msgs/include/px4_msgs/px4_msgs/msg/vehicle_roi.h\n'}
[1.023144] (px4_msgs) StdoutLine: {'line': b'-- Up-to-date: /home/wei/fire_scout_ws/install/px4_msgs/include/px4_msgs/px4_msgs/msg/airspeed_validated.h\n'}
[1.023172] (px4_msgs) StdoutLine: {'line': b'-- Up-to-date: /home/wei/fire_scout_ws/install/px4_msgs/include/px4_msgs/px4_msgs/msg/tecs_status.h\n'}
[1.023203] (px4_msgs) StdoutLine: {'line': b'-- Up-to-date: /home/wei/fire_scout_ws/install/px4_msgs/include/px4_msgs/px4_msgs/msg/dronecan_node_status.h\n'}
[1.023230] (px4_msgs) StdoutLine: {'line': b'-- Up-to-date: /home/wei/fire_scout_ws/install/px4_msgs/include/px4_msgs/px4_msgs/msg/config_overrides.h\n'}
[1.023258] (px4_msgs) StdoutLine: {'line': b'-- Up-to-date: /home/wei/fire_scout_ws/install/px4_msgs/include/px4_msgs/px4_msgs/msg/qshell_req.h\n'}
[1.023286] (px4_msgs) StdoutLine: {'line': b'-- Up-to-date: /home/wei/fire_scout_ws/install/px4_msgs/include/px4_msgs/px4_msgs/msg/pure_pursuit_status.h\n'}
[1.023314] (px4_msgs) StdoutLine: {'line': b'-- Up-to-date: /home/wei/fire_scout_ws/install/px4_msgs/include/px4_msgs/px4_msgs/msg/gimbal_manager_set_manual_control.h\n'}
[1.023343] (px4_msgs) StdoutLine: {'line': b'-- Up-to-date: /home/wei/fire_scout_ws/install/px4_msgs/include/px4_msgs/px4_msgs/msg/mode_completed.h\n'}
[1.023375] (px4_msgs) StdoutLine: {'line': b'-- Up-to-date: /home/wei/fire_scout_ws/install/px4_msgs/include/px4_msgs/px4_msgs/msg/estimator_aid_source3d.h\n'}
[1.023403] (px4_msgs) StdoutLine: {'line': b'-- Up-to-date: /home/wei/fire_scout_ws/install/px4_msgs/include/px4_msgs/px4_msgs/msg/sensor_combined.h\n'}
[1.023433] (px4_msgs) StdoutLine: {'line': b'-- Up-to-date: /home/wei/fire_scout_ws/install/px4_msgs/include/px4_msgs/px4_msgs/msg/mission.h\n'}
[1.023463] (px4_msgs) StdoutLine: {'line': b'-- Up-to-date: /home/wei/fire_scout_ws/install/px4_msgs/include/px4_msgs/px4_msgs/msg/goto_setpoint.h\n'}
[1.023490] (px4_msgs) StdoutLine: {'line': b'-- Up-to-date: /home/wei/fire_scout_ws/install/px4_msgs/include/px4_msgs/px4_msgs/msg/vehicle_optical_flow.h\n'}
[1.023519] (px4_msgs) StdoutLine: {'line': b'-- Up-to-date: /home/wei/fire_scout_ws/install/px4_msgs/include/px4_msgs/px4_msgs/msg/estimator_event_flags.h\n'}
[1.023547] (px4_msgs) StdoutLine: {'line': b'-- Up-to-date: /home/wei/fire_scout_ws/install/px4_msgs/include/px4_msgs/px4_msgs/msg/sensor_accel.h\n'}
[1.023575] (px4_msgs) StdoutLine: {'line': b'-- Up-to-date: /home/wei/fire_scout_ws/install/px4_msgs/include/px4_msgs/px4_msgs/msg/mount_orientation.h\n'}
[1.023603] (px4_msgs) StdoutLine: {'line': b'-- Up-to-date: /home/wei/fire_scout_ws/install/px4_msgs/include/px4_msgs/px4_msgs/msg/gpio_config.h\n'}
[1.023632] (px4_msgs) StdoutLine: {'line': b'-- Up-to-date: /home/wei/fire_scout_ws/install/px4_msgs/include/px4_msgs/px4_msgs/msg/failure_detector_status.h\n'}
[1.023719] (px4_msgs) StdoutLine: {'line': b'-- Up-to-date: /home/wei/fire_scout_ws/install/px4_msgs/include/px4_msgs/px4_msgs/msg/neural_control.h\n'}
[1.023748] (px4_msgs) StdoutLine: {'line': b'-- Up-to-date: /home/wei/fire_scout_ws/install/px4_msgs/include/px4_msgs/px4_msgs/msg/vehicle_command.h\n'}
[1.023776] (px4_msgs) StdoutLine: {'line': b'-- Up-to-date: /home/wei/fire_scout_ws/install/px4_msgs/include/px4_msgs/px4_msgs/msg/position_controller_landing_status.h\n'}
[1.023805] (px4_msgs) StdoutLine: {'line': b'-- Up-to-date: /home/wei/fire_scout_ws/install/px4_msgs/include/px4_msgs/px4_msgs/msg/arming_check_request.h\n'}
[1.023834] (px4_msgs) StdoutLine: {'line': b'-- Up-to-date: /home/wei/fire_scout_ws/install/px4_msgs/include/px4_msgs/px4_msgs/msg/log_message.h\n'}
[1.023863] (px4_msgs) StdoutLine: {'line': b'-- Up-to-date: /home/wei/fire_scout_ws/install/px4_msgs/include/px4_msgs/px4_msgs/msg/ulog_stream_ack.h\n'}
[1.023891] (px4_msgs) StdoutLine: {'line': b'-- Up-to-date: /home/wei/fire_scout_ws/install/px4_msgs/include/px4_msgs/px4_msgs/msg/estimator_selector_status.h\n'}
[1.023919] (px4_msgs) StdoutLine: {'line': b'-- Up-to-date: /home/wei/fire_scout_ws/install/px4_msgs/include/px4_msgs/px4_msgs/msg/sensor_uwb.h\n'}
[1.023946] (px4_msgs) StdoutLine: {'line': b'-- Up-to-date: /home/wei/fire_scout_ws/install/px4_msgs/include/px4_msgs/px4_msgs/msg/magnetometer_bias_estimate.h\n'}
[1.023973] (px4_msgs) StdoutLine: {'line': b'-- Up-to-date: /home/wei/fire_scout_ws/install/px4_msgs/include/px4_msgs/px4_msgs/msg/fixed_wing_lateral_status.h\n'}
[1.024002] (px4_msgs) StdoutLine: {'line': b'-- Up-to-date: /home/wei/fire_scout_ws/install/px4_msgs/include/px4_msgs/px4_msgs/msg/rate_ctrl_status.h\n'}
[1.024031] (px4_msgs) StdoutLine: {'line': b'-- Up-to-date: /home/wei/fire_scout_ws/install/px4_msgs/include/px4_msgs/px4_msgs/msg/collision_constraints.h\n'}
[1.024058] (px4_msgs) StdoutLine: {'line': b'-- Up-to-date: /home/wei/fire_scout_ws/install/px4_msgs/include/px4_msgs/px4_msgs/msg/gripper.h\n'}
[1.024086] (px4_msgs) StdoutLine: {'line': b'-- Up-to-date: /home/wei/fire_scout_ws/install/px4_msgs/include/px4_msgs/px4_msgs/msg/orb_test_large.h\n'}
[1.024118] (px4_msgs) StdoutLine: {'line': b'-- Up-to-date: /home/wei/fire_scout_ws/install/px4_msgs/include/px4_msgs/px4_msgs/msg/dataman_response.h\n'}
[1.024145] (px4_msgs) StdoutLine: {'line': b'-- Up-to-date: /home/wei/fire_scout_ws/install/px4_msgs/include/px4_msgs/px4_msgs/msg/mavlink_tunnel.h\n'}
[1.024174] (px4_msgs) StdoutLine: {'line': b'-- Up-to-date: /home/wei/fire_scout_ws/install/px4_msgs/include/px4_msgs/px4_msgs/msg/vehicle_land_detected.h\n'}
[1.024201] (px4_msgs) StdoutLine: {'line': b'-- Up-to-date: /home/wei/fire_scout_ws/install/px4_msgs/include/px4_msgs/px4_msgs/msg/follow_target.h\n'}
[1.024230] (px4_msgs) StdoutLine: {'line': b'-- Up-to-date: /home/wei/fire_scout_ws/install/px4_msgs/include/px4_msgs/px4_msgs/msg/vehicle_angular_velocity.h\n'}
[1.024257] (px4_msgs) StdoutLine: {'line': b'-- Up-to-date: /home/wei/fire_scout_ws/install/px4_msgs/include/px4_msgs/px4_msgs/msg/heater_status.h\n'}
[1.024286] (px4_msgs) StdoutLine: {'line': b'-- Up-to-date: /home/wei/fire_scout_ws/install/px4_msgs/include/px4_msgs/px4_msgs/msg/hover_thrust_estimate.h\n'}
[1.024315] (px4_msgs) StdoutLine: {'line': b'-- Up-to-date: /home/wei/fire_scout_ws/install/px4_msgs/include/px4_msgs/px4_msgs/msg/telemetry_status.h\n'}
[1.024343] (px4_msgs) StdoutLine: {'line': b'-- Up-to-date: /home/wei/fire_scout_ws/install/px4_msgs/include/px4_msgs/px4_msgs/msg/sensors_status_imu.h\n'}
[1.024376] (px4_msgs) StdoutLine: {'line': b'-- Up-to-date: /home/wei/fire_scout_ws/install/px4_msgs/include/px4_msgs/px4_msgs/msg/esc_status.h\n'}
[1.024406] (px4_msgs) StdoutLine: {'line': b'-- Up-to-date: /home/wei/fire_scout_ws/install/px4_msgs/include/px4_msgs/px4_msgs/msg/event.h\n'}
[1.024440] (px4_msgs) StdoutLine: {'line': b'-- Up-to-date: /home/wei/fire_scout_ws/install/px4_msgs/include/px4_msgs/px4_msgs/msg/arming_check_reply.h\n'}
[1.024470] (px4_msgs) StdoutLine: {'line': b'-- Up-to-date: /home/wei/fire_scout_ws/install/px4_msgs/include/px4_msgs/px4_msgs/msg/gimbal_manager_information.h\n'}
[1.024503] (px4_msgs) StdoutLine: {'line': b'-- Up-to-date: /home/wei/fire_scout_ws/install/px4_msgs/include/px4_msgs/px4_msgs/msg/vehicle_status.h\n'}
[1.024534] (px4_msgs) StdoutLine: {'line': b'-- Up-to-date: /home/wei/fire_scout_ws/install/px4_msgs/include/px4_msgs/px4_msgs/msg/transponder_report.h\n'}
[1.024565] (px4_msgs) StdoutLine: {'line': b'-- Up-to-date: /home/wei/fire_scout_ws/install/px4_msgs/include/px4_msgs/px4_msgs/msg/sensors_status.h\n'}
[1.024596] (px4_msgs) StdoutLine: {'line': b'-- Up-to-date: /home/wei/fire_scout_ws/install/px4_msgs/include/px4_msgs/px4_msgs/msg/unregister_ext_component.h\n'}
[1.024630] (px4_msgs) StdoutLine: {'line': b'-- Up-to-date: /home/wei/fire_scout_ws/install/px4_msgs/include/px4_msgs/px4_msgs/msg/battery_info.h\n'}
[1.024662] (px4_msgs) StdoutLine: {'line': b'-- Up-to-date: /home/wei/fire_scout_ws/install/px4_msgs/include/px4_msgs/px4_msgs/msg/rosidl_generator_c__visibility_control.h\n'}
[1.024693] (px4_msgs) StdoutLine: {'line': b'-- Up-to-date: /home/wei/fire_scout_ws/install/px4_msgs/include/px4_msgs/px4_msgs/msg/sensor_mag.h\n'}
[1.024724] (px4_msgs) StdoutLine: {'line': b'-- Up-to-date: /home/wei/fire_scout_ws/install/px4_msgs/include/px4_msgs/px4_msgs/msg/orb_test.h\n'}
[1.024765] (px4_msgs) StdoutLine: {'line': b'-- Up-to-date: /home/wei/fire_scout_ws/install/px4_msgs/include/px4_msgs/px4_msgs/msg/actuator_controls_status.h\n'}
[1.024798] (px4_msgs) StdoutLine: {'line': b'-- Up-to-date: /home/wei/fire_scout_ws/install/px4_msgs/include/px4_msgs/px4_msgs/msg/estimator_status.h\n'}
[1.024833] (px4_msgs) StdoutLine: {'line': b'-- Up-to-date: /home/wei/fire_scout_ws/install/px4_msgs/include/px4_msgs/px4_msgs/msg/register_ext_component_request.h\n'}
[1.024868] (px4_msgs) StdoutLine: {'line': b'-- Up-to-date: /home/wei/fire_scout_ws/install/px4_msgs/include/px4_msgs/px4_msgs/msg/mag_worker_data.h\n'}
[1.024900] (px4_msgs) StdoutLine: {'line': b'-- Up-to-date: /home/wei/fire_scout_ws/install/px4_msgs/include/px4_msgs/px4_msgs/msg/gimbal_device_set_attitude.h\n'}
[1.024931] (px4_msgs) StdoutLine: {'line': b'-- Up-to-date: /home/wei/fire_scout_ws/install/px4_msgs/include/px4_msgs/px4_msgs/msg/yaw_estimator_status.h\n'}
[1.024961] (px4_msgs) StdoutLine: {'line': b'-- Up-to-date: /home/wei/fire_scout_ws/install/px4_msgs/include/px4_msgs/px4_msgs/msg/led_control.h\n'}
[1.024990] (px4_msgs) StdoutLine: {'line': b'-- Up-to-date: /home/wei/fire_scout_ws/install/px4_msgs/include/px4_msgs/px4_msgs/msg/radio_status.h\n'}
[1.025019] (px4_msgs) StdoutLine: {'line': b'-- Up-to-date: /home/wei/fire_scout_ws/install/px4_msgs/include/px4_msgs/px4_msgs/msg/navigator_mission_item.h\n'}
[1.025046] (px4_msgs) StdoutLine: {'line': b'-- Up-to-date: /home/wei/fire_scout_ws/install/px4_msgs/include/px4_msgs/px4_msgs/msg/camera_status.h\n'}
[1.025075] (px4_msgs) StdoutLine: {'line': b'-- Up-to-date: /home/wei/fire_scout_ws/install/px4_msgs/include/px4_msgs/px4_msgs/msg/landing_target_innovations.h\n'}
[1.025104] (px4_msgs) StdoutLine: {'line': b'-- Up-to-date: /home/wei/fire_scout_ws/install/px4_msgs/include/px4_msgs/px4_msgs/msg/uavcan_parameter_request.h\n'}
[1.025132] (px4_msgs) StdoutLine: {'line': b'-- Up-to-date: /home/wei/fire_scout_ws/install/px4_msgs/include/px4_msgs/px4_msgs/msg/open_drone_id_self_id.h\n'}
[1.025159] (px4_msgs) StdoutLine: {'line': b'-- Up-to-date: /home/wei/fire_scout_ws/install/px4_msgs/include/px4_msgs/px4_msgs/msg/internal_combustion_engine_status.h\n'}
[1.025187] (px4_msgs) StdoutLine: {'line': b'-- Up-to-date: /home/wei/fire_scout_ws/install/px4_msgs/include/px4_msgs/px4_msgs/msg/register_ext_component_reply.h\n'}
[1.025216] (px4_msgs) StdoutLine: {'line': b'-- Up-to-date: /home/wei/fire_scout_ws/install/px4_msgs/include/px4_msgs/px4_msgs/msg/px4io_status.h\n'}
[1.025244] (px4_msgs) StdoutLine: {'line': b'-- Up-to-date: /home/wei/fire_scout_ws/install/px4_msgs/include/px4_msgs/px4_msgs/msg/rover_steering_setpoint.h\n'}
[1.025280] (px4_msgs) StdoutLine: {'line': b'-- Up-to-date: /home/wei/fire_scout_ws/install/px4_msgs/include/px4_msgs/px4_msgs/msg/rover_rate_status.h\n'}
[1.025307] (px4_msgs) StdoutLine: {'line': b'-- Up-to-date: /home/wei/fire_scout_ws/install/px4_msgs/include/px4_msgs/px4_msgs/msg/actuator_motors.h\n'}
[1.025337] (px4_msgs) StdoutLine: {'line': b'-- Up-to-date: /home/wei/fire_scout_ws/install/px4_msgs/include/px4_msgs/px4_msgs/msg/parameter_set_used_request.h\n'}
[1.025371] (px4_msgs) StdoutLine: {'line': b'-- Up-to-date: /home/wei/fire_scout_ws/install/px4_msgs/include/px4_msgs/px4_msgs/msg/cpuload.h\n'}
[1.025405] (px4_msgs) StdoutLine: {'line': b'-- Up-to-date: /home/wei/fire_scout_ws/install/px4_msgs/include/px4_msgs/px4_msgs/msg/actuator_servos_trim.h\n'}
[1.025436] (px4_msgs) StdoutLine: {'line': b'-- Up-to-date: /home/wei/fire_scout_ws/install/px4_msgs/include/px4_msgs/px4_msgs/msg/power_button_state.h\n'}
[1.025466] (px4_msgs) StdoutLine: {'line': b'-- Up-to-date: /home/wei/fire_scout_ws/install/px4_msgs/include/px4_msgs/px4_msgs/msg/launch_detection_status.h\n'}
[1.025496] (px4_msgs) StdoutLine: {'line': b'-- Up-to-date: /home/wei/fire_scout_ws/install/px4_msgs/include/px4_msgs/px4_msgs/msg/sensor_optical_flow.h\n'}
[1.025527] (px4_msgs) StdoutLine: {'line': b'-- Up-to-date: /home/wei/fire_scout_ws/install/px4_msgs/include/px4_msgs/px4_msgs/msg/health_report.h\n'}
[1.025560] (px4_msgs) StdoutLine: {'line': b'-- Up-to-date: /home/wei/fire_scout_ws/install/px4_msgs/include/px4_msgs/px4_msgs/msg/home_position.h\n'}
[1.025594] (px4_msgs) StdoutLine: {'line': b'-- Up-to-date: /home/wei/fire_scout_ws/install/px4_msgs/include/px4_msgs/px4_msgs/msg/sensor_gnss_relative.h\n'}
[1.025630] (px4_msgs) StdoutLine: {'line': b'-- Up-to-date: /home/wei/fire_scout_ws/install/px4_msgs/include/px4_msgs/px4_msgs/msg/rover_rate_setpoint.h\n'}
[1.025664] (px4_msgs) StdoutLine: {'line': b'-- Up-to-date: /home/wei/fire_scout_ws/install/px4_msgs/include/px4_msgs/px4_msgs/msg/sensor_correction.h\n'}
[1.025697] (px4_msgs) StdoutLine: {'line': b'-- Up-to-date: /home/wei/fire_scout_ws/install/px4_msgs/include/px4_msgs/px4_msgs/msg/gimbal_controls.h\n'}
[1.025733] (px4_msgs) StdoutLine: {'line': b'-- Up-to-date: /home/wei/fire_scout_ws/install/px4_msgs/include/px4_msgs/px4_msgs/msg/vehicle_imu.h\n'}
[1.025764] (px4_msgs) StdoutLine: {'line': b'-- Up-to-date: /home/wei/fire_scout_ws/install/px4_msgs/include/px4_msgs/px4_msgs/msg/rover_throttle_setpoint.h\n'}
[1.025793] (px4_msgs) StdoutLine: {'line': b'-- Up-to-date: /home/wei/fire_scout_ws/install/px4_msgs/include/px4_msgs/px4_msgs/msg/vehicle_rates_setpoint.h\n'}
[1.025824] (px4_msgs) StdoutLine: {'line': b'-- Up-to-date: /home/wei/fire_scout_ws/install/px4_msgs/include/px4_msgs/px4_msgs/msg/estimator_sensor_bias.h\n'}
[1.025856] (px4_msgs) StdoutLine: {'line': b'-- Up-to-date: /home/wei/fire_scout_ws/install/px4_msgs/include/px4_msgs/px4_msgs/msg/actuator_test.h\n'}
[1.025883] (px4_msgs) StdoutLine: {'line': b'-- Up-to-date: /home/wei/fire_scout_ws/install/px4_msgs/include/px4_msgs/px4_msgs/srv\n'}
[1.025910] (px4_msgs) StdoutLine: {'line': b'-- Up-to-date: /home/wei/fire_scout_ws/install/px4_msgs/include/px4_msgs/px4_msgs/srv/detail\n'}
[1.025937] (px4_msgs) StdoutLine: {'line': b'-- Up-to-date: /home/wei/fire_scout_ws/install/px4_msgs/include/px4_msgs/px4_msgs/srv/detail/vehicle_command__type_support.h\n'}
[1.025964] (px4_msgs) StdoutLine: {'line': b'-- Up-to-date: /home/wei/fire_scout_ws/install/px4_msgs/include/px4_msgs/px4_msgs/srv/detail/vehicle_command__functions.c\n'}
[1.025992] (px4_msgs) StdoutLine: {'line': b'-- Up-to-date: /home/wei/fire_scout_ws/install/px4_msgs/include/px4_msgs/px4_msgs/srv/detail/vehicle_command__struct.h\n'}
[1.026018] (px4_msgs) StdoutLine: {'line': b'-- Up-to-date: /home/wei/fire_scout_ws/install/px4_msgs/include/px4_msgs/px4_msgs/srv/detail/vehicle_command__functions.h\n'}
[1.026045] (px4_msgs) StdoutLine: {'line': b'-- Up-to-date: /home/wei/fire_scout_ws/install/px4_msgs/include/px4_msgs/px4_msgs/srv/vehicle_command.h\n'}
[1.026072] (px4_msgs) StdoutLine: {'line': b'-- Up-to-date: /home/wei/fire_scout_ws/install/px4_msgs/share/px4_msgs/environment/library_path.sh\n'}
[1.026100] (px4_msgs) StdoutLine: {'line': b'-- Up-to-date: /home/wei/fire_scout_ws/install/px4_msgs/share/px4_msgs/environment/library_path.dsv\n'}
[1.026126] (px4_msgs) StdoutLine: {'line': b'-- Up-to-date: /home/wei/fire_scout_ws/install/px4_msgs/lib/libpx4_msgs__rosidl_generator_c.so\n'}
[1.026153] (px4_msgs) StdoutLine: {'line': b'-- Up-to-date: /home/wei/fire_scout_ws/install/px4_msgs/include/px4_msgs/px4_msgs\n'}
[1.026179] (px4_msgs) StdoutLine: {'line': b'-- Up-to-date: /home/wei/fire_scout_ws/install/px4_msgs/include/px4_msgs/px4_msgs/msg\n'}
[1.026206] (px4_msgs) StdoutLine: {'line': b'-- Up-to-date: /home/wei/fire_scout_ws/install/px4_msgs/include/px4_msgs/px4_msgs/msg/rosidl_typesupport_fastrtps_c__visibility_control.h\n'}
[1.026232] (px4_msgs) StdoutLine: {'line': b'-- Up-to-date: /home/wei/fire_scout_ws/install/px4_msgs/include/px4_msgs/px4_msgs/msg/detail\n'}
[1.026259] (px4_msgs) StdoutLine: {'line': b'-- Up-to-date: /home/wei/fire_scout_ws/install/px4_msgs/include/px4_msgs/px4_msgs/msg/detail/generator_status__rosidl_typesupport_fastrtps_c.h\n'}
[1.026287] (px4_msgs) StdoutLine: {'line': b'-- Up-to-date: /home/wei/fire_scout_ws/install/px4_msgs/include/px4_msgs/px4_msgs/msg/detail/vehicle_land_detected__rosidl_typesupport_fastrtps_c.h\n'}
[1.026314] (px4_msgs) StdoutLine: {'line': b'-- Up-to-date: /home/wei/fire_scout_ws/install/px4_msgs/include/px4_msgs/px4_msgs/msg/detail/vehicle_local_position_setpoint__rosidl_typesupport_fastrtps_c.h\n'}
[1.026343] (px4_msgs) StdoutLine: {'line': b'-- Up-to-date: /home/wei/fire_scout_ws/install/px4_msgs/include/px4_msgs/px4_msgs/msg/detail/open_drone_id_system__rosidl_typesupport_fastrtps_c.h\n'}
[1.026381] (px4_msgs) StdoutLine: {'line': b'-- Up-to-date: /home/wei/fire_scout_ws/install/px4_msgs/include/px4_msgs/px4_msgs/msg/detail/vehicle_air_data__rosidl_typesupport_fastrtps_c.h\n'}
[1.026409] (px4_msgs) StdoutLine: {'line': b'-- Up-to-date: /home/wei/fire_scout_ws/install/px4_msgs/include/px4_msgs/px4_msgs/msg/detail/estimator_sensor_bias__rosidl_typesupport_fastrtps_c.h\n'}
[1.026438] (px4_msgs) StdoutLine: {'line': b'-- Up-to-date: /home/wei/fire_scout_ws/install/px4_msgs/include/px4_msgs/px4_msgs/msg/detail/input_rc__rosidl_typesupport_fastrtps_c.h\n'}
[1.026468] (px4_msgs) StdoutLine: {'line': b'-- Up-to-date: /home/wei/fire_scout_ws/install/px4_msgs/include/px4_msgs/px4_msgs/msg/detail/airspeed_wind__rosidl_typesupport_fastrtps_c.h\n'}
[1.026496] (px4_msgs) StdoutLine: {'line': b'-- Up-to-date: /home/wei/fire_scout_ws/install/px4_msgs/include/px4_msgs/px4_msgs/msg/detail/estimator_event_flags__rosidl_typesupport_fastrtps_c.h\n'}
[1.026527] (px4_msgs) StdoutLine: {'line': b'-- Up-to-date: /home/wei/fire_scout_ws/install/px4_msgs/include/px4_msgs/px4_msgs/msg/detail/transponder_report__rosidl_typesupport_fastrtps_c.h\n'}
[1.026557] (px4_msgs) StdoutLine: {'line': b'-- Up-to-date: /home/wei/fire_scout_ws/install/px4_msgs/include/px4_msgs/px4_msgs/msg/detail/rover_speed_setpoint__rosidl_typesupport_fastrtps_c.h\n'}
[1.026589] (px4_msgs) StdoutLine: {'line': b'-- Up-to-date: /home/wei/fire_scout_ws/install/px4_msgs/include/px4_msgs/px4_msgs/msg/detail/esc_status__rosidl_typesupport_fastrtps_c.h\n'}
[1.026618] (px4_msgs) StdoutLine: {'line': b'-- Up-to-date: /home/wei/fire_scout_ws/install/px4_msgs/include/px4_msgs/px4_msgs/msg/detail/event__rosidl_typesupport_fastrtps_c.h\n'}
[1.026646] (px4_msgs) StdoutLine: {'line': b'-- Up-to-date: /home/wei/fire_scout_ws/install/px4_msgs/include/px4_msgs/px4_msgs/msg/detail/qshell_req__rosidl_typesupport_fastrtps_c.h\n'}
[1.026674] (px4_msgs) StdoutLine: {'line': b'-- Up-to-date: /home/wei/fire_scout_ws/install/px4_msgs/include/px4_msgs/px4_msgs/msg/detail/gimbal_device_set_attitude__rosidl_typesupport_fastrtps_c.h\n'}
[1.026705] (px4_msgs) StdoutLine: {'line': b'-- Up-to-date: /home/wei/fire_scout_ws/install/px4_msgs/include/px4_msgs/px4_msgs/msg/detail/estimator_selector_status__rosidl_typesupport_fastrtps_c.h\n'}
[1.026734] (px4_msgs) StdoutLine: {'line': b'-- Up-to-date: /home/wei/fire_scout_ws/install/px4_msgs/include/px4_msgs/px4_msgs/msg/detail/position_setpoint_triplet__rosidl_typesupport_fastrtps_c.h\n'}
[1.026764] (px4_msgs) StdoutLine: {'line': b'-- Up-to-date: /home/wei/fire_scout_ws/install/px4_msgs/include/px4_msgs/px4_msgs/msg/detail/vehicle_status__rosidl_typesupport_fastrtps_c.h\n'}
[1.026792] (px4_msgs) StdoutLine: {'line': b'-- Up-to-date: /home/wei/fire_scout_ws/install/px4_msgs/include/px4_msgs/px4_msgs/msg/detail/rc_channels__rosidl_typesupport_fastrtps_c.h\n'}
[1.026820] (px4_msgs) StdoutLine: {'line': b'-- Up-to-date: /home/wei/fire_scout_ws/install/px4_msgs/include/px4_msgs/px4_msgs/msg/detail/fuel_tank_status__rosidl_typesupport_fastrtps_c.h\n'}
[1.026849] (px4_msgs) StdoutLine: {'line': b'-- Up-to-date: /home/wei/fire_scout_ws/install/px4_msgs/include/px4_msgs/px4_msgs/msg/detail/debug_key_value__rosidl_typesupport_fastrtps_c.h\n'}
[1.026875] (px4_msgs) StdoutLine: {'line': b'-- Up-to-date: /home/wei/fire_scout_ws/install/px4_msgs/include/px4_msgs/px4_msgs/msg/detail/fixed_wing_longitudinal_setpoint__rosidl_typesupport_fastrtps_c.h\n'}
[1.026902] (px4_msgs) StdoutLine: {'line': b'-- Up-to-date: /home/wei/fire_scout_ws/install/px4_msgs/include/px4_msgs/px4_msgs/msg/detail/mission__rosidl_typesupport_fastrtps_c.h\n'}
[1.026930] (px4_msgs) StdoutLine: {'line': b'-- Up-to-date: /home/wei/fire_scout_ws/install/px4_msgs/include/px4_msgs/px4_msgs/msg/detail/vehicle_magnetometer__rosidl_typesupport_fastrtps_c.h\n'}
[1.026962] (px4_msgs) StdoutLine: {'line': b'-- Up-to-date: /home/wei/fire_scout_ws/install/px4_msgs/include/px4_msgs/px4_msgs/msg/detail/differential_pressure__rosidl_typesupport_fastrtps_c.h\n'}
[1.026997] (px4_msgs) StdoutLine: {'line': b'-- Up-to-date: /home/wei/fire_scout_ws/install/px4_msgs/include/px4_msgs/px4_msgs/msg/detail/battery_status__rosidl_typesupport_fastrtps_c.h\n'}
[1.027024] (px4_msgs) StdoutLine: {'line': b'-- Up-to-date: /home/wei/fire_scout_ws/install/px4_msgs/include/px4_msgs/px4_msgs/msg/detail/mission_result__rosidl_typesupport_fastrtps_c.h\n'}
[1.027052] (px4_msgs) StdoutLine: {'line': b'-- Up-to-date: /home/wei/fire_scout_ws/install/px4_msgs/include/px4_msgs/px4_msgs/msg/detail/wind__rosidl_typesupport_fastrtps_c.h\n'}
[1.027081] (px4_msgs) StdoutLine: {'line': b'-- Up-to-date: /home/wei/fire_scout_ws/install/px4_msgs/include/px4_msgs/px4_msgs/msg/detail/vehicle_rates_setpoint__rosidl_typesupport_fastrtps_c.h\n'}
[1.027109] (px4_msgs) StdoutLine: {'line': b'-- Up-to-date: /home/wei/fire_scout_ws/install/px4_msgs/include/px4_msgs/px4_msgs/msg/detail/action_request__rosidl_typesupport_fastrtps_c.h\n'}
[1.027138] (px4_msgs) StdoutLine: {'line': b'-- Up-to-date: /home/wei/fire_scout_ws/install/px4_msgs/include/px4_msgs/px4_msgs/msg/detail/rover_attitude_setpoint__rosidl_typesupport_fastrtps_c.h\n'}
[1.027166] (px4_msgs) StdoutLine: {'line': b'-- Up-to-date: /home/wei/fire_scout_ws/install/px4_msgs/include/px4_msgs/px4_msgs/msg/detail/px4io_status__rosidl_typesupport_fastrtps_c.h\n'}
[1.027197] (px4_msgs) StdoutLine: {'line': b'-- Up-to-date: /home/wei/fire_scout_ws/install/px4_msgs/include/px4_msgs/px4_msgs/msg/detail/gimbal_manager_status__rosidl_typesupport_fastrtps_c.h\n'}
[1.027233] (px4_msgs) StdoutLine: {'line': b'-- Up-to-date: /home/wei/fire_scout_ws/install/px4_msgs/include/px4_msgs/px4_msgs/msg/detail/sensor_gps__rosidl_typesupport_fastrtps_c.h\n'}
[1.027263] (px4_msgs) StdoutLine: {'line': b'-- Up-to-date: /home/wei/fire_scout_ws/install/px4_msgs/include/px4_msgs/px4_msgs/msg/detail/message_format_response__rosidl_typesupport_fastrtps_c.h\n'}
[1.027294] (px4_msgs) StdoutLine: {'line': b'-- Up-to-date: /home/wei/fire_scout_ws/install/px4_msgs/include/px4_msgs/px4_msgs/msg/detail/actuator_servos__rosidl_typesupport_fastrtps_c.h\n'}
[1.027329] (px4_msgs) StdoutLine: {'line': b'-- Up-to-date: /home/wei/fire_scout_ws/install/px4_msgs/include/px4_msgs/px4_msgs/msg/detail/airspeed__rosidl_typesupport_fastrtps_c.h\n'}
[1.027357] (px4_msgs) StdoutLine: {'line': b'-- Up-to-date: /home/wei/fire_scout_ws/install/px4_msgs/include/px4_msgs/px4_msgs/msg/detail/adc_report__rosidl_typesupport_fastrtps_c.h\n'}
[1.027386] (px4_msgs) StdoutLine: {'line': b'-- Up-to-date: /home/wei/fire_scout_ws/install/px4_msgs/include/px4_msgs/px4_msgs/msg/detail/launch_detection_status__rosidl_typesupport_fastrtps_c.h\n'}
[1.027417] (px4_msgs) StdoutLine: {'line': b'-- Up-to-date: /home/wei/fire_scout_ws/install/px4_msgs/include/px4_msgs/px4_msgs/msg/detail/orb_test_medium__rosidl_typesupport_fastrtps_c.h\n'}
[1.027451] (px4_msgs) StdoutLine: {'line': b'-- Up-to-date: /home/wei/fire_scout_ws/install/px4_msgs/include/px4_msgs/px4_msgs/msg/detail/sensor_accel__rosidl_typesupport_fastrtps_c.h\n'}
[1.027479] (px4_msgs) StdoutLine: {'line': b'-- Up-to-date: /home/wei/fire_scout_ws/install/px4_msgs/include/px4_msgs/px4_msgs/msg/detail/sensor_selection__rosidl_typesupport_fastrtps_c.h\n'}
[1.027507] (px4_msgs) StdoutLine: {'line': b'-- Up-to-date: /home/wei/fire_scout_ws/install/px4_msgs/include/px4_msgs/px4_msgs/msg/detail/timesync_status__rosidl_typesupport_fastrtps_c.h\n'}
[1.027535] (px4_msgs) StdoutLine: {'line': b'-- Up-to-date: /home/wei/fire_scout_ws/install/px4_msgs/include/px4_msgs/px4_msgs/msg/detail/tune_control__rosidl_typesupport_fastrtps_c.h\n'}
[1.027563] (px4_msgs) StdoutLine: {'line': b'-- Up-to-date: /home/wei/fire_scout_ws/install/px4_msgs/include/px4_msgs/px4_msgs/msg/detail/collision_constraints__rosidl_typesupport_fastrtps_c.h\n'}
[1.027593] (px4_msgs) StdoutLine: {'line': b'-- Up-to-date: /home/wei/fire_scout_ws/install/px4_msgs/include/px4_msgs/px4_msgs/msg/detail/manual_control_switches__rosidl_typesupport_fastrtps_c.h\n'}
[1.027625] (px4_msgs) StdoutLine: {'line': b'-- Up-to-date: /home/wei/fire_scout_ws/install/px4_msgs/include/px4_msgs/px4_msgs/msg/detail/dronecan_node_status__rosidl_typesupport_fastrtps_c.h\n'}
[1.027653] (px4_msgs) StdoutLine: {'line': b'-- Up-to-date: /home/wei/fire_scout_ws/install/px4_msgs/include/px4_msgs/px4_msgs/msg/detail/offboard_control_mode__rosidl_typesupport_fastrtps_c.h\n'}
[1.027680] (px4_msgs) StdoutLine: {'line': b'-- Up-to-date: /home/wei/fire_scout_ws/install/px4_msgs/include/px4_msgs/px4_msgs/msg/detail/estimator_innovations__rosidl_typesupport_fastrtps_c.h\n'}
[1.027708] (px4_msgs) StdoutLine: {'line': b'-- Up-to-date: /home/wei/fire_scout_ws/install/px4_msgs/include/px4_msgs/px4_msgs/msg/detail/actuator_servos_trim__rosidl_typesupport_fastrtps_c.h\n'}
[1.027736] (px4_msgs) StdoutLine: {'line': b'-- Up-to-date: /home/wei/fire_scout_ws/install/px4_msgs/include/px4_msgs/px4_msgs/msg/detail/estimator_gps_status__rosidl_typesupport_fastrtps_c.h\n'}
[1.027763] (px4_msgs) StdoutLine: {'line': b'-- Up-to-date: /home/wei/fire_scout_ws/install/px4_msgs/include/px4_msgs/px4_msgs/msg/detail/wheel_encoders__rosidl_typesupport_fastrtps_c.h\n'}
[1.027792] (px4_msgs) StdoutLine: {'line': b'-- Up-to-date: /home/wei/fire_scout_ws/install/px4_msgs/include/px4_msgs/px4_msgs/msg/detail/parameter_set_used_request__rosidl_typesupport_fastrtps_c.h\n'}
[1.027819] (px4_msgs) StdoutLine: {'line': b'-- Up-to-date: /home/wei/fire_scout_ws/install/px4_msgs/include/px4_msgs/px4_msgs/msg/detail/sensors_status__rosidl_typesupport_fastrtps_c.h\n'}
[1.027847] (px4_msgs) StdoutLine: {'line': b'-- Up-to-date: /home/wei/fire_scout_ws/install/px4_msgs/include/px4_msgs/px4_msgs/msg/detail/rpm__rosidl_typesupport_fastrtps_c.h\n'}
[1.027875] (px4_msgs) StdoutLine: {'line': b'-- Up-to-date: /home/wei/fire_scout_ws/install/px4_msgs/include/px4_msgs/px4_msgs/msg/detail/rc_parameter_map__rosidl_typesupport_fastrtps_c.h\n'}
[1.027903] (px4_msgs) StdoutLine: {'line': b'-- Up-to-date: /home/wei/fire_scout_ws/install/px4_msgs/include/px4_msgs/px4_msgs/msg/detail/vehicle_command_ack__rosidl_typesupport_fastrtps_c.h\n'}
[1.027930] (px4_msgs) StdoutLine: {'line': b'-- Up-to-date: /home/wei/fire_scout_ws/install/px4_msgs/include/px4_msgs/px4_msgs/msg/detail/sensor_gyro__rosidl_typesupport_fastrtps_c.h\n'}
[1.027958] (px4_msgs) StdoutLine: {'line': b'-- Up-to-date: /home/wei/fire_scout_ws/install/px4_msgs/include/px4_msgs/px4_msgs/msg/detail/failsafe_flags__rosidl_typesupport_fastrtps_c.h\n'}
[1.027986] (px4_msgs) StdoutLine: {'line': b'-- Up-to-date: /home/wei/fire_scout_ws/install/px4_msgs/include/px4_msgs/px4_msgs/msg/detail/cellular_status__rosidl_typesupport_fastrtps_c.h\n'}
[1.028014] (px4_msgs) StdoutLine: {'line': b'-- Up-to-date: /home/wei/fire_scout_ws/install/px4_msgs/include/px4_msgs/px4_msgs/msg/detail/vehicle_acceleration__rosidl_typesupport_fastrtps_c.h\n'}
[1.028041] (px4_msgs) StdoutLine: {'line': b'-- Up-to-date: /home/wei/fire_scout_ws/install/px4_msgs/include/px4_msgs/px4_msgs/msg/detail/autotune_attitude_control_status__rosidl_typesupport_fastrtps_c.h\n'}
[1.028075] (px4_msgs) StdoutLine: {'line': b'-- Up-to-date: /home/wei/fire_scout_ws/install/px4_msgs/include/px4_msgs/px4_msgs/msg/detail/lateral_control_configuration__rosidl_typesupport_fastrtps_c.h\n'}
[1.028105] (px4_msgs) StdoutLine: {'line': b'-- Up-to-date: /home/wei/fire_scout_ws/install/px4_msgs/include/px4_msgs/px4_msgs/msg/detail/estimator_aid_source1d__rosidl_typesupport_fastrtps_c.h\n'}
[1.028133] (px4_msgs) StdoutLine: {'line': b'-- Up-to-date: /home/wei/fire_scout_ws/install/px4_msgs/include/px4_msgs/px4_msgs/msg/detail/ulog_stream__rosidl_typesupport_fastrtps_c.h\n'}
[1.028161] (px4_msgs) StdoutLine: {'line': b'-- Up-to-date: /home/wei/fire_scout_ws/install/px4_msgs/include/px4_msgs/px4_msgs/msg/detail/tiltrotor_extra_controls__rosidl_typesupport_fastrtps_c.h\n'}
[1.028188] (px4_msgs) StdoutLine: {'line': b'-- Up-to-date: /home/wei/fire_scout_ws/install/px4_msgs/include/px4_msgs/px4_msgs/msg/detail/control_allocator_status__rosidl_typesupport_fastrtps_c.h\n'}
[1.028218] (px4_msgs) StdoutLine: {'line': b'-- Up-to-date: /home/wei/fire_scout_ws/install/px4_msgs/include/px4_msgs/px4_msgs/msg/detail/follow_target__rosidl_typesupport_fastrtps_c.h\n'}
[1.028246] (px4_msgs) StdoutLine: {'line': b'-- Up-to-date: /home/wei/fire_scout_ws/install/px4_msgs/include/px4_msgs/px4_msgs/msg/detail/fixed_wing_lateral_setpoint__rosidl_typesupport_fastrtps_c.h\n'}
[1.028274] (px4_msgs) StdoutLine: {'line': b'-- Up-to-date: /home/wei/fire_scout_ws/install/px4_msgs/include/px4_msgs/px4_msgs/msg/detail/actuator_outputs__rosidl_typesupport_fastrtps_c.h\n'}
[1.028301] (px4_msgs) StdoutLine: {'line': b'-- Up-to-date: /home/wei/fire_scout_ws/install/px4_msgs/include/px4_msgs/px4_msgs/msg/detail/longitudinal_control_configuration__rosidl_typesupport_fastrtps_c.h\n'}
[1.028328] (px4_msgs) StdoutLine: {'line': b'-- Up-to-date: /home/wei/fire_scout_ws/install/px4_msgs/include/px4_msgs/px4_msgs/msg/detail/camera_capture__rosidl_typesupport_fastrtps_c.h\n'}
[1.028354] (px4_msgs) StdoutLine: {'line': b'-- Up-to-date: /home/wei/fire_scout_ws/install/px4_msgs/include/px4_msgs/px4_msgs/msg/detail/takeoff_status__rosidl_typesupport_fastrtps_c.h\n'}
[1.028384] (px4_msgs) StdoutLine: {'line': b'-- Up-to-date: /home/wei/fire_scout_ws/install/px4_msgs/include/px4_msgs/px4_msgs/msg/detail/tecs_status__rosidl_typesupport_fastrtps_c.h\n'}
[1.028411] (px4_msgs) StdoutLine: {'line': b'-- Up-to-date: /home/wei/fire_scout_ws/install/px4_msgs/include/px4_msgs/px4_msgs/msg/detail/iridiumsbd_status__rosidl_typesupport_fastrtps_c.h\n'}
[1.028439] (px4_msgs) StdoutLine: {'line': b'-- Up-to-date: /home/wei/fire_scout_ws/install/px4_msgs/include/px4_msgs/px4_msgs/msg/detail/estimator_status_flags__rosidl_typesupport_fastrtps_c.h\n'}
[1.028465] (px4_msgs) StdoutLine: {'line': b'-- Up-to-date: /home/wei/fire_scout_ws/install/px4_msgs/include/px4_msgs/px4_msgs/msg/detail/magnetometer_bias_estimate__rosidl_typesupport_fastrtps_c.h\n'}
[1.028493] (px4_msgs) StdoutLine: {'line': b'-- Up-to-date: /home/wei/fire_scout_ws/install/px4_msgs/include/px4_msgs/px4_msgs/msg/detail/gps_dump__rosidl_typesupport_fastrtps_c.h\n'}
[1.028522] (px4_msgs) StdoutLine: {'line': b'-- Up-to-date: /home/wei/fire_scout_ws/install/px4_msgs/include/px4_msgs/px4_msgs/msg/detail/vehicle_torque_setpoint__rosidl_typesupport_fastrtps_c.h\n'}
[1.028553] (px4_msgs) StdoutLine: {'line': b'-- Up-to-date: /home/wei/fire_scout_ws/install/px4_msgs/include/px4_msgs/px4_msgs/msg/detail/navigator_mission_item__rosidl_typesupport_fastrtps_c.h\n'}
[1.028583] (px4_msgs) StdoutLine: {'line': b'-- Up-to-date: /home/wei/fire_scout_ws/install/px4_msgs/include/px4_msgs/px4_msgs/msg/detail/position_setpoint__rosidl_typesupport_fastrtps_c.h\n'}
[1.028619] (px4_msgs) StdoutLine: {'line': b'-- Up-to-date: /home/wei/fire_scout_ws/install/px4_msgs/include/px4_msgs/px4_msgs/msg/detail/can_interface_status__rosidl_typesupport_fastrtps_c.h\n'}
[1.028649] (px4_msgs) StdoutLine: {'line': b'-- Up-to-date: /home/wei/fire_scout_ws/install/px4_msgs/include/px4_msgs/px4_msgs/msg/detail/vehicle_attitude__rosidl_typesupport_fastrtps_c.h\n'}
[1.028679] (px4_msgs) StdoutLine: {'line': b'-- Up-to-date: /home/wei/fire_scout_ws/install/px4_msgs/include/px4_msgs/px4_msgs/msg/detail/dataman_request__rosidl_typesupport_fastrtps_c.h\n'}
[1.028707] (px4_msgs) StdoutLine: {'line': b'-- Up-to-date: /home/wei/fire_scout_ws/install/px4_msgs/include/px4_msgs/px4_msgs/msg/detail/rover_throttle_setpoint__rosidl_typesupport_fastrtps_c.h\n'}
[1.028736] (px4_msgs) StdoutLine: {'line': b'-- Up-to-date: /home/wei/fire_scout_ws/install/px4_msgs/include/px4_msgs/px4_msgs/msg/detail/parameter_set_value_response__rosidl_typesupport_fastrtps_c.h\n'}
[1.028766] (px4_msgs) StdoutLine: {'line': b'-- Up-to-date: /home/wei/fire_scout_ws/install/px4_msgs/include/px4_msgs/px4_msgs/msg/detail/vehicle_local_position__rosidl_typesupport_fastrtps_c.h\n'}
[1.028792] (px4_msgs) StdoutLine: {'line': b'-- Up-to-date: /home/wei/fire_scout_ws/install/px4_msgs/include/px4_msgs/px4_msgs/msg/detail/estimator_states__rosidl_typesupport_fastrtps_c.h\n'}
[1.028821] (px4_msgs) StdoutLine: {'line': b'-- Up-to-date: /home/wei/fire_scout_ws/install/px4_msgs/include/px4_msgs/px4_msgs/msg/detail/parameter_update__rosidl_typesupport_fastrtps_c.h\n'}
[1.028853] (px4_msgs) StdoutLine: {'line': b'-- Up-to-date: /home/wei/fire_scout_ws/install/px4_msgs/include/px4_msgs/px4_msgs/msg/detail/sensor_hygrometer__rosidl_typesupport_fastrtps_c.h\n'}
[1.028880] (px4_msgs) StdoutLine: {'line': b'-- Up-to-date: /home/wei/fire_scout_ws/install/px4_msgs/include/px4_msgs/px4_msgs/msg/detail/debug_value__rosidl_typesupport_fastrtps_c.h\n'}
[1.028906] (px4_msgs) StdoutLine: {'line': b'-- Up-to-date: /home/wei/fire_scout_ws/install/px4_msgs/include/px4_msgs/px4_msgs/msg/detail/pps_capture__rosidl_typesupport_fastrtps_c.h\n'}
[1.028933] (px4_msgs) StdoutLine: {'line': b'-- Up-to-date: /home/wei/fire_scout_ws/install/px4_msgs/include/px4_msgs/px4_msgs/msg/detail/camera_status__rosidl_typesupport_fastrtps_c.h\n'}
[1.028960] (px4_msgs) StdoutLine: {'line': b'-- Up-to-date: /home/wei/fire_scout_ws/install/px4_msgs/include/px4_msgs/px4_msgs/msg/detail/sensor_preflight_mag__rosidl_typesupport_fastrtps_c.h\n'}
[1.028988] (px4_msgs) StdoutLine: {'line': b'-- Up-to-date: /home/wei/fire_scout_ws/install/px4_msgs/include/px4_msgs/px4_msgs/msg/detail/figure_eight_status__rosidl_typesupport_fastrtps_c.h\n'}
[1.029015] (px4_msgs) StdoutLine: {'line': b'-- Up-to-date: /home/wei/fire_scout_ws/install/px4_msgs/include/px4_msgs/px4_msgs/msg/detail/landing_gear_wheel__rosidl_typesupport_fastrtps_c.h\n'}
[1.029042] (px4_msgs) StdoutLine: {'line': b'-- Up-to-date: /home/wei/fire_scout_ws/install/px4_msgs/include/px4_msgs/px4_msgs/msg/detail/arming_check_request__rosidl_typesupport_fastrtps_c.h\n'}
[1.029070] (px4_msgs) StdoutLine: {'line': b'-- Up-to-date: /home/wei/fire_scout_ws/install/px4_msgs/include/px4_msgs/px4_msgs/msg/detail/parameter_reset_request__rosidl_typesupport_fastrtps_c.h\n'}
[1.029097] (px4_msgs) StdoutLine: {'line': b'-- Up-to-date: /home/wei/fire_scout_ws/install/px4_msgs/include/px4_msgs/px4_msgs/msg/detail/landing_target_innovations__rosidl_typesupport_fastrtps_c.h\n'}
[1.029123] (px4_msgs) StdoutLine: {'line': b'-- Up-to-date: /home/wei/fire_scout_ws/install/px4_msgs/include/px4_msgs/px4_msgs/msg/detail/gpio_request__rosidl_typesupport_fastrtps_c.h\n'}
[1.029150] (px4_msgs) StdoutLine: {'line': b'-- Up-to-date: /home/wei/fire_scout_ws/install/px4_msgs/include/px4_msgs/px4_msgs/msg/detail/ekf2_timestamps__rosidl_typesupport_fastrtps_c.h\n'}
[1.029177] (px4_msgs) StdoutLine: {'line': b'-- Up-to-date: /home/wei/fire_scout_ws/install/px4_msgs/include/px4_msgs/px4_msgs/msg/detail/sensor_optical_flow__rosidl_typesupport_fastrtps_c.h\n'}
[1.029203] (px4_msgs) StdoutLine: {'line': b'-- Up-to-date: /home/wei/fire_scout_ws/install/px4_msgs/include/px4_msgs/px4_msgs/msg/detail/sensor_gnss_status__rosidl_typesupport_fastrtps_c.h\n'}
[1.029230] (px4_msgs) StdoutLine: {'line': b'-- Up-to-date: /home/wei/fire_scout_ws/install/px4_msgs/include/px4_msgs/px4_msgs/msg/detail/obstacle_distance__rosidl_typesupport_fastrtps_c.h\n'}
[1.029257] (px4_msgs) StdoutLine: {'line': b'-- Up-to-date: /home/wei/fire_scout_ws/install/px4_msgs/include/px4_msgs/px4_msgs/msg/detail/message_format_request__rosidl_typesupport_fastrtps_c.h\n'}
[1.029284] (px4_msgs) StdoutLine: {'line': b'-- Up-to-date: /home/wei/fire_scout_ws/install/px4_msgs/include/px4_msgs/px4_msgs/msg/detail/sensor_mag__rosidl_typesupport_fastrtps_c.h\n'}
[1.029311] (px4_msgs) StdoutLine: {'line': b'-- Up-to-date: /home/wei/fire_scout_ws/install/px4_msgs/include/px4_msgs/px4_msgs/msg/detail/estimator_aid_source3d__rosidl_typesupport_fastrtps_c.h\n'}
[1.029337] (px4_msgs) StdoutLine: {'line': b'-- Up-to-date: /home/wei/fire_scout_ws/install/px4_msgs/include/px4_msgs/px4_msgs/msg/detail/estimator_status__rosidl_typesupport_fastrtps_c.h\n'}
[1.029364] (px4_msgs) StdoutLine: {'line': b'-- Up-to-date: /home/wei/fire_scout_ws/install/px4_msgs/include/px4_msgs/px4_msgs/msg/detail/camera_trigger__rosidl_typesupport_fastrtps_c.h\n'}
[1.029395] (px4_msgs) StdoutLine: {'line': b'-- Up-to-date: /home/wei/fire_scout_ws/install/px4_msgs/include/px4_msgs/px4_msgs/msg/detail/vehicle_optical_flow__rosidl_typesupport_fastrtps_c.h\n'}
[1.029424] (px4_msgs) StdoutLine: {'line': b'-- Up-to-date: /home/wei/fire_scout_ws/install/px4_msgs/include/px4_msgs/px4_msgs/msg/detail/pure_pursuit_status__rosidl_typesupport_fastrtps_c.h\n'}
[1.029450] (px4_msgs) StdoutLine: {'line': b'-- Up-to-date: /home/wei/fire_scout_ws/install/px4_msgs/include/px4_msgs/px4_msgs/msg/detail/estimator_bias__rosidl_typesupport_fastrtps_c.h\n'}
[1.029478] (px4_msgs) StdoutLine: {'line': b'-- Up-to-date: /home/wei/fire_scout_ws/install/px4_msgs/include/px4_msgs/px4_msgs/msg/detail/mavlink_tunnel__rosidl_typesupport_fastrtps_c.h\n'}
[1.029508] (px4_msgs) StdoutLine: {'line': b'-- Up-to-date: /home/wei/fire_scout_ws/install/px4_msgs/include/px4_msgs/px4_msgs/msg/detail/health_report__rosidl_typesupport_fastrtps_c.h\n'}
[1.029538] (px4_msgs) StdoutLine: {'line': b'-- Up-to-date: /home/wei/fire_scout_ws/install/px4_msgs/include/px4_msgs/px4_msgs/msg/detail/rate_ctrl_status__rosidl_typesupport_fastrtps_c.h\n'}
[1.029572] (px4_msgs) StdoutLine: {'line': b'-- Up-to-date: /home/wei/fire_scout_ws/install/px4_msgs/include/px4_msgs/px4_msgs/msg/detail/onboard_computer_status__rosidl_typesupport_fastrtps_c.h\n'}
[1.029605] (px4_msgs) StdoutLine: {'line': b'-- Up-to-date: /home/wei/fire_scout_ws/install/px4_msgs/include/px4_msgs/px4_msgs/msg/detail/distance_sensor_mode_change_request__rosidl_typesupport_fastrtps_c.h\n'}
[1.029634] (px4_msgs) StdoutLine: {'line': b'-- Up-to-date: /home/wei/fire_scout_ws/install/px4_msgs/include/px4_msgs/px4_msgs/msg/detail/sensors_status_imu__rosidl_typesupport_fastrtps_c.h\n'}
[1.029667] (px4_msgs) StdoutLine: {'line': b'-- Up-to-date: /home/wei/fire_scout_ws/install/px4_msgs/include/px4_msgs/px4_msgs/msg/detail/follow_target_estimator__rosidl_typesupport_fastrtps_c.h\n'}
[1.029696] (px4_msgs) StdoutLine: {'line': b'-- Up-to-date: /home/wei/fire_scout_ws/install/px4_msgs/include/px4_msgs/px4_msgs/msg/detail/geofence_result__rosidl_typesupport_fastrtps_c.h\n'}
[1.029726] (px4_msgs) StdoutLine: {'line': b'-- Up-to-date: /home/wei/fire_scout_ws/install/px4_msgs/include/px4_msgs/px4_msgs/msg/detail/config_overrides__rosidl_typesupport_fastrtps_c.h\n'}
[1.029753] (px4_msgs) StdoutLine: {'line': b'-- Up-to-date: /home/wei/fire_scout_ws/install/px4_msgs/include/px4_msgs/px4_msgs/msg/detail/follow_target_status__rosidl_typesupport_fastrtps_c.h\n'}
[1.029779] (px4_msgs) StdoutLine: {'line': b'-- Up-to-date: /home/wei/fire_scout_ws/install/px4_msgs/include/px4_msgs/px4_msgs/msg/detail/ulog_stream_ack__rosidl_typesupport_fastrtps_c.h\n'}
[1.029806] (px4_msgs) StdoutLine: {'line': b'-- Up-to-date: /home/wei/fire_scout_ws/install/px4_msgs/include/px4_msgs/px4_msgs/msg/detail/gimbal_manager_set_attitude__rosidl_typesupport_fastrtps_c.h\n'}
[1.029833] (px4_msgs) StdoutLine: {'line': b'-- Up-to-date: /home/wei/fire_scout_ws/install/px4_msgs/include/px4_msgs/px4_msgs/msg/detail/velocity_limits__rosidl_typesupport_fastrtps_c.h\n'}
[1.029859] (px4_msgs) StdoutLine: {'line': b'-- Up-to-date: /home/wei/fire_scout_ws/install/px4_msgs/include/px4_msgs/px4_msgs/msg/detail/open_drone_id_self_id__rosidl_typesupport_fastrtps_c.h\n'}
[1.029886] (px4_msgs) StdoutLine: {'line': b'-- Up-to-date: /home/wei/fire_scout_ws/install/px4_msgs/include/px4_msgs/px4_msgs/msg/detail/rtl_time_estimate__rosidl_typesupport_fastrtps_c.h\n'}
[1.029912] (px4_msgs) StdoutLine: {'line': b'-- Up-to-date: /home/wei/fire_scout_ws/install/px4_msgs/include/px4_msgs/px4_msgs/msg/detail/system_power__rosidl_typesupport_fastrtps_c.h\n'}
[1.029939] (px4_msgs) StdoutLine: {'line': b'-- Up-to-date: /home/wei/fire_scout_ws/install/px4_msgs/include/px4_msgs/px4_msgs/msg/detail/mag_worker_data__rosidl_typesupport_fastrtps_c.h\n'}
[1.029966] (px4_msgs) StdoutLine: {'line': b'-- Up-to-date: /home/wei/fire_scout_ws/install/px4_msgs/include/px4_msgs/px4_msgs/msg/detail/open_drone_id_operator_id__rosidl_typesupport_fastrtps_c.h\n'}
[1.029992] (px4_msgs) StdoutLine: {'line': b'-- Up-to-date: /home/wei/fire_scout_ws/install/px4_msgs/include/px4_msgs/px4_msgs/msg/detail/position_controller_status__rosidl_typesupport_fastrtps_c.h\n'}
[1.030022] (px4_msgs) StdoutLine: {'line': b'-- Up-to-date: /home/wei/fire_scout_ws/install/px4_msgs/include/px4_msgs/px4_msgs/msg/detail/radio_status__rosidl_typesupport_fastrtps_c.h\n'}
[1.030049] (px4_msgs) StdoutLine: {'line': b'-- Up-to-date: /home/wei/fire_scout_ws/install/px4_msgs/include/px4_msgs/px4_msgs/msg/detail/vehicle_optical_flow_vel__rosidl_typesupport_fastrtps_c.h\n'}
[1.030075] (px4_msgs) StdoutLine: {'line': b'-- Up-to-date: /home/wei/fire_scout_ws/install/px4_msgs/include/px4_msgs/px4_msgs/msg/detail/sensor_airflow__rosidl_typesupport_fastrtps_c.h\n'}
[1.030102] (px4_msgs) StdoutLine: {'line': b'-- Up-to-date: /home/wei/fire_scout_ws/install/px4_msgs/include/px4_msgs/px4_msgs/msg/detail/gpio_out__rosidl_typesupport_fastrtps_c.h\n'}
[1.030128] (px4_msgs) StdoutLine: {'line': b'-- Up-to-date: /home/wei/fire_scout_ws/install/px4_msgs/include/px4_msgs/px4_msgs/msg/detail/logger_status__rosidl_typesupport_fastrtps_c.h\n'}
[1.030156] (px4_msgs) StdoutLine: {'line': b'-- Up-to-date: /home/wei/fire_scout_ws/install/px4_msgs/include/px4_msgs/px4_msgs/msg/detail/orb_test_large__rosidl_typesupport_fastrtps_c.h\n'}
[1.030183] (px4_msgs) StdoutLine: {'line': b'-- Up-to-date: /home/wei/fire_scout_ws/install/px4_msgs/include/px4_msgs/px4_msgs/msg/detail/vehicle_imu__rosidl_typesupport_fastrtps_c.h\n'}
[1.030209] (px4_msgs) StdoutLine: {'line': b'-- Up-to-date: /home/wei/fire_scout_ws/install/px4_msgs/include/px4_msgs/px4_msgs/msg/detail/normalized_unsigned_setpoint__rosidl_typesupport_fastrtps_c.h\n'}
[1.030236] (px4_msgs) StdoutLine: {'line': b'-- Up-to-date: /home/wei/fire_scout_ws/install/px4_msgs/include/px4_msgs/px4_msgs/msg/detail/geofence_status__rosidl_typesupport_fastrtps_c.h\n'}
[1.030262] (px4_msgs) StdoutLine: {'line': b'-- Up-to-date: /home/wei/fire_scout_ws/install/px4_msgs/include/px4_msgs/px4_msgs/msg/detail/neural_control__rosidl_typesupport_fastrtps_c.h\n'}
[1.030288] (px4_msgs) StdoutLine: {'line': b'-- Up-to-date: /home/wei/fire_scout_ws/install/px4_msgs/include/px4_msgs/px4_msgs/msg/detail/vtol_vehicle_status__rosidl_typesupport_fastrtps_c.h\n'}
[1.030317] (px4_msgs) StdoutLine: {'line': b'-- Up-to-date: /home/wei/fire_scout_ws/install/px4_msgs/include/px4_msgs/px4_msgs/msg/detail/sensor_combined__rosidl_typesupport_fastrtps_c.h\n'}
[1.030343] (px4_msgs) StdoutLine: {'line': b'-- Up-to-date: /home/wei/fire_scout_ws/install/px4_msgs/include/px4_msgs/px4_msgs/msg/detail/trajectory_setpoint__rosidl_typesupport_fastrtps_c.h\n'}
[1.030371] (px4_msgs) StdoutLine: {'line': b'-- Up-to-date: /home/wei/fire_scout_ws/install/px4_msgs/include/px4_msgs/px4_msgs/msg/detail/pwm_input__rosidl_typesupport_fastrtps_c.h\n'}
[1.030400] (px4_msgs) StdoutLine: {'line': b'-- Up-to-date: /home/wei/fire_scout_ws/install/px4_msgs/include/px4_msgs/px4_msgs/msg/detail/parameter_set_value_request__rosidl_typesupport_fastrtps_c.h\n'}
[1.030432] (px4_msgs) StdoutLine: {'line': b'-- Up-to-date: /home/wei/fire_scout_ws/install/px4_msgs/include/px4_msgs/px4_msgs/msg/detail/estimator_aid_source2d__rosidl_typesupport_fastrtps_c.h\n'}
[1.030459] (px4_msgs) StdoutLine: {'line': b'-- Up-to-date: /home/wei/fire_scout_ws/install/px4_msgs/include/px4_msgs/px4_msgs/msg/detail/gimbal_device_attitude_status__rosidl_typesupport_fastrtps_c.h\n'}
[1.030487] (px4_msgs) StdoutLine: {'line': b'-- Up-to-date: /home/wei/fire_scout_ws/install/px4_msgs/include/px4_msgs/px4_msgs/msg/detail/landing_target_pose__rosidl_typesupport_fastrtps_c.h\n'}
[1.030517] (px4_msgs) StdoutLine: {'line': b'-- Up-to-date: /home/wei/fire_scout_ws/install/px4_msgs/include/px4_msgs/px4_msgs/msg/detail/sensor_baro__rosidl_typesupport_fastrtps_c.h\n'}
[1.030549] (px4_msgs) StdoutLine: {'line': b'-- Up-to-date: /home/wei/fire_scout_ws/install/px4_msgs/include/px4_msgs/px4_msgs/msg/detail/failure_detector_status__rosidl_typesupport_fastrtps_c.h\n'}
[1.030580] (px4_msgs) StdoutLine: {'line': b'-- Up-to-date: /home/wei/fire_scout_ws/install/px4_msgs/include/px4_msgs/px4_msgs/msg/detail/vehicle_imu_status__rosidl_typesupport_fastrtps_c.h\n'}
[1.030615] (px4_msgs) StdoutLine: {'line': b'-- Up-to-date: /home/wei/fire_scout_ws/install/px4_msgs/include/px4_msgs/px4_msgs/msg/detail/power_button_state__rosidl_typesupport_fastrtps_c.h\n'}
[1.030645] (px4_msgs) StdoutLine: {'line': b'-- Up-to-date: /home/wei/fire_scout_ws/install/px4_msgs/include/px4_msgs/px4_msgs/msg/detail/landing_gear__rosidl_typesupport_fastrtps_c.h\n'}
[1.030677] (px4_msgs) StdoutLine: {'line': b'-- Up-to-date: /home/wei/fire_scout_ws/install/px4_msgs/include/px4_msgs/px4_msgs/msg/detail/ping__rosidl_typesupport_fastrtps_c.h\n'}
[1.030705] (px4_msgs) StdoutLine: {'line': b'-- Up-to-date: /home/wei/fire_scout_ws/install/px4_msgs/include/px4_msgs/px4_msgs/msg/detail/debug_vect__rosidl_typesupport_fastrtps_c.h\n'}
[1.030736] (px4_msgs) StdoutLine: {'line': b'-- Up-to-date: /home/wei/fire_scout_ws/install/px4_msgs/include/px4_msgs/px4_msgs/msg/detail/gimbal_controls__rosidl_typesupport_fastrtps_c.h\n'}
[1.030762] (px4_msgs) StdoutLine: {'line': b'-- Up-to-date: /home/wei/fire_scout_ws/install/px4_msgs/include/px4_msgs/px4_msgs/msg/detail/debug_array__rosidl_typesupport_fastrtps_c.h\n'}
[1.030789] (px4_msgs) StdoutLine: {'line': b'-- Up-to-date: /home/wei/fire_scout_ws/install/px4_msgs/include/px4_msgs/px4_msgs/msg/detail/orb_test__rosidl_typesupport_fastrtps_c.h\n'}
[1.030815] (px4_msgs) StdoutLine: {'line': b'-- Up-to-date: /home/wei/fire_scout_ws/install/px4_msgs/include/px4_msgs/px4_msgs/msg/detail/vehicle_command__rosidl_typesupport_fastrtps_c.h\n'}
[1.030842] (px4_msgs) StdoutLine: {'line': b'-- Up-to-date: /home/wei/fire_scout_ws/install/px4_msgs/include/px4_msgs/px4_msgs/msg/detail/irlock_report__rosidl_typesupport_fastrtps_c.h\n'}
[1.030868] (px4_msgs) StdoutLine: {'line': b'-- Up-to-date: /home/wei/fire_scout_ws/install/px4_msgs/include/px4_msgs/px4_msgs/msg/detail/fixed_wing_lateral_guidance_status__rosidl_typesupport_fastrtps_c.h\n'}
[1.030894] (px4_msgs) StdoutLine: {'line': b'-- Up-to-date: /home/wei/fire_scout_ws/install/px4_msgs/include/px4_msgs/px4_msgs/msg/detail/esc_report__rosidl_typesupport_fastrtps_c.h\n'}
[1.030921] (px4_msgs) StdoutLine: {'line': b'-- Up-to-date: /home/wei/fire_scout_ws/install/px4_msgs/include/px4_msgs/px4_msgs/msg/detail/internal_combustion_engine_control__rosidl_typesupport_fastrtps_c.h\n'}
[1.030947] (px4_msgs) StdoutLine: {'line': b'-- Up-to-date: /home/wei/fire_scout_ws/install/px4_msgs/include/px4_msgs/px4_msgs/msg/detail/gimbal_manager_set_manual_control__rosidl_typesupport_fastrtps_c.h\n'}
[1.030974] (px4_msgs) StdoutLine: {'line': b'-- Up-to-date: /home/wei/fire_scout_ws/install/px4_msgs/include/px4_msgs/px4_msgs/msg/detail/actuator_armed__rosidl_typesupport_fastrtps_c.h\n'}
[1.031001] (px4_msgs) StdoutLine: {'line': b'-- Up-to-date: /home/wei/fire_scout_ws/install/px4_msgs/include/px4_msgs/px4_msgs/msg/detail/arming_check_reply__rosidl_typesupport_fastrtps_c.h\n'}
[1.031027] (px4_msgs) StdoutLine: {'line': b'-- Up-to-date: /home/wei/fire_scout_ws/install/px4_msgs/include/px4_msgs/px4_msgs/msg/detail/open_drone_id_arm_status__rosidl_typesupport_fastrtps_c.h\n'}
[1.031054] (px4_msgs) StdoutLine: {'line': b'-- Up-to-date: /home/wei/fire_scout_ws/install/px4_msgs/include/px4_msgs/px4_msgs/msg/detail/rover_steering_setpoint__rosidl_typesupport_fastrtps_c.h\n'}
[1.031083] (px4_msgs) StdoutLine: {'line': b'-- Up-to-date: /home/wei/fire_scout_ws/install/px4_msgs/include/px4_msgs/px4_msgs/msg/detail/distance_sensor__rosidl_typesupport_fastrtps_c.h\n'}
[1.031110] (px4_msgs) StdoutLine: {'line': b'-- Up-to-date: /home/wei/fire_scout_ws/install/px4_msgs/include/px4_msgs/px4_msgs/msg/detail/uavcan_parameter_request__rosidl_typesupport_fastrtps_c.h\n'}
[1.031137] (px4_msgs) StdoutLine: {'line': b'-- Up-to-date: /home/wei/fire_scout_ws/install/px4_msgs/include/px4_msgs/px4_msgs/msg/detail/register_ext_component_request__rosidl_typesupport_fastrtps_c.h\n'}
[1.031164] (px4_msgs) StdoutLine: {'line': b'-- Up-to-date: /home/wei/fire_scout_ws/install/px4_msgs/include/px4_msgs/px4_msgs/msg/detail/vehicle_control_mode__rosidl_typesupport_fastrtps_c.h\n'}
[1.031195] (px4_msgs) StdoutLine: {'line': b'-- Up-to-date: /home/wei/fire_scout_ws/install/px4_msgs/include/px4_msgs/px4_msgs/msg/detail/unregister_ext_component__rosidl_typesupport_fastrtps_c.h\n'}
[1.031237] (px4_msgs) StdoutLine: {'line': b'-- Up-to-date: /home/wei/fire_scout_ws/install/px4_msgs/include/px4_msgs/px4_msgs/msg/detail/vehicle_angular_velocity__rosidl_typesupport_fastrtps_c.h\n'}
[1.031264] (px4_msgs) StdoutLine: {'line': b'-- Up-to-date: /home/wei/fire_scout_ws/install/px4_msgs/include/px4_msgs/px4_msgs/msg/detail/actuator_controls_status__rosidl_typesupport_fastrtps_c.h\n'}
[1.031291] (px4_msgs) StdoutLine: {'line': b'-- Up-to-date: /home/wei/fire_scout_ws/install/px4_msgs/include/px4_msgs/px4_msgs/msg/detail/vehicle_odometry__rosidl_typesupport_fastrtps_c.h\n'}
[1.031317] (px4_msgs) StdoutLine: {'line': b'-- Up-to-date: /home/wei/fire_scout_ws/install/px4_msgs/include/px4_msgs/px4_msgs/msg/detail/yaw_estimator_status__rosidl_typesupport_fastrtps_c.h\n'}
[1.031344] (px4_msgs) StdoutLine: {'line': b'-- Up-to-date: /home/wei/fire_scout_ws/install/px4_msgs/include/px4_msgs/px4_msgs/msg/detail/fixed_wing_runway_control__rosidl_typesupport_fastrtps_c.h\n'}
[1.031371] (px4_msgs) StdoutLine: {'line': b'-- Up-to-date: /home/wei/fire_scout_ws/install/px4_msgs/include/px4_msgs/px4_msgs/msg/detail/vehicle_angular_acceleration_setpoint__rosidl_typesupport_fastrtps_c.h\n'}
[1.031400] (px4_msgs) StdoutLine: {'line': b'-- Up-to-date: /home/wei/fire_scout_ws/install/px4_msgs/include/px4_msgs/px4_msgs/msg/detail/register_ext_component_reply__rosidl_typesupport_fastrtps_c.h\n'}
[1.031427] (px4_msgs) StdoutLine: {'line': b'-- Up-to-date: /home/wei/fire_scout_ws/install/px4_msgs/include/px4_msgs/px4_msgs/msg/detail/navigator_status__rosidl_typesupport_fastrtps_c.h\n'}
[1.031454] (px4_msgs) StdoutLine: {'line': b'-- Up-to-date: /home/wei/fire_scout_ws/install/px4_msgs/include/px4_msgs/px4_msgs/msg/detail/sensor_uwb__rosidl_typesupport_fastrtps_c.h\n'}
[1.031485] (px4_msgs) StdoutLine: {'line': b'-- Up-to-date: /home/wei/fire_scout_ws/install/px4_msgs/include/px4_msgs/px4_msgs/msg/detail/vehicle_thrust_setpoint__rosidl_typesupport_fastrtps_c.h\n'}
[1.031517] (px4_msgs) StdoutLine: {'line': b'-- Up-to-date: /home/wei/fire_scout_ws/install/px4_msgs/include/px4_msgs/px4_msgs/msg/detail/cpuload__rosidl_typesupport_fastrtps_c.h\n'}
[1.031548] (px4_msgs) StdoutLine: {'line': b'-- Up-to-date: /home/wei/fire_scout_ws/install/px4_msgs/include/px4_msgs/px4_msgs/msg/detail/qshell_retval__rosidl_typesupport_fastrtps_c.h\n'}
[1.031580] (px4_msgs) StdoutLine: {'line': b'-- Up-to-date: /home/wei/fire_scout_ws/install/px4_msgs/include/px4_msgs/px4_msgs/msg/detail/home_position__rosidl_typesupport_fastrtps_c.h\n'}
[1.031612] (px4_msgs) StdoutLine: {'line': b'-- Up-to-date: /home/wei/fire_scout_ws/install/px4_msgs/include/px4_msgs/px4_msgs/msg/detail/rover_rate_setpoint__rosidl_typesupport_fastrtps_c.h\n'}
[1.031641] (px4_msgs) StdoutLine: {'line': b'-- Up-to-date: /home/wei/fire_scout_ws/install/px4_msgs/include/px4_msgs/px4_msgs/msg/detail/fixed_wing_lateral_status__rosidl_typesupport_fastrtps_c.h\n'}
[1.031670] (px4_msgs) StdoutLine: {'line': b'-- Up-to-date: /home/wei/fire_scout_ws/install/px4_msgs/include/px4_msgs/px4_msgs/msg/detail/mount_orientation__rosidl_typesupport_fastrtps_c.h\n'}
[1.031700] (px4_msgs) StdoutLine: {'line': b'-- Up-to-date: /home/wei/fire_scout_ws/install/px4_msgs/include/px4_msgs/px4_msgs/msg/detail/gimbal_device_information__rosidl_typesupport_fastrtps_c.h\n'}
[1.031729] (px4_msgs) StdoutLine: {'line': b'-- Up-to-date: /home/wei/fire_scout_ws/install/px4_msgs/include/px4_msgs/px4_msgs/msg/detail/sensor_gyro_fft__rosidl_typesupport_fastrtps_c.h\n'}
[1.031756] (px4_msgs) StdoutLine: {'line': b'-- Up-to-date: /home/wei/fire_scout_ws/install/px4_msgs/include/px4_msgs/px4_msgs/msg/detail/sensor_gyro_fifo__rosidl_typesupport_fastrtps_c.h\n'}
[1.031783] (px4_msgs) StdoutLine: {'line': b'-- Up-to-date: /home/wei/fire_scout_ws/install/px4_msgs/include/px4_msgs/px4_msgs/msg/detail/rover_position_setpoint__rosidl_typesupport_fastrtps_c.h\n'}
[1.031812] (px4_msgs) StdoutLine: {'line': b'-- Up-to-date: /home/wei/fire_scout_ws/install/px4_msgs/include/px4_msgs/px4_msgs/msg/detail/uavcan_parameter_value__rosidl_typesupport_fastrtps_c.h\n'}
[1.031840] (px4_msgs) StdoutLine: {'line': b'-- Up-to-date: /home/wei/fire_scout_ws/install/px4_msgs/include/px4_msgs/px4_msgs/msg/detail/airspeed_validated__rosidl_typesupport_fastrtps_c.h\n'}
[1.031867] (px4_msgs) StdoutLine: {'line': b'-- Up-to-date: /home/wei/fire_scout_ws/install/px4_msgs/include/px4_msgs/px4_msgs/msg/detail/flight_phase_estimation__rosidl_typesupport_fastrtps_c.h\n'}
[1.031894] (px4_msgs) StdoutLine: {'line': b'-- Up-to-date: /home/wei/fire_scout_ws/install/px4_msgs/include/px4_msgs/px4_msgs/msg/detail/internal_combustion_engine_status__rosidl_typesupport_fastrtps_c.h\n'}
[1.031921] (px4_msgs) StdoutLine: {'line': b'-- Up-to-date: /home/wei/fire_scout_ws/install/px4_msgs/include/px4_msgs/px4_msgs/msg/detail/gps_inject_data__rosidl_typesupport_fastrtps_c.h\n'}
[1.031947] (px4_msgs) StdoutLine: {'line': b'-- Up-to-date: /home/wei/fire_scout_ws/install/px4_msgs/include/px4_msgs/px4_msgs/msg/detail/mavlink_log__rosidl_typesupport_fastrtps_c.h\n'}
[1.031974] (px4_msgs) StdoutLine: {'line': b'-- Up-to-date: /home/wei/fire_scout_ws/install/px4_msgs/include/px4_msgs/px4_msgs/msg/detail/sensor_gnss_relative__rosidl_typesupport_fastrtps_c.h\n'}
[1.032001] (px4_msgs) StdoutLine: {'line': b'-- Up-to-date: /home/wei/fire_scout_ws/install/px4_msgs/include/px4_msgs/px4_msgs/msg/detail/dataman_response__rosidl_typesupport_fastrtps_c.h\n'}
[1.032035] (px4_msgs) StdoutLine: {'line': b'-- Up-to-date: /home/wei/fire_scout_ws/install/px4_msgs/include/px4_msgs/px4_msgs/msg/detail/goto_setpoint__rosidl_typesupport_fastrtps_c.h\n'}
[1.032066] (px4_msgs) StdoutLine: {'line': b'-- Up-to-date: /home/wei/fire_scout_ws/install/px4_msgs/include/px4_msgs/px4_msgs/msg/detail/rover_speed_status__rosidl_typesupport_fastrtps_c.h\n'}
[1.032095] (px4_msgs) StdoutLine: {'line': b'-- Up-to-date: /home/wei/fire_scout_ws/install/px4_msgs/include/px4_msgs/px4_msgs/msg/detail/heater_status__rosidl_typesupport_fastrtps_c.h\n'}
[1.032124] (px4_msgs) StdoutLine: {'line': b'-- Up-to-date: /home/wei/fire_scout_ws/install/px4_msgs/include/px4_msgs/px4_msgs/msg/detail/sensor_accel_fifo__rosidl_typesupport_fastrtps_c.h\n'}
[1.032151] (px4_msgs) StdoutLine: {'line': b'-- Up-to-date: /home/wei/fire_scout_ws/install/px4_msgs/include/px4_msgs/px4_msgs/msg/detail/position_controller_landing_status__rosidl_typesupport_fastrtps_c.h\n'}
[1.032179] (px4_msgs) StdoutLine: {'line': b'-- Up-to-date: /home/wei/fire_scout_ws/install/px4_msgs/include/px4_msgs/px4_msgs/msg/detail/mode_completed__rosidl_typesupport_fastrtps_c.h\n'}
[1.032205] (px4_msgs) StdoutLine: {'line': b'-- Up-to-date: /home/wei/fire_scout_ws/install/px4_msgs/include/px4_msgs/px4_msgs/msg/detail/vehicle_constraints__rosidl_typesupport_fastrtps_c.h\n'}
[1.032232] (px4_msgs) StdoutLine: {'line': b'-- Up-to-date: /home/wei/fire_scout_ws/install/px4_msgs/include/px4_msgs/px4_msgs/msg/detail/battery_info__rosidl_typesupport_fastrtps_c.h\n'}
[1.032259] (px4_msgs) StdoutLine: {'line': b'-- Up-to-date: /home/wei/fire_scout_ws/install/px4_msgs/include/px4_msgs/px4_msgs/msg/detail/gripper__rosidl_typesupport_fastrtps_c.h\n'}
[1.032285] (px4_msgs) StdoutLine: {'line': b'-- Up-to-date: /home/wei/fire_scout_ws/install/px4_msgs/include/px4_msgs/px4_msgs/msg/detail/orbit_status__rosidl_typesupport_fastrtps_c.h\n'}
[1.032312] (px4_msgs) StdoutLine: {'line': b'-- Up-to-date: /home/wei/fire_scout_ws/install/px4_msgs/include/px4_msgs/px4_msgs/msg/detail/hover_thrust_estimate__rosidl_typesupport_fastrtps_c.h\n'}
[1.032339] (px4_msgs) StdoutLine: {'line': b'-- Up-to-date: /home/wei/fire_scout_ws/install/px4_msgs/include/px4_msgs/px4_msgs/msg/detail/estimator_bias3d__rosidl_typesupport_fastrtps_c.h\n'}
[1.032368] (px4_msgs) StdoutLine: {'line': b'-- Up-to-date: /home/wei/fire_scout_ws/install/px4_msgs/include/px4_msgs/px4_msgs/msg/detail/button_event__rosidl_typesupport_fastrtps_c.h\n'}
[1.032398] (px4_msgs) StdoutLine: {'line': b'-- Up-to-date: /home/wei/fire_scout_ws/install/px4_msgs/include/px4_msgs/px4_msgs/msg/detail/gimbal_manager_information__rosidl_typesupport_fastrtps_c.h\n'}
[1.032425] (px4_msgs) StdoutLine: {'line': b'-- Up-to-date: /home/wei/fire_scout_ws/install/px4_msgs/include/px4_msgs/px4_msgs/msg/detail/log_message__rosidl_typesupport_fastrtps_c.h\n'}
[1.032452] (px4_msgs) StdoutLine: {'line': b'-- Up-to-date: /home/wei/fire_scout_ws/install/px4_msgs/include/px4_msgs/px4_msgs/msg/detail/manual_control_setpoint__rosidl_typesupport_fastrtps_c.h\n'}
[1.032481] (px4_msgs) StdoutLine: {'line': b'-- Up-to-date: /home/wei/fire_scout_ws/install/px4_msgs/include/px4_msgs/px4_msgs/msg/detail/rover_rate_status__rosidl_typesupport_fastrtps_c.h\n'}
[1.032510] (px4_msgs) StdoutLine: {'line': b'-- Up-to-date: /home/wei/fire_scout_ws/install/px4_msgs/include/px4_msgs/px4_msgs/msg/detail/telemetry_status__rosidl_typesupport_fastrtps_c.h\n'}
[1.032540] (px4_msgs) StdoutLine: {'line': b'-- Up-to-date: /home/wei/fire_scout_ws/install/px4_msgs/include/px4_msgs/px4_msgs/msg/detail/actuator_test__rosidl_typesupport_fastrtps_c.h\n'}
[1.032570] (px4_msgs) StdoutLine: {'line': b'-- Up-to-date: /home/wei/fire_scout_ws/install/px4_msgs/include/px4_msgs/px4_msgs/msg/detail/power_monitor__rosidl_typesupport_fastrtps_c.h\n'}
[1.032601] (px4_msgs) StdoutLine: {'line': b'-- Up-to-date: /home/wei/fire_scout_ws/install/px4_msgs/include/px4_msgs/px4_msgs/msg/detail/vehicle_roi__rosidl_typesupport_fastrtps_c.h\n'}
[1.032631] (px4_msgs) StdoutLine: {'line': b'-- Up-to-date: /home/wei/fire_scout_ws/install/px4_msgs/include/px4_msgs/px4_msgs/msg/detail/task_stack_info__rosidl_typesupport_fastrtps_c.h\n'}
[1.032660] (px4_msgs) StdoutLine: {'line': b'-- Up-to-date: /home/wei/fire_scout_ws/install/px4_msgs/include/px4_msgs/px4_msgs/msg/detail/actuator_motors__rosidl_typesupport_fastrtps_c.h\n'}
[1.032689] (px4_msgs) StdoutLine: {'line': b'-- Up-to-date: /home/wei/fire_scout_ws/install/px4_msgs/include/px4_msgs/px4_msgs/msg/detail/satellite_info__rosidl_typesupport_fastrtps_c.h\n'}
[1.032720] (px4_msgs) StdoutLine: {'line': b'-- Up-to-date: /home/wei/fire_scout_ws/install/px4_msgs/include/px4_msgs/px4_msgs/msg/detail/gpio_in__rosidl_typesupport_fastrtps_c.h\n'}
[1.032746] (px4_msgs) StdoutLine: {'line': b'-- Up-to-date: /home/wei/fire_scout_ws/install/px4_msgs/include/px4_msgs/px4_msgs/msg/detail/gpio_config__rosidl_typesupport_fastrtps_c.h\n'}
[1.032773] (px4_msgs) StdoutLine: {'line': b'-- Up-to-date: /home/wei/fire_scout_ws/install/px4_msgs/include/px4_msgs/px4_msgs/msg/detail/led_control__rosidl_typesupport_fastrtps_c.h\n'}
[1.032799] (px4_msgs) StdoutLine: {'line': b'-- Up-to-date: /home/wei/fire_scout_ws/install/px4_msgs/include/px4_msgs/px4_msgs/msg/detail/vehicle_attitude_setpoint__rosidl_typesupport_fastrtps_c.h\n'}
[1.032826] (px4_msgs) StdoutLine: {'line': b'-- Up-to-date: /home/wei/fire_scout_ws/install/px4_msgs/include/px4_msgs/px4_msgs/msg/detail/rtl_status__rosidl_typesupport_fastrtps_c.h\n'}
[1.032859] (px4_msgs) StdoutLine: {'line': b'-- Up-to-date: /home/wei/fire_scout_ws/install/px4_msgs/include/px4_msgs/px4_msgs/msg/detail/trajectory_setpoint6dof__rosidl_typesupport_fastrtps_c.h\n'}
[1.032887] (px4_msgs) StdoutLine: {'line': b'-- Up-to-date: /home/wei/fire_scout_ws/install/px4_msgs/include/px4_msgs/px4_msgs/msg/detail/vehicle_global_position__rosidl_typesupport_fastrtps_c.h\n'}
[1.032915] (px4_msgs) StdoutLine: {'line': b'-- Up-to-date: /home/wei/fire_scout_ws/install/px4_msgs/include/px4_msgs/px4_msgs/msg/detail/rover_attitude_status__rosidl_typesupport_fastrtps_c.h\n'}
[1.032943] (px4_msgs) StdoutLine: {'line': b'-- Up-to-date: /home/wei/fire_scout_ws/install/px4_msgs/include/px4_msgs/px4_msgs/msg/detail/sensor_correction__rosidl_typesupport_fastrtps_c.h\n'}
[1.032971] (px4_msgs) StdoutLine: {'line': b'-- Up-to-date: /home/wei/fire_scout_ws/install/px4_msgs/include/px4_msgs/px4_msgs/srv\n'}
[1.033002] (px4_msgs) StdoutLine: {'line': b'-- Up-to-date: /home/wei/fire_scout_ws/install/px4_msgs/include/px4_msgs/px4_msgs/srv/detail\n'}
[1.033030] (px4_msgs) StdoutLine: {'line': b'-- Up-to-date: /home/wei/fire_scout_ws/install/px4_msgs/include/px4_msgs/px4_msgs/srv/detail/vehicle_command__rosidl_typesupport_fastrtps_c.h\n'}
[1.033057] (px4_msgs) StdoutLine: {'line': b'-- Up-to-date: /home/wei/fire_scout_ws/install/px4_msgs/lib/libpx4_msgs__rosidl_typesupport_fastrtps_c.so\n'}
[1.033085] (px4_msgs) StdoutLine: {'line': b'-- Up-to-date: /home/wei/fire_scout_ws/install/px4_msgs/include/px4_msgs/px4_msgs\n'}
[1.033113] (px4_msgs) StdoutLine: {'line': b'-- Up-to-date: /home/wei/fire_scout_ws/install/px4_msgs/include/px4_msgs/px4_msgs/msg\n'}
[1.033141] (px4_msgs) StdoutLine: {'line': b'-- Up-to-date: /home/wei/fire_scout_ws/install/px4_msgs/include/px4_msgs/px4_msgs/msg/vehicle_optical_flow_vel.hpp\n'}
[1.033169] (px4_msgs) StdoutLine: {'line': b'-- Up-to-date: /home/wei/fire_scout_ws/install/px4_msgs/include/px4_msgs/px4_msgs/msg/cellular_status.hpp\n'}
[1.033196] (px4_msgs) StdoutLine: {'line': b'-- Up-to-date: /home/wei/fire_scout_ws/install/px4_msgs/include/px4_msgs/px4_msgs/msg/gimbal_device_attitude_status.hpp\n'}
[1.033224] (px4_msgs) StdoutLine: {'line': b'-- Up-to-date: /home/wei/fire_scout_ws/install/px4_msgs/include/px4_msgs/px4_msgs/msg/mount_orientation.hpp\n'}
[1.033253] (px4_msgs) StdoutLine: {'line': b'-- Up-to-date: /home/wei/fire_scout_ws/install/px4_msgs/include/px4_msgs/px4_msgs/msg/sensor_optical_flow.hpp\n'}
[1.033280] (px4_msgs) StdoutLine: {'line': b'-- Up-to-date: /home/wei/fire_scout_ws/install/px4_msgs/include/px4_msgs/px4_msgs/msg/vehicle_angular_velocity.hpp\n'}
[1.033308] (px4_msgs) StdoutLine: {'line': b'-- Up-to-date: /home/wei/fire_scout_ws/install/px4_msgs/include/px4_msgs/px4_msgs/msg/wheel_encoders.hpp\n'}
[1.033335] (px4_msgs) StdoutLine: {'line': b'-- Up-to-date: /home/wei/fire_scout_ws/install/px4_msgs/include/px4_msgs/px4_msgs/msg/magnetometer_bias_estimate.hpp\n'}
[1.033363] (px4_msgs) StdoutLine: {'line': b'-- Up-to-date: /home/wei/fire_scout_ws/install/px4_msgs/include/px4_msgs/px4_msgs/msg/landing_gear.hpp\n'}
[1.033393] (px4_msgs) StdoutLine: {'line': b'-- Up-to-date: /home/wei/fire_scout_ws/install/px4_msgs/include/px4_msgs/px4_msgs/msg/trajectory_setpoint.hpp\n'}
[1.033423] (px4_msgs) StdoutLine: {'line': b'-- Up-to-date: /home/wei/fire_scout_ws/install/px4_msgs/include/px4_msgs/px4_msgs/msg/offboard_control_mode.hpp\n'}
[1.033450] (px4_msgs) StdoutLine: {'line': b'-- Up-to-date: /home/wei/fire_scout_ws/install/px4_msgs/include/px4_msgs/px4_msgs/msg/gpio_request.hpp\n'}
[1.033488] (px4_msgs) StdoutLine: {'line': b'-- Up-to-date: /home/wei/fire_scout_ws/install/px4_msgs/include/px4_msgs/px4_msgs/msg/flight_phase_estimation.hpp\n'}
[1.033517] (px4_msgs) StdoutLine: {'line': b'-- Up-to-date: /home/wei/fire_scout_ws/install/px4_msgs/include/px4_msgs/px4_msgs/msg/generator_status.hpp\n'}
[1.033546] (px4_msgs) StdoutLine: {'line': b'-- Up-to-date: /home/wei/fire_scout_ws/install/px4_msgs/include/px4_msgs/px4_msgs/msg/navigator_mission_item.hpp\n'}
[1.033575] (px4_msgs) StdoutLine: {'line': b'-- Up-to-date: /home/wei/fire_scout_ws/install/px4_msgs/include/px4_msgs/px4_msgs/msg/power_monitor.hpp\n'}
[1.033607] (px4_msgs) StdoutLine: {'line': b'-- Up-to-date: /home/wei/fire_scout_ws/install/px4_msgs/include/px4_msgs/px4_msgs/msg/geofence_status.hpp\n'}
[1.033636] (px4_msgs) StdoutLine: {'line': b'-- Up-to-date: /home/wei/fire_scout_ws/install/px4_msgs/include/px4_msgs/px4_msgs/msg/rover_throttle_setpoint.hpp\n'}
[1.033664] (px4_msgs) StdoutLine: {'line': b'-- Up-to-date: /home/wei/fire_scout_ws/install/px4_msgs/include/px4_msgs/px4_msgs/msg/yaw_estimator_status.hpp\n'}
[1.033692] (px4_msgs) StdoutLine: {'line': b'-- Up-to-date: /home/wei/fire_scout_ws/install/px4_msgs/include/px4_msgs/px4_msgs/msg/irlock_report.hpp\n'}
[1.033747] (px4_msgs) StdoutLine: {'line': b'-- Up-to-date: /home/wei/fire_scout_ws/install/px4_msgs/include/px4_msgs/px4_msgs/msg/ulog_stream.hpp\n'}
[1.033774] (px4_msgs) StdoutLine: {'line': b'-- Up-to-date: /home/wei/fire_scout_ws/install/px4_msgs/include/px4_msgs/px4_msgs/msg/config_overrides.hpp\n'}
[1.033802] (px4_msgs) StdoutLine: {'line': b'-- Up-to-date: /home/wei/fire_scout_ws/install/px4_msgs/include/px4_msgs/px4_msgs/msg/estimator_status.hpp\n'}
[1.033828] (px4_msgs) StdoutLine: {'line': b'-- Up-to-date: /home/wei/fire_scout_ws/install/px4_msgs/include/px4_msgs/px4_msgs/msg/mavlink_log.hpp\n'}
[1.033854] (px4_msgs) StdoutLine: {'line': b'-- Up-to-date: /home/wei/fire_scout_ws/install/px4_msgs/include/px4_msgs/px4_msgs/msg/vehicle_roi.hpp\n'}
[1.033881] (px4_msgs) StdoutLine: {'line': b'-- Up-to-date: /home/wei/fire_scout_ws/install/px4_msgs/include/px4_msgs/px4_msgs/msg/rover_attitude_setpoint.hpp\n'}
[1.033911] (px4_msgs) StdoutLine: {'line': b'-- Up-to-date: /home/wei/fire_scout_ws/install/px4_msgs/include/px4_msgs/px4_msgs/msg/button_event.hpp\n'}
[1.033937] (px4_msgs) StdoutLine: {'line': b'-- Up-to-date: /home/wei/fire_scout_ws/install/px4_msgs/include/px4_msgs/px4_msgs/msg/sensor_gnss_status.hpp\n'}
[1.033964] (px4_msgs) StdoutLine: {'line': b'-- Up-to-date: /home/wei/fire_scout_ws/install/px4_msgs/include/px4_msgs/px4_msgs/msg/iridiumsbd_status.hpp\n'}
[1.033991] (px4_msgs) StdoutLine: {'line': b'-- Up-to-date: /home/wei/fire_scout_ws/install/px4_msgs/include/px4_msgs/px4_msgs/msg/pwm_input.hpp\n'}
[1.034017] (px4_msgs) StdoutLine: {'line': b'-- Up-to-date: /home/wei/fire_scout_ws/install/px4_msgs/include/px4_msgs/px4_msgs/msg/gimbal_controls.hpp\n'}
[1.034043] (px4_msgs) StdoutLine: {'line': b'-- Up-to-date: /home/wei/fire_scout_ws/install/px4_msgs/include/px4_msgs/px4_msgs/msg/vehicle_constraints.hpp\n'}
[1.034070] (px4_msgs) StdoutLine: {'line': b'-- Up-to-date: /home/wei/fire_scout_ws/install/px4_msgs/include/px4_msgs/px4_msgs/msg/rpm.hpp\n'}
[1.034097] (px4_msgs) StdoutLine: {'line': b'-- Up-to-date: /home/wei/fire_scout_ws/install/px4_msgs/include/px4_msgs/px4_msgs/msg/sensor_accel.hpp\n'}
[1.034123] (px4_msgs) StdoutLine: {'line': b'-- Up-to-date: /home/wei/fire_scout_ws/install/px4_msgs/include/px4_msgs/px4_msgs/msg/log_message.hpp\n'}
[1.034151] (px4_msgs) StdoutLine: {'line': b'-- Up-to-date: /home/wei/fire_scout_ws/install/px4_msgs/include/px4_msgs/px4_msgs/msg/gps_dump.hpp\n'}
[1.034177] (px4_msgs) StdoutLine: {'line': b'-- Up-to-date: /home/wei/fire_scout_ws/install/px4_msgs/include/px4_msgs/px4_msgs/msg/estimator_sensor_bias.hpp\n'}
[1.034204] (px4_msgs) StdoutLine: {'line': b'-- Up-to-date: /home/wei/fire_scout_ws/install/px4_msgs/include/px4_msgs/px4_msgs/msg/gimbal_device_information.hpp\n'}
[1.034230] (px4_msgs) StdoutLine: {'line': b'-- Up-to-date: /home/wei/fire_scout_ws/install/px4_msgs/include/px4_msgs/px4_msgs/msg/gimbal_manager_status.hpp\n'}
[1.034256] (px4_msgs) StdoutLine: {'line': b'-- Up-to-date: /home/wei/fire_scout_ws/install/px4_msgs/include/px4_msgs/px4_msgs/msg/gripper.hpp\n'}
[1.034283] (px4_msgs) StdoutLine: {'line': b'-- Up-to-date: /home/wei/fire_scout_ws/install/px4_msgs/include/px4_msgs/px4_msgs/msg/rover_speed_setpoint.hpp\n'}
[1.034309] (px4_msgs) StdoutLine: {'line': b'-- Up-to-date: /home/wei/fire_scout_ws/install/px4_msgs/include/px4_msgs/px4_msgs/msg/camera_trigger.hpp\n'}
[1.034336] (px4_msgs) StdoutLine: {'line': b'-- Up-to-date: /home/wei/fire_scout_ws/install/px4_msgs/include/px4_msgs/px4_msgs/msg/differential_pressure.hpp\n'}
[1.034362] (px4_msgs) StdoutLine: {'line': b'-- Up-to-date: /home/wei/fire_scout_ws/install/px4_msgs/include/px4_msgs/px4_msgs/msg/hover_thrust_estimate.hpp\n'}
[1.034392] (px4_msgs) StdoutLine: {'line': b'-- Up-to-date: /home/wei/fire_scout_ws/install/px4_msgs/include/px4_msgs/px4_msgs/msg/sensor_gyro.hpp\n'}
[1.034419] (px4_msgs) StdoutLine: {'line': b'-- Up-to-date: /home/wei/fire_scout_ws/install/px4_msgs/include/px4_msgs/px4_msgs/msg/goto_setpoint.hpp\n'}
[1.034445] (px4_msgs) StdoutLine: {'line': b'-- Up-to-date: /home/wei/fire_scout_ws/install/px4_msgs/include/px4_msgs/px4_msgs/msg/vehicle_attitude_setpoint.hpp\n'}
[1.034484] (px4_msgs) StdoutLine: {'line': b'-- Up-to-date: /home/wei/fire_scout_ws/install/px4_msgs/include/px4_msgs/px4_msgs/msg/rover_speed_status.hpp\n'}
[1.034516] (px4_msgs) StdoutLine: {'line': b'-- Up-to-date: /home/wei/fire_scout_ws/install/px4_msgs/include/px4_msgs/px4_msgs/msg/rosidl_generator_cpp__visibility_control.hpp\n'}
[1.034549] (px4_msgs) StdoutLine: {'line': b'-- Up-to-date: /home/wei/fire_scout_ws/install/px4_msgs/include/px4_msgs/px4_msgs/msg/fixed_wing_lateral_guidance_status.hpp\n'}
[1.034582] (px4_msgs) StdoutLine: {'line': b'-- Up-to-date: /home/wei/fire_scout_ws/install/px4_msgs/include/px4_msgs/px4_msgs/msg/system_power.hpp\n'}
[1.034610] (px4_msgs) StdoutLine: {'line': b'-- Up-to-date: /home/wei/fire_scout_ws/install/px4_msgs/include/px4_msgs/px4_msgs/msg/vehicle_rates_setpoint.hpp\n'}
[1.034638] (px4_msgs) StdoutLine: {'line': b'-- Up-to-date: /home/wei/fire_scout_ws/install/px4_msgs/include/px4_msgs/px4_msgs/msg/internal_combustion_engine_status.hpp\n'}
[1.034666] (px4_msgs) StdoutLine: {'line': b'-- Up-to-date: /home/wei/fire_scout_ws/install/px4_msgs/include/px4_msgs/px4_msgs/msg/vehicle_magnetometer.hpp\n'}
[1.034695] (px4_msgs) StdoutLine: {'line': b'-- Up-to-date: /home/wei/fire_scout_ws/install/px4_msgs/include/px4_msgs/px4_msgs/msg/task_stack_info.hpp\n'}
[1.034724] (px4_msgs) StdoutLine: {'line': b'-- Up-to-date: /home/wei/fire_scout_ws/install/px4_msgs/include/px4_msgs/px4_msgs/msg/failure_detector_status.hpp\n'}
[1.034750] (px4_msgs) StdoutLine: {'line': b'-- Up-to-date: /home/wei/fire_scout_ws/install/px4_msgs/include/px4_msgs/px4_msgs/msg/camera_capture.hpp\n'}
[1.034777] (px4_msgs) StdoutLine: {'line': b'-- Up-to-date: /home/wei/fire_scout_ws/install/px4_msgs/include/px4_msgs/px4_msgs/msg/follow_target.hpp\n'}
[1.034804] (px4_msgs) StdoutLine: {'line': b'-- Up-to-date: /home/wei/fire_scout_ws/install/px4_msgs/include/px4_msgs/px4_msgs/msg/uavcan_parameter_value.hpp\n'}
[1.034831] (px4_msgs) StdoutLine: {'line': b'-- Up-to-date: /home/wei/fire_scout_ws/install/px4_msgs/include/px4_msgs/px4_msgs/msg/vehicle_local_position.hpp\n'}
[1.034858] (px4_msgs) StdoutLine: {'line': b'-- Up-to-date: /home/wei/fire_scout_ws/install/px4_msgs/include/px4_msgs/px4_msgs/msg/adc_report.hpp\n'}
[1.034884] (px4_msgs) StdoutLine: {'line': b'-- Up-to-date: /home/wei/fire_scout_ws/install/px4_msgs/include/px4_msgs/px4_msgs/msg/autotune_attitude_control_status.hpp\n'}
[1.034912] (px4_msgs) StdoutLine: {'line': b'-- Up-to-date: /home/wei/fire_scout_ws/install/px4_msgs/include/px4_msgs/px4_msgs/msg/vehicle_status.hpp\n'}
[1.034939] (px4_msgs) StdoutLine: {'line': b'-- Up-to-date: /home/wei/fire_scout_ws/install/px4_msgs/include/px4_msgs/px4_msgs/msg/wind.hpp\n'}
[1.034980] (px4_msgs) StdoutLine: {'line': b'-- Up-to-date: /home/wei/fire_scout_ws/install/px4_msgs/include/px4_msgs/px4_msgs/msg/dronecan_node_status.hpp\n'}
[1.035007] (px4_msgs) StdoutLine: {'line': b'-- Up-to-date: /home/wei/fire_scout_ws/install/px4_msgs/include/px4_msgs/px4_msgs/msg/orb_test.hpp\n'}
[1.035034] (px4_msgs) StdoutLine: {'line': b'-- Up-to-date: /home/wei/fire_scout_ws/install/px4_msgs/include/px4_msgs/px4_msgs/msg/manual_control_setpoint.hpp\n'}
[1.035060] (px4_msgs) StdoutLine: {'line': b'-- Up-to-date: /home/wei/fire_scout_ws/install/px4_msgs/include/px4_msgs/px4_msgs/msg/estimator_bias3d.hpp\n'}
[1.035086] (px4_msgs) StdoutLine: {'line': b'-- Up-to-date: /home/wei/fire_scout_ws/install/px4_msgs/include/px4_msgs/px4_msgs/msg/register_ext_component_reply.hpp\n'}
[1.035113] (px4_msgs) StdoutLine: {'line': b'-- Up-to-date: /home/wei/fire_scout_ws/install/px4_msgs/include/px4_msgs/px4_msgs/msg/mode_completed.hpp\n'}
[1.035139] (px4_msgs) StdoutLine: {'line': b'-- Up-to-date: /home/wei/fire_scout_ws/install/px4_msgs/include/px4_msgs/px4_msgs/msg/esc_status.hpp\n'}
[1.035165] (px4_msgs) StdoutLine: {'line': b'-- Up-to-date: /home/wei/fire_scout_ws/install/px4_msgs/include/px4_msgs/px4_msgs/msg/debug_vect.hpp\n'}
[1.035192] (px4_msgs) StdoutLine: {'line': b'-- Up-to-date: /home/wei/fire_scout_ws/install/px4_msgs/include/px4_msgs/px4_msgs/msg/lateral_control_configuration.hpp\n'}
[1.035220] (px4_msgs) StdoutLine: {'line': b'-- Up-to-date: /home/wei/fire_scout_ws/install/px4_msgs/include/px4_msgs/px4_msgs/msg/estimator_event_flags.hpp\n'}
[1.035249] (px4_msgs) StdoutLine: {'line': b'-- Up-to-date: /home/wei/fire_scout_ws/install/px4_msgs/include/px4_msgs/px4_msgs/msg/gimbal_manager_set_attitude.hpp\n'}
[1.035276] (px4_msgs) StdoutLine: {'line': b'-- Up-to-date: /home/wei/fire_scout_ws/install/px4_msgs/include/px4_msgs/px4_msgs/msg/parameter_set_value_response.hpp\n'}
[1.035302] (px4_msgs) StdoutLine: {'line': b'-- Up-to-date: /home/wei/fire_scout_ws/install/px4_msgs/include/px4_msgs/px4_msgs/msg/gimbal_manager_information.hpp\n'}
[1.035329] (px4_msgs) StdoutLine: {'line': b'-- Up-to-date: /home/wei/fire_scout_ws/install/px4_msgs/include/px4_msgs/px4_msgs/msg/open_drone_id_operator_id.hpp\n'}
[1.035355] (px4_msgs) StdoutLine: {'line': b'-- Up-to-date: /home/wei/fire_scout_ws/install/px4_msgs/include/px4_msgs/px4_msgs/msg/register_ext_component_request.hpp\n'}
[1.035385] (px4_msgs) StdoutLine: {'line': b'-- Up-to-date: /home/wei/fire_scout_ws/install/px4_msgs/include/px4_msgs/px4_msgs/msg/distance_sensor_mode_change_request.hpp\n'}
[1.035414] (px4_msgs) StdoutLine: {'line': b'-- Up-to-date: /home/wei/fire_scout_ws/install/px4_msgs/include/px4_msgs/px4_msgs/msg/mission_result.hpp\n'}
[1.035470] (px4_msgs) StdoutLine: {'line': b'-- Up-to-date: /home/wei/fire_scout_ws/install/px4_msgs/include/px4_msgs/px4_msgs/msg/pure_pursuit_status.hpp\n'}
[1.035500] (px4_msgs) StdoutLine: {'line': b'-- Up-to-date: /home/wei/fire_scout_ws/install/px4_msgs/include/px4_msgs/px4_msgs/msg/airspeed_wind.hpp\n'}
[1.035529] (px4_msgs) StdoutLine: {'line': b'-- Up-to-date: /home/wei/fire_scout_ws/install/px4_msgs/include/px4_msgs/px4_msgs/msg/ekf2_timestamps.hpp\n'}
[1.035558] (px4_msgs) StdoutLine: {'line': b'-- Up-to-date: /home/wei/fire_scout_ws/install/px4_msgs/include/px4_msgs/px4_msgs/msg/sensor_baro.hpp\n'}
[1.035589] (px4_msgs) StdoutLine: {'line': b'-- Up-to-date: /home/wei/fire_scout_ws/install/px4_msgs/include/px4_msgs/px4_msgs/msg/ping.hpp\n'}
[1.035625] (px4_msgs) StdoutLine: {'line': b'-- Up-to-date: /home/wei/fire_scout_ws/install/px4_msgs/include/px4_msgs/px4_msgs/msg/can_interface_status.hpp\n'}
[1.035651] (px4_msgs) StdoutLine: {'line': b'-- Up-to-date: /home/wei/fire_scout_ws/install/px4_msgs/include/px4_msgs/px4_msgs/msg/position_controller_landing_status.hpp\n'}
[1.035678] (px4_msgs) StdoutLine: {'line': b'-- Up-to-date: /home/wei/fire_scout_ws/install/px4_msgs/include/px4_msgs/px4_msgs/msg/vehicle_local_position_setpoint.hpp\n'}
[1.035704] (px4_msgs) StdoutLine: {'line': b'-- Up-to-date: /home/wei/fire_scout_ws/install/px4_msgs/include/px4_msgs/px4_msgs/msg/fixed_wing_longitudinal_setpoint.hpp\n'}
[1.035731] (px4_msgs) StdoutLine: {'line': b'-- Up-to-date: /home/wei/fire_scout_ws/install/px4_msgs/include/px4_msgs/px4_msgs/msg/gpio_out.hpp\n'}
[1.035757] (px4_msgs) StdoutLine: {'line': b'-- Up-to-date: /home/wei/fire_scout_ws/install/px4_msgs/include/px4_msgs/px4_msgs/msg/gps_inject_data.hpp\n'}
[1.035784] (px4_msgs) StdoutLine: {'line': b'-- Up-to-date: /home/wei/fire_scout_ws/install/px4_msgs/include/px4_msgs/px4_msgs/msg/fixed_wing_lateral_setpoint.hpp\n'}
[1.035811] (px4_msgs) StdoutLine: {'line': b'-- Up-to-date: /home/wei/fire_scout_ws/install/px4_msgs/include/px4_msgs/px4_msgs/msg/estimator_aid_source2d.hpp\n'}
[1.035837] (px4_msgs) StdoutLine: {'line': b'-- Up-to-date: /home/wei/fire_scout_ws/install/px4_msgs/include/px4_msgs/px4_msgs/msg/dataman_response.hpp\n'}
[1.035865] (px4_msgs) StdoutLine: {'line': b'-- Up-to-date: /home/wei/fire_scout_ws/install/px4_msgs/include/px4_msgs/px4_msgs/msg/gimbal_device_set_attitude.hpp\n'}
[1.035891] (px4_msgs) StdoutLine: {'line': b'-- Up-to-date: /home/wei/fire_scout_ws/install/px4_msgs/include/px4_msgs/px4_msgs/msg/qshell_retval.hpp\n'}
[1.035917] (px4_msgs) StdoutLine: {'line': b'-- Up-to-date: /home/wei/fire_scout_ws/install/px4_msgs/include/px4_msgs/px4_msgs/msg/radio_status.hpp\n'}
[1.035943] (px4_msgs) StdoutLine: {'line': b'-- Up-to-date: /home/wei/fire_scout_ws/install/px4_msgs/include/px4_msgs/px4_msgs/msg/qshell_req.hpp\n'}
[1.035972] (px4_msgs) StdoutLine: {'line': b'-- Up-to-date: /home/wei/fire_scout_ws/install/px4_msgs/include/px4_msgs/px4_msgs/msg/vehicle_imu.hpp\n'}
[1.035999] (px4_msgs) StdoutLine: {'line': b'-- Up-to-date: /home/wei/fire_scout_ws/install/px4_msgs/include/px4_msgs/px4_msgs/msg/follow_target_status.hpp\n'}
[1.036030] (px4_msgs) StdoutLine: {'line': b'-- Up-to-date: /home/wei/fire_scout_ws/install/px4_msgs/include/px4_msgs/px4_msgs/msg/power_button_state.hpp\n'}
[1.036057] (px4_msgs) StdoutLine: {'line': b'-- Up-to-date: /home/wei/fire_scout_ws/install/px4_msgs/include/px4_msgs/px4_msgs/msg/open_drone_id_self_id.hpp\n'}
[1.036083] (px4_msgs) StdoutLine: {'line': b'-- Up-to-date: /home/wei/fire_scout_ws/install/px4_msgs/include/px4_msgs/px4_msgs/msg/internal_combustion_engine_control.hpp\n'}
[1.036109] (px4_msgs) StdoutLine: {'line': b'-- Up-to-date: /home/wei/fire_scout_ws/install/px4_msgs/include/px4_msgs/px4_msgs/msg/debug_value.hpp\n'}
[1.036136] (px4_msgs) StdoutLine: {'line': b'-- Up-to-date: /home/wei/fire_scout_ws/install/px4_msgs/include/px4_msgs/px4_msgs/msg/action_request.hpp\n'}
[1.036165] (px4_msgs) StdoutLine: {'line': b'-- Up-to-date: /home/wei/fire_scout_ws/install/px4_msgs/include/px4_msgs/px4_msgs/msg/uavcan_parameter_request.hpp\n'}
[1.036192] (px4_msgs) StdoutLine: {'line': b'-- Up-to-date: /home/wei/fire_scout_ws/install/px4_msgs/include/px4_msgs/px4_msgs/msg/event.hpp\n'}
[1.036219] (px4_msgs) StdoutLine: {'line': b'-- Up-to-date: /home/wei/fire_scout_ws/install/px4_msgs/include/px4_msgs/px4_msgs/msg/normalized_unsigned_setpoint.hpp\n'}
[1.036246] (px4_msgs) StdoutLine: {'line': b'-- Up-to-date: /home/wei/fire_scout_ws/install/px4_msgs/include/px4_msgs/px4_msgs/msg/actuator_armed.hpp\n'}
[1.036273] (px4_msgs) StdoutLine: {'line': b'-- Up-to-date: /home/wei/fire_scout_ws/install/px4_msgs/include/px4_msgs/px4_msgs/msg/heater_status.hpp\n'}
[1.036300] (px4_msgs) StdoutLine: {'line': b'-- Up-to-date: /home/wei/fire_scout_ws/install/px4_msgs/include/px4_msgs/px4_msgs/msg/trajectory_setpoint6dof.hpp\n'}
[1.036327] (px4_msgs) StdoutLine: {'line': b'-- Up-to-date: /home/wei/fire_scout_ws/install/px4_msgs/include/px4_msgs/px4_msgs/msg/logger_status.hpp\n'}
[1.036355] (px4_msgs) StdoutLine: {'line': b'-- Up-to-date: /home/wei/fire_scout_ws/install/px4_msgs/include/px4_msgs/px4_msgs/msg/message_format_response.hpp\n'}
[1.036386] (px4_msgs) StdoutLine: {'line': b'-- Up-to-date: /home/wei/fire_scout_ws/install/px4_msgs/include/px4_msgs/px4_msgs/msg/estimator_innovations.hpp\n'}
[1.036416] (px4_msgs) StdoutLine: {'line': b'-- Up-to-date: /home/wei/fire_scout_ws/install/px4_msgs/include/px4_msgs/px4_msgs/msg/vehicle_odometry.hpp\n'}
[1.036444] (px4_msgs) StdoutLine: {'line': b'-- Up-to-date: /home/wei/fire_scout_ws/install/px4_msgs/include/px4_msgs/px4_msgs/msg/open_drone_id_system.hpp\n'}
[1.036472] (px4_msgs) StdoutLine: {'line': b'-- Up-to-date: /home/wei/fire_scout_ws/install/px4_msgs/include/px4_msgs/px4_msgs/msg/position_setpoint.hpp\n'}
[1.036501] (px4_msgs) StdoutLine: {'line': b'-- Up-to-date: /home/wei/fire_scout_ws/install/px4_msgs/include/px4_msgs/px4_msgs/msg/led_control.hpp\n'}
[1.036532] (px4_msgs) StdoutLine: {'line': b'-- Up-to-date: /home/wei/fire_scout_ws/install/px4_msgs/include/px4_msgs/px4_msgs/msg/actuator_motors.hpp\n'}
[1.036562] (px4_msgs) StdoutLine: {'line': b'-- Up-to-date: /home/wei/fire_scout_ws/install/px4_msgs/include/px4_msgs/px4_msgs/msg/rtl_status.hpp\n'}
[1.036594] (px4_msgs) StdoutLine: {'line': b'-- Up-to-date: /home/wei/fire_scout_ws/install/px4_msgs/include/px4_msgs/px4_msgs/msg/figure_eight_status.hpp\n'}
[1.036626] (px4_msgs) StdoutLine: {'line': b'-- Up-to-date: /home/wei/fire_scout_ws/install/px4_msgs/include/px4_msgs/px4_msgs/msg/fixed_wing_runway_control.hpp\n'}
[1.036658] (px4_msgs) StdoutLine: {'line': b'-- Up-to-date: /home/wei/fire_scout_ws/install/px4_msgs/include/px4_msgs/px4_msgs/msg/sensor_selection.hpp\n'}
[1.036692] (px4_msgs) StdoutLine: {'line': b'-- Up-to-date: /home/wei/fire_scout_ws/install/px4_msgs/include/px4_msgs/px4_msgs/msg/vehicle_optical_flow.hpp\n'}
[1.036732] (px4_msgs) StdoutLine: {'line': b'-- Up-to-date: /home/wei/fire_scout_ws/install/px4_msgs/include/px4_msgs/px4_msgs/msg/failsafe_flags.hpp\n'}
[1.036770] (px4_msgs) StdoutLine: {'line': b'-- Up-to-date: /home/wei/fire_scout_ws/install/px4_msgs/include/px4_msgs/px4_msgs/msg/rtl_time_estimate.hpp\n'}
[1.036806] (px4_msgs) StdoutLine: {'line': b'-- Up-to-date: /home/wei/fire_scout_ws/install/px4_msgs/include/px4_msgs/px4_msgs/msg/collision_constraints.hpp\n'}
[1.036836] (px4_msgs) StdoutLine: {'line': b'-- Up-to-date: /home/wei/fire_scout_ws/install/px4_msgs/include/px4_msgs/px4_msgs/msg/tecs_status.hpp\n'}
[1.036867] (px4_msgs) StdoutLine: {'line': b'-- Up-to-date: /home/wei/fire_scout_ws/install/px4_msgs/include/px4_msgs/px4_msgs/msg/position_setpoint_triplet.hpp\n'}
[1.036899] (px4_msgs) StdoutLine: {'line': b'-- Up-to-date: /home/wei/fire_scout_ws/install/px4_msgs/include/px4_msgs/px4_msgs/msg/unregister_ext_component.hpp\n'}
[1.036928] (px4_msgs) StdoutLine: {'line': b'-- Up-to-date: /home/wei/fire_scout_ws/install/px4_msgs/include/px4_msgs/px4_msgs/msg/fixed_wing_lateral_status.hpp\n'}
[1.036957] (px4_msgs) StdoutLine: {'line': b'-- Up-to-date: /home/wei/fire_scout_ws/install/px4_msgs/include/px4_msgs/px4_msgs/msg/navigator_status.hpp\n'}
[1.036986] (px4_msgs) StdoutLine: {'line': b'-- Up-to-date: /home/wei/fire_scout_ws/install/px4_msgs/include/px4_msgs/px4_msgs/msg/rc_parameter_map.hpp\n'}
[1.037014] (px4_msgs) StdoutLine: {'line': b'-- Up-to-date: /home/wei/fire_scout_ws/install/px4_msgs/include/px4_msgs/px4_msgs/msg/detail\n'}
[1.037043] (px4_msgs) StdoutLine: {'line': b'-- Up-to-date: /home/wei/fire_scout_ws/install/px4_msgs/include/px4_msgs/px4_msgs/msg/detail/autotune_attitude_control_status__traits.hpp\n'}
[1.037073] (px4_msgs) StdoutLine: {'line': b'-- Up-to-date: /home/wei/fire_scout_ws/install/px4_msgs/include/px4_msgs/px4_msgs/msg/detail/internal_combustion_engine_control__traits.hpp\n'}
[1.037101] (px4_msgs) StdoutLine: {'line': b'-- Up-to-date: /home/wei/fire_scout_ws/install/px4_msgs/include/px4_msgs/px4_msgs/msg/detail/magnetometer_bias_estimate__builder.hpp\n'}
[1.037133] (px4_msgs) StdoutLine: {'line': b'-- Up-to-date: /home/wei/fire_scout_ws/install/px4_msgs/include/px4_msgs/px4_msgs/msg/detail/open_drone_id_operator_id__type_support.hpp\n'}
[1.037161] (px4_msgs) StdoutLine: {'line': b'-- Up-to-date: /home/wei/fire_scout_ws/install/px4_msgs/include/px4_msgs/px4_msgs/msg/detail/rover_attitude_status__traits.hpp\n'}
[1.037189] (px4_msgs) StdoutLine: {'line': b'-- Up-to-date: /home/wei/fire_scout_ws/install/px4_msgs/include/px4_msgs/px4_msgs/msg/detail/gpio_out__traits.hpp\n'}
[1.037218] (px4_msgs) StdoutLine: {'line': b'-- Up-to-date: /home/wei/fire_scout_ws/install/px4_msgs/include/px4_msgs/px4_msgs/msg/detail/vehicle_attitude__builder.hpp\n'}
[1.037245] (px4_msgs) StdoutLine: {'line': b'-- Up-to-date: /home/wei/fire_scout_ws/install/px4_msgs/include/px4_msgs/px4_msgs/msg/detail/vtol_vehicle_status__traits.hpp\n'}
[1.037274] (px4_msgs) StdoutLine: {'line': b'-- Up-to-date: /home/wei/fire_scout_ws/install/px4_msgs/include/px4_msgs/px4_msgs/msg/detail/internal_combustion_engine_status__traits.hpp\n'}
[1.037303] (px4_msgs) StdoutLine: {'line': b'-- Up-to-date: /home/wei/fire_scout_ws/install/px4_msgs/include/px4_msgs/px4_msgs/msg/detail/vehicle_optical_flow__builder.hpp\n'}
[1.037332] (px4_msgs) StdoutLine: {'line': b'-- Up-to-date: /home/wei/fire_scout_ws/install/px4_msgs/include/px4_msgs/px4_msgs/msg/detail/vehicle_optical_flow__traits.hpp\n'}
[1.037360] (px4_msgs) StdoutLine: {'line': b'-- Up-to-date: /home/wei/fire_scout_ws/install/px4_msgs/include/px4_msgs/px4_msgs/msg/detail/vehicle_optical_flow_vel__struct.hpp\n'}
[1.037393] (px4_msgs) StdoutLine: {'line': b'-- Up-to-date: /home/wei/fire_scout_ws/install/px4_msgs/include/px4_msgs/px4_msgs/msg/detail/hover_thrust_estimate__type_support.hpp\n'}
[1.037424] (px4_msgs) StdoutLine: {'line': b'-- Up-to-date: /home/wei/fire_scout_ws/install/px4_msgs/include/px4_msgs/px4_msgs/msg/detail/task_stack_info__traits.hpp\n'}
[1.037454] (px4_msgs) StdoutLine: {'line': b'-- Up-to-date: /home/wei/fire_scout_ws/install/px4_msgs/include/px4_msgs/px4_msgs/msg/detail/magnetometer_bias_estimate__traits.hpp\n'}
[1.037482] (px4_msgs) StdoutLine: {'line': b'-- Up-to-date: /home/wei/fire_scout_ws/install/px4_msgs/include/px4_msgs/px4_msgs/msg/detail/open_drone_id_arm_status__traits.hpp\n'}
[1.037510] (px4_msgs) StdoutLine: {'line': b'-- Up-to-date: /home/wei/fire_scout_ws/install/px4_msgs/include/px4_msgs/px4_msgs/msg/detail/vehicle_angular_velocity__builder.hpp\n'}
[1.037539] (px4_msgs) StdoutLine: {'line': b'-- Up-to-date: /home/wei/fire_scout_ws/install/px4_msgs/include/px4_msgs/px4_msgs/msg/detail/mode_completed__type_support.hpp\n'}
[1.037568] (px4_msgs) StdoutLine: {'line': b'-- Up-to-date: /home/wei/fire_scout_ws/install/px4_msgs/include/px4_msgs/px4_msgs/msg/detail/sensor_gnss_status__type_support.hpp\n'}
[1.037600] (px4_msgs) StdoutLine: {'line': b'-- Up-to-date: /home/wei/fire_scout_ws/install/px4_msgs/include/px4_msgs/px4_msgs/msg/detail/ulog_stream__builder.hpp\n'}
[1.037631] (px4_msgs) StdoutLine: {'line': b'-- Up-to-date: /home/wei/fire_scout_ws/install/px4_msgs/include/px4_msgs/px4_msgs/msg/detail/mission_result__type_support.hpp\n'}
[1.037663] (px4_msgs) StdoutLine: {'line': b'-- Up-to-date: /home/wei/fire_scout_ws/install/px4_msgs/include/px4_msgs/px4_msgs/msg/detail/gimbal_manager_set_attitude__struct.hpp\n'}
[1.037694] (px4_msgs) StdoutLine: {'line': b'-- Up-to-date: /home/wei/fire_scout_ws/install/px4_msgs/include/px4_msgs/px4_msgs/msg/detail/velocity_limits__struct.hpp\n'}
[1.037725] (px4_msgs) StdoutLine: {'line': b'-- Up-to-date: /home/wei/fire_scout_ws/install/px4_msgs/include/px4_msgs/px4_msgs/msg/detail/sensor_airflow__struct.hpp\n'}
[1.037760] (px4_msgs) StdoutLine: {'line': b'-- Up-to-date: /home/wei/fire_scout_ws/install/px4_msgs/include/px4_msgs/px4_msgs/msg/detail/log_message__type_support.hpp\n'}
[1.037790] (px4_msgs) StdoutLine: {'line': b'-- Up-to-date: /home/wei/fire_scout_ws/install/px4_msgs/include/px4_msgs/px4_msgs/msg/detail/sensor_combined__struct.hpp\n'}
[1.037823] (px4_msgs) StdoutLine: {'line': b'-- Up-to-date: /home/wei/fire_scout_ws/install/px4_msgs/include/px4_msgs/px4_msgs/msg/detail/differential_pressure__traits.hpp\n'}
[1.037853] (px4_msgs) StdoutLine: {'line': b'-- Up-to-date: /home/wei/fire_scout_ws/install/px4_msgs/include/px4_msgs/px4_msgs/msg/detail/landing_target_pose__type_support.hpp\n'}
[1.037882] (px4_msgs) StdoutLine: {'line': b'-- Up-to-date: /home/wei/fire_scout_ws/install/px4_msgs/include/px4_msgs/px4_msgs/msg/detail/vehicle_imu__struct.hpp\n'}
[1.037915] (px4_msgs) StdoutLine: {'line': b'-- Up-to-date: /home/wei/fire_scout_ws/install/px4_msgs/include/px4_msgs/px4_msgs/msg/detail/actuator_motors__traits.hpp\n'}
[1.037945] (px4_msgs) StdoutLine: {'line': b'-- Up-to-date: /home/wei/fire_scout_ws/install/px4_msgs/include/px4_msgs/px4_msgs/msg/detail/vehicle_local_position_setpoint__type_support.hpp\n'}
[1.037976] (px4_msgs) StdoutLine: {'line': b'-- Up-to-date: /home/wei/fire_scout_ws/install/px4_msgs/include/px4_msgs/px4_msgs/msg/detail/rover_speed_status__struct.hpp\n'}
[1.038005] (px4_msgs) StdoutLine: {'line': b'-- Up-to-date: /home/wei/fire_scout_ws/install/px4_msgs/include/px4_msgs/px4_msgs/msg/detail/radio_status__type_support.hpp\n'}
[1.038035] (px4_msgs) StdoutLine: {'line': b'-- Up-to-date: /home/wei/fire_scout_ws/install/px4_msgs/include/px4_msgs/px4_msgs/msg/detail/rover_attitude_status__type_support.hpp\n'}
[1.038064] (px4_msgs) StdoutLine: {'line': b'-- Up-to-date: /home/wei/fire_scout_ws/install/px4_msgs/include/px4_msgs/px4_msgs/msg/detail/sensor_gps__type_support.hpp\n'}
[1.038098] (px4_msgs) StdoutLine: {'line': b'-- Up-to-date: /home/wei/fire_scout_ws/install/px4_msgs/include/px4_msgs/px4_msgs/msg/detail/gpio_out__struct.hpp\n'}
[1.038128] (px4_msgs) StdoutLine: {'line': b'-- Up-to-date: /home/wei/fire_scout_ws/install/px4_msgs/include/px4_msgs/px4_msgs/msg/detail/uavcan_parameter_value__struct.hpp\n'}
[1.038157] (px4_msgs) StdoutLine: {'line': b'-- Up-to-date: /home/wei/fire_scout_ws/install/px4_msgs/include/px4_msgs/px4_msgs/msg/detail/landing_gear__builder.hpp\n'}
[1.038189] (px4_msgs) StdoutLine: {'line': b'-- Up-to-date: /home/wei/fire_scout_ws/install/px4_msgs/include/px4_msgs/px4_msgs/msg/detail/event__traits.hpp\n'}
[1.038219] (px4_msgs) StdoutLine: {'line': b'-- Up-to-date: /home/wei/fire_scout_ws/install/px4_msgs/include/px4_msgs/px4_msgs/msg/detail/fixed_wing_longitudinal_setpoint__builder.hpp\n'}
[1.038248] (px4_msgs) StdoutLine: {'line': b'-- Up-to-date: /home/wei/fire_scout_ws/install/px4_msgs/include/px4_msgs/px4_msgs/msg/detail/orb_test_large__builder.hpp\n'}
[1.038278] (px4_msgs) StdoutLine: {'line': b'-- Up-to-date: /home/wei/fire_scout_ws/install/px4_msgs/include/px4_msgs/px4_msgs/msg/detail/vehicle_angular_acceleration_setpoint__type_support.hpp\n'}
[1.038308] (px4_msgs) StdoutLine: {'line': b'-- Up-to-date: /home/wei/fire_scout_ws/install/px4_msgs/include/px4_msgs/px4_msgs/msg/detail/dataman_request__traits.hpp\n'}
[1.038340] (px4_msgs) StdoutLine: {'line': b'-- Up-to-date: /home/wei/fire_scout_ws/install/px4_msgs/include/px4_msgs/px4_msgs/msg/detail/cpuload__type_support.hpp\n'}
[1.038374] (px4_msgs) StdoutLine: {'line': b'-- Up-to-date: /home/wei/fire_scout_ws/install/px4_msgs/include/px4_msgs/px4_msgs/msg/detail/distance_sensor__type_support.hpp\n'}
[1.038410] (px4_msgs) StdoutLine: {'line': b'-- Up-to-date: /home/wei/fire_scout_ws/install/px4_msgs/include/px4_msgs/px4_msgs/msg/detail/rtl_status__traits.hpp\n'}
[1.038444] (px4_msgs) StdoutLine: {'line': b'-- Up-to-date: /home/wei/fire_scout_ws/install/px4_msgs/include/px4_msgs/px4_msgs/msg/detail/actuator_servos_trim__traits.hpp\n'}
[1.038473] (px4_msgs) StdoutLine: {'line': b'-- Up-to-date: /home/wei/fire_scout_ws/install/px4_msgs/include/px4_msgs/px4_msgs/msg/detail/sensor_gnss_status__traits.hpp\n'}
[1.038505] (px4_msgs) StdoutLine: {'line': b'-- Up-to-date: /home/wei/fire_scout_ws/install/px4_msgs/include/px4_msgs/px4_msgs/msg/detail/orb_test_medium__type_support.hpp\n'}
[1.038538] (px4_msgs) StdoutLine: {'line': b'-- Up-to-date: /home/wei/fire_scout_ws/install/px4_msgs/include/px4_msgs/px4_msgs/msg/detail/health_report__type_support.hpp\n'}
[1.038571] (px4_msgs) StdoutLine: {'line': b'-- Up-to-date: /home/wei/fire_scout_ws/install/px4_msgs/include/px4_msgs/px4_msgs/msg/detail/parameter_set_used_request__type_support.hpp\n'}
[1.038604] (px4_msgs) StdoutLine: {'line': b'-- Up-to-date: /home/wei/fire_scout_ws/install/px4_msgs/include/px4_msgs/px4_msgs/msg/detail/open_drone_id_self_id__builder.hpp\n'}
[1.038636] (px4_msgs) StdoutLine: {'line': b'-- Up-to-date: /home/wei/fire_scout_ws/install/px4_msgs/include/px4_msgs/px4_msgs/msg/detail/manual_control_switches__type_support.hpp\n'}
[1.038669] (px4_msgs) StdoutLine: {'line': b'-- Up-to-date: /home/wei/fire_scout_ws/install/px4_msgs/include/px4_msgs/px4_msgs/msg/detail/vehicle_attitude_setpoint__type_support.hpp\n'}
[1.038702] (px4_msgs) StdoutLine: {'line': b'-- Up-to-date: /home/wei/fire_scout_ws/install/px4_msgs/include/px4_msgs/px4_msgs/msg/detail/vtol_vehicle_status__builder.hpp\n'}
[1.038732] (px4_msgs) StdoutLine: {'line': b'-- Up-to-date: /home/wei/fire_scout_ws/install/px4_msgs/include/px4_msgs/px4_msgs/msg/detail/manual_control_setpoint__traits.hpp\n'}
[1.038762] (px4_msgs) StdoutLine: {'line': b'-- Up-to-date: /home/wei/fire_scout_ws/install/px4_msgs/include/px4_msgs/px4_msgs/msg/detail/message_format_response__struct.hpp\n'}
[1.038794] (px4_msgs) StdoutLine: {'line': b'-- Up-to-date: /home/wei/fire_scout_ws/install/px4_msgs/include/px4_msgs/px4_msgs/msg/detail/rc_parameter_map__builder.hpp\n'}
[1.038824] (px4_msgs) StdoutLine: {'line': b'-- Up-to-date: /home/wei/fire_scout_ws/install/px4_msgs/include/px4_msgs/px4_msgs/msg/detail/camera_capture__type_support.hpp\n'}
[1.038853] (px4_msgs) StdoutLine: {'line': b'-- Up-to-date: /home/wei/fire_scout_ws/install/px4_msgs/include/px4_msgs/px4_msgs/msg/detail/rc_parameter_map__traits.hpp\n'}
[1.038882] (px4_msgs) StdoutLine: {'line': b'-- Up-to-date: /home/wei/fire_scout_ws/install/px4_msgs/include/px4_msgs/px4_msgs/msg/detail/sensor_mag__traits.hpp\n'}
[1.038913] (px4_msgs) StdoutLine: {'line': b'-- Up-to-date: /home/wei/fire_scout_ws/install/px4_msgs/include/px4_msgs/px4_msgs/msg/detail/sensor_gyro_fft__builder.hpp\n'}
[1.038942] (px4_msgs) StdoutLine: {'line': b'-- Up-to-date: /home/wei/fire_scout_ws/install/px4_msgs/include/px4_msgs/px4_msgs/msg/detail/message_format_response__builder.hpp\n'}
[1.038971] (px4_msgs) StdoutLine: {'line': b'-- Up-to-date: /home/wei/fire_scout_ws/install/px4_msgs/include/px4_msgs/px4_msgs/msg/detail/fixed_wing_runway_control__builder.hpp\n'}
[1.039001] (px4_msgs) StdoutLine: {'line': b'-- Up-to-date: /home/wei/fire_scout_ws/install/px4_msgs/include/px4_msgs/px4_msgs/msg/detail/vehicle_status__builder.hpp\n'}
[1.039030] (px4_msgs) StdoutLine: {'line': b'-- Up-to-date: /home/wei/fire_scout_ws/install/px4_msgs/include/px4_msgs/px4_msgs/msg/detail/collision_constraints__type_support.hpp\n'}
[1.039058] (px4_msgs) StdoutLine: {'line': b'-- Up-to-date: /home/wei/fire_scout_ws/install/px4_msgs/include/px4_msgs/px4_msgs/msg/detail/sensor_gnss_relative__builder.hpp\n'}
[1.039087] (px4_msgs) StdoutLine: {'line': b'-- Up-to-date: /home/wei/fire_scout_ws/install/px4_msgs/include/px4_msgs/px4_msgs/msg/detail/battery_info__traits.hpp\n'}
[1.039122] (px4_msgs) StdoutLine: {'line': b'-- Up-to-date: /home/wei/fire_scout_ws/install/px4_msgs/include/px4_msgs/px4_msgs/msg/detail/position_controller_landing_status__type_support.hpp\n'}
[1.039151] (px4_msgs) StdoutLine: {'line': b'-- Up-to-date: /home/wei/fire_scout_ws/install/px4_msgs/include/px4_msgs/px4_msgs/msg/detail/heater_status__type_support.hpp\n'}
[1.039180] (px4_msgs) StdoutLine: {'line': b'-- Up-to-date: /home/wei/fire_scout_ws/install/px4_msgs/include/px4_msgs/px4_msgs/msg/detail/estimator_innovations__builder.hpp\n'}
[1.039208] (px4_msgs) StdoutLine: {'line': b'-- Up-to-date: /home/wei/fire_scout_ws/install/px4_msgs/include/px4_msgs/px4_msgs/msg/detail/internal_combustion_engine_status__type_support.hpp\n'}
[1.039237] (px4_msgs) StdoutLine: {'line': b'-- Up-to-date: /home/wei/fire_scout_ws/install/px4_msgs/include/px4_msgs/px4_msgs/msg/detail/vehicle_constraints__builder.hpp\n'}
[1.039267] (px4_msgs) StdoutLine: {'line': b'-- Up-to-date: /home/wei/fire_scout_ws/install/px4_msgs/include/px4_msgs/px4_msgs/msg/detail/sensor_preflight_mag__builder.hpp\n'}
[1.039296] (px4_msgs) StdoutLine: {'line': b'-- Up-to-date: /home/wei/fire_scout_ws/install/px4_msgs/include/px4_msgs/px4_msgs/msg/detail/failsafe_flags__traits.hpp\n'}
[1.039324] (px4_msgs) StdoutLine: {'line': b'-- Up-to-date: /home/wei/fire_scout_ws/install/px4_msgs/include/px4_msgs/px4_msgs/msg/detail/sensor_mag__struct.hpp\n'}
[1.039353] (px4_msgs) StdoutLine: {'line': b'-- Up-to-date: /home/wei/fire_scout_ws/install/px4_msgs/include/px4_msgs/px4_msgs/msg/detail/pps_capture__traits.hpp\n'}
[1.039385] (px4_msgs) StdoutLine: {'line': b'-- Up-to-date: /home/wei/fire_scout_ws/install/px4_msgs/include/px4_msgs/px4_msgs/msg/detail/vehicle_attitude__struct.hpp\n'}
[1.039416] (px4_msgs) StdoutLine: {'line': b'-- Up-to-date: /home/wei/fire_scout_ws/install/px4_msgs/include/px4_msgs/px4_msgs/msg/detail/gimbal_device_attitude_status__builder.hpp\n'}
[1.039445] (px4_msgs) StdoutLine: {'line': b'-- Up-to-date: /home/wei/fire_scout_ws/install/px4_msgs/include/px4_msgs/px4_msgs/msg/detail/sensor_gps__builder.hpp\n'}
[1.039474] (px4_msgs) StdoutLine: {'line': b'-- Up-to-date: /home/wei/fire_scout_ws/install/px4_msgs/include/px4_msgs/px4_msgs/msg/detail/unregister_ext_component__traits.hpp\n'}
[1.039503] (px4_msgs) StdoutLine: {'line': b'-- Up-to-date: /home/wei/fire_scout_ws/install/px4_msgs/include/px4_msgs/px4_msgs/msg/detail/tune_control__builder.hpp\n'}
[1.039545] (px4_msgs) StdoutLine: {'line': b'-- Up-to-date: /home/wei/fire_scout_ws/install/px4_msgs/include/px4_msgs/px4_msgs/msg/detail/vehicle_command_ack__type_support.hpp\n'}
[1.039578] (px4_msgs) StdoutLine: {'line': b'-- Up-to-date: /home/wei/fire_scout_ws/install/px4_msgs/include/px4_msgs/px4_msgs/msg/detail/failure_detector_status__type_support.hpp\n'}
[1.039613] (px4_msgs) StdoutLine: {'line': b'-- Up-to-date: /home/wei/fire_scout_ws/install/px4_msgs/include/px4_msgs/px4_msgs/msg/detail/cellular_status__type_support.hpp\n'}
[1.039647] (px4_msgs) StdoutLine: {'line': b'-- Up-to-date: /home/wei/fire_scout_ws/install/px4_msgs/include/px4_msgs/px4_msgs/msg/detail/figure_eight_status__traits.hpp\n'}
[1.039681] (px4_msgs) StdoutLine: {'line': b'-- Up-to-date: /home/wei/fire_scout_ws/install/px4_msgs/include/px4_msgs/px4_msgs/msg/detail/vehicle_magnetometer__traits.hpp\n'}
[1.039715] (px4_msgs) StdoutLine: {'line': b'-- Up-to-date: /home/wei/fire_scout_ws/install/px4_msgs/include/px4_msgs/px4_msgs/msg/detail/vehicle_optical_flow_vel__builder.hpp\n'}
[1.039749] (px4_msgs) StdoutLine: {'line': b'-- Up-to-date: /home/wei/fire_scout_ws/install/px4_msgs/include/px4_msgs/px4_msgs/msg/detail/airspeed_wind__traits.hpp\n'}
[1.039781] (px4_msgs) StdoutLine: {'line': b'-- Up-to-date: /home/wei/fire_scout_ws/install/px4_msgs/include/px4_msgs/px4_msgs/msg/detail/estimator_innovations__traits.hpp\n'}
[1.039813] (px4_msgs) StdoutLine: {'line': b'-- Up-to-date: /home/wei/fire_scout_ws/install/px4_msgs/include/px4_msgs/px4_msgs/msg/detail/landing_target_innovations__struct.hpp\n'}
[1.039845] (px4_msgs) StdoutLine: {'line': b'-- Up-to-date: /home/wei/fire_scout_ws/install/px4_msgs/include/px4_msgs/px4_msgs/msg/detail/telemetry_status__traits.hpp\n'}
[1.039878] (px4_msgs) StdoutLine: {'line': b'-- Up-to-date: /home/wei/fire_scout_ws/install/px4_msgs/include/px4_msgs/px4_msgs/msg/detail/actuator_servos_trim__type_support.hpp\n'}
[1.039910] (px4_msgs) StdoutLine: {'line': b'-- Up-to-date: /home/wei/fire_scout_ws/install/px4_msgs/include/px4_msgs/px4_msgs/msg/detail/open_drone_id_system__type_support.hpp\n'}
[1.039941] (px4_msgs) StdoutLine: {'line': b'-- Up-to-date: /home/wei/fire_scout_ws/install/px4_msgs/include/px4_msgs/px4_msgs/msg/detail/estimator_aid_source2d__type_support.hpp\n'}
[1.039972] (px4_msgs) StdoutLine: {'line': b'-- Up-to-date: /home/wei/fire_scout_ws/install/px4_msgs/include/px4_msgs/px4_msgs/msg/detail/estimator_event_flags__builder.hpp\n'}
[1.040004] (px4_msgs) StdoutLine: {'line': b'-- Up-to-date: /home/wei/fire_scout_ws/install/px4_msgs/include/px4_msgs/px4_msgs/msg/detail/system_power__builder.hpp\n'}
[1.040036] (px4_msgs) StdoutLine: {'line': b'-- Up-to-date: /home/wei/fire_scout_ws/install/px4_msgs/include/px4_msgs/px4_msgs/msg/detail/navigator_status__traits.hpp\n'}
[1.040067] (px4_msgs) StdoutLine: {'line': b'-- Up-to-date: /home/wei/fire_scout_ws/install/px4_msgs/include/px4_msgs/px4_msgs/msg/detail/sensor_hygrometer__builder.hpp\n'}
[1.040098] (px4_msgs) StdoutLine: {'line': b'-- Up-to-date: /home/wei/fire_scout_ws/install/px4_msgs/include/px4_msgs/px4_msgs/msg/detail/parameter_set_value_request__builder.hpp\n'}
[1.040138] (px4_msgs) StdoutLine: {'line': b'-- Up-to-date: /home/wei/fire_scout_ws/install/px4_msgs/include/px4_msgs/px4_msgs/msg/detail/register_ext_component_request__traits.hpp\n'}
[1.040168] (px4_msgs) StdoutLine: {'line': b'-- Up-to-date: /home/wei/fire_scout_ws/install/px4_msgs/include/px4_msgs/px4_msgs/msg/detail/actuator_controls_status__builder.hpp\n'}
[1.040198] (px4_msgs) StdoutLine: {'line': b'-- Up-to-date: /home/wei/fire_scout_ws/install/px4_msgs/include/px4_msgs/px4_msgs/msg/detail/ulog_stream__traits.hpp\n'}
[1.040228] (px4_msgs) StdoutLine: {'line': b'-- Up-to-date: /home/wei/fire_scout_ws/install/px4_msgs/include/px4_msgs/px4_msgs/msg/detail/tiltrotor_extra_controls__struct.hpp\n'}
[1.040260] (px4_msgs) StdoutLine: {'line': b'-- Up-to-date: /home/wei/fire_scout_ws/install/px4_msgs/include/px4_msgs/px4_msgs/msg/detail/orbit_status__type_support.hpp\n'}
[1.040291] (px4_msgs) StdoutLine: {'line': b'-- Up-to-date: /home/wei/fire_scout_ws/install/px4_msgs/include/px4_msgs/px4_msgs/msg/detail/actuator_controls_status__type_support.hpp\n'}
[1.040324] (px4_msgs) StdoutLine: {'line': b'-- Up-to-date: /home/wei/fire_scout_ws/install/px4_msgs/include/px4_msgs/px4_msgs/msg/detail/gimbal_manager_set_manual_control__type_support.hpp\n'}
[1.040361] (px4_msgs) StdoutLine: {'line': b'-- Up-to-date: /home/wei/fire_scout_ws/install/px4_msgs/include/px4_msgs/px4_msgs/msg/detail/estimator_bias3d__traits.hpp\n'}
[1.040402] (px4_msgs) StdoutLine: {'line': b'-- Up-to-date: /home/wei/fire_scout_ws/install/px4_msgs/include/px4_msgs/px4_msgs/msg/detail/mag_worker_data__traits.hpp\n'}
[1.040438] (px4_msgs) StdoutLine: {'line': b'-- Up-to-date: /home/wei/fire_scout_ws/install/px4_msgs/include/px4_msgs/px4_msgs/msg/detail/power_button_state__builder.hpp\n'}
[1.040473] (px4_msgs) StdoutLine: {'line': b'-- Up-to-date: /home/wei/fire_scout_ws/install/px4_msgs/include/px4_msgs/px4_msgs/msg/detail/vtol_vehicle_status__struct.hpp\n'}
[1.040512] (px4_msgs) StdoutLine: {'line': b'-- Up-to-date: /home/wei/fire_scout_ws/install/px4_msgs/include/px4_msgs/px4_msgs/msg/detail/rover_rate_setpoint__builder.hpp\n'}
[1.040550] (px4_msgs) StdoutLine: {'line': b'-- Up-to-date: /home/wei/fire_scout_ws/install/px4_msgs/include/px4_msgs/px4_msgs/msg/detail/telemetry_status__builder.hpp\n'}
[1.040588] (px4_msgs) StdoutLine: {'line': b'-- Up-to-date: /home/wei/fire_scout_ws/install/px4_msgs/include/px4_msgs/px4_msgs/msg/detail/register_ext_component_reply__builder.hpp\n'}
[1.040627] (px4_msgs) StdoutLine: {'line': b'-- Up-to-date: /home/wei/fire_scout_ws/install/px4_msgs/include/px4_msgs/px4_msgs/msg/detail/sensor_gyro_fifo__type_support.hpp\n'}
[1.040667] (px4_msgs) StdoutLine: {'line': b'-- Up-to-date: /home/wei/fire_scout_ws/install/px4_msgs/include/px4_msgs/px4_msgs/msg/detail/distance_sensor__builder.hpp\n'}
[1.040701] (px4_msgs) StdoutLine: {'line': b'-- Up-to-date: /home/wei/fire_scout_ws/install/px4_msgs/include/px4_msgs/px4_msgs/msg/detail/rc_parameter_map__type_support.hpp\n'}
[1.040737] (px4_msgs) StdoutLine: {'line': b'-- Up-to-date: /home/wei/fire_scout_ws/install/px4_msgs/include/px4_msgs/px4_msgs/msg/detail/estimator_event_flags__type_support.hpp\n'}
[1.040775] (px4_msgs) StdoutLine: {'line': b'-- Up-to-date: /home/wei/fire_scout_ws/install/px4_msgs/include/px4_msgs/px4_msgs/msg/detail/mag_worker_data__struct.hpp\n'}
[1.040807] (px4_msgs) StdoutLine: {'line': b'-- Up-to-date: /home/wei/fire_scout_ws/install/px4_msgs/include/px4_msgs/px4_msgs/msg/detail/airspeed_validated__type_support.hpp\n'}
[1.040839] (px4_msgs) StdoutLine: {'line': b'-- Up-to-date: /home/wei/fire_scout_ws/install/px4_msgs/include/px4_msgs/px4_msgs/msg/detail/parameter_reset_request__type_support.hpp\n'}
[1.040872] (px4_msgs) StdoutLine: {'line': b'-- Up-to-date: /home/wei/fire_scout_ws/install/px4_msgs/include/px4_msgs/px4_msgs/msg/detail/transponder_report__builder.hpp\n'}
[1.040903] (px4_msgs) StdoutLine: {'line': b'-- Up-to-date: /home/wei/fire_scout_ws/install/px4_msgs/include/px4_msgs/px4_msgs/msg/detail/pure_pursuit_status__struct.hpp\n'}
[1.040934] (px4_msgs) StdoutLine: {'line': b'-- Up-to-date: /home/wei/fire_scout_ws/install/px4_msgs/include/px4_msgs/px4_msgs/msg/detail/action_request__struct.hpp\n'}
[1.040964] (px4_msgs) StdoutLine: {'line': b'-- Up-to-date: /home/wei/fire_scout_ws/install/px4_msgs/include/px4_msgs/px4_msgs/msg/detail/actuator_motors__struct.hpp\n'}
[1.040994] (px4_msgs) StdoutLine: {'line': b'-- Up-to-date: /home/wei/fire_scout_ws/install/px4_msgs/include/px4_msgs/px4_msgs/msg/detail/uavcan_parameter_request__struct.hpp\n'}
[1.041025] (px4_msgs) StdoutLine: {'line': b'-- Up-to-date: /home/wei/fire_scout_ws/install/px4_msgs/include/px4_msgs/px4_msgs/msg/detail/vehicle_control_mode__struct.hpp\n'}
[1.041055] (px4_msgs) StdoutLine: {'line': b'-- Up-to-date: /home/wei/fire_scout_ws/install/px4_msgs/include/px4_msgs/px4_msgs/msg/detail/gimbal_controls__struct.hpp\n'}
[1.041085] (px4_msgs) StdoutLine: {'line': b'-- Up-to-date: /home/wei/fire_scout_ws/install/px4_msgs/include/px4_msgs/px4_msgs/msg/detail/vehicle_odometry__type_support.hpp\n'}
[1.041115] (px4_msgs) StdoutLine: {'line': b'-- Up-to-date: /home/wei/fire_scout_ws/install/px4_msgs/include/px4_msgs/px4_msgs/msg/detail/can_interface_status__type_support.hpp\n'}
[1.041146] (px4_msgs) StdoutLine: {'line': b'-- Up-to-date: /home/wei/fire_scout_ws/install/px4_msgs/include/px4_msgs/px4_msgs/msg/detail/open_drone_id_system__traits.hpp\n'}
[1.041179] (px4_msgs) StdoutLine: {'line': b'-- Up-to-date: /home/wei/fire_scout_ws/install/px4_msgs/include/px4_msgs/px4_msgs/msg/detail/led_control__struct.hpp\n'}
[1.041214] (px4_msgs) StdoutLine: {'line': b'-- Up-to-date: /home/wei/fire_scout_ws/install/px4_msgs/include/px4_msgs/px4_msgs/msg/detail/actuator_servos_trim__struct.hpp\n'}
[1.041249] (px4_msgs) StdoutLine: {'line': b'-- Up-to-date: /home/wei/fire_scout_ws/install/px4_msgs/include/px4_msgs/px4_msgs/msg/detail/vehicle_thrust_setpoint__struct.hpp\n'}
[1.041283] (px4_msgs) StdoutLine: {'line': b'-- Up-to-date: /home/wei/fire_scout_ws/install/px4_msgs/include/px4_msgs/px4_msgs/msg/detail/rover_position_setpoint__traits.hpp\n'}
[1.041316] (px4_msgs) StdoutLine: {'line': b'-- Up-to-date: /home/wei/fire_scout_ws/install/px4_msgs/include/px4_msgs/px4_msgs/msg/detail/gimbal_manager_set_attitude__traits.hpp\n'}
[1.041352] (px4_msgs) StdoutLine: {'line': b'-- Up-to-date: /home/wei/fire_scout_ws/install/px4_msgs/include/px4_msgs/px4_msgs/msg/detail/flight_phase_estimation__struct.hpp\n'}
[1.041391] (px4_msgs) StdoutLine: {'line': b'-- Up-to-date: /home/wei/fire_scout_ws/install/px4_msgs/include/px4_msgs/px4_msgs/msg/detail/differential_pressure__type_support.hpp\n'}
[1.041426] (px4_msgs) StdoutLine: {'line': b'-- Up-to-date: /home/wei/fire_scout_ws/install/px4_msgs/include/px4_msgs/px4_msgs/msg/detail/follow_target_status__type_support.hpp\n'}
[1.041460] (px4_msgs) StdoutLine: {'line': b'-- Up-to-date: /home/wei/fire_scout_ws/install/px4_msgs/include/px4_msgs/px4_msgs/msg/detail/wheel_encoders__type_support.hpp\n'}
[1.041500] (px4_msgs) StdoutLine: {'line': b'-- Up-to-date: /home/wei/fire_scout_ws/install/px4_msgs/include/px4_msgs/px4_msgs/msg/detail/airspeed__builder.hpp\n'}
[1.041534] (px4_msgs) StdoutLine: {'line': b'-- Up-to-date: /home/wei/fire_scout_ws/install/px4_msgs/include/px4_msgs/px4_msgs/msg/detail/actuator_armed__type_support.hpp\n'}
[1.041568] (px4_msgs) StdoutLine: {'line': b'-- Up-to-date: /home/wei/fire_scout_ws/install/px4_msgs/include/px4_msgs/px4_msgs/msg/detail/vehicle_thrust_setpoint__traits.hpp\n'}
[1.041604] (px4_msgs) StdoutLine: {'line': b'-- Up-to-date: /home/wei/fire_scout_ws/install/px4_msgs/include/px4_msgs/px4_msgs/msg/detail/sensor_correction__struct.hpp\n'}
[1.041639] (px4_msgs) StdoutLine: {'line': b'-- Up-to-date: /home/wei/fire_scout_ws/install/px4_msgs/include/px4_msgs/px4_msgs/msg/detail/vehicle_constraints__type_support.hpp\n'}
[1.041675] (px4_msgs) StdoutLine: {'line': b'-- Up-to-date: /home/wei/fire_scout_ws/install/px4_msgs/include/px4_msgs/px4_msgs/msg/detail/collision_constraints__traits.hpp\n'}
[1.041712] (px4_msgs) StdoutLine: {'line': b'-- Up-to-date: /home/wei/fire_scout_ws/install/px4_msgs/include/px4_msgs/px4_msgs/msg/detail/launch_detection_status__builder.hpp\n'}
[1.041753] (px4_msgs) StdoutLine: {'line': b'-- Up-to-date: /home/wei/fire_scout_ws/install/px4_msgs/include/px4_msgs/px4_msgs/msg/detail/wheel_encoders__traits.hpp\n'}
[1.041787] (px4_msgs) StdoutLine: {'line': b'-- Up-to-date: /home/wei/fire_scout_ws/install/px4_msgs/include/px4_msgs/px4_msgs/msg/detail/actuator_armed__traits.hpp\n'}
[1.041822] (px4_msgs) StdoutLine: {'line': b'-- Up-to-date: /home/wei/fire_scout_ws/install/px4_msgs/include/px4_msgs/px4_msgs/msg/detail/esc_status__struct.hpp\n'}
[1.041857] (px4_msgs) StdoutLine: {'line': b'-- Up-to-date: /home/wei/fire_scout_ws/install/px4_msgs/include/px4_msgs/px4_msgs/msg/detail/gps_inject_data__struct.hpp\n'}
[1.041891] (px4_msgs) StdoutLine: {'line': b'-- Up-to-date: /home/wei/fire_scout_ws/install/px4_msgs/include/px4_msgs/px4_msgs/msg/detail/esc_status__traits.hpp\n'}
[1.041925] (px4_msgs) StdoutLine: {'line': b'-- Up-to-date: /home/wei/fire_scout_ws/install/px4_msgs/include/px4_msgs/px4_msgs/msg/detail/orb_test_large__traits.hpp\n'}
[1.041958] (px4_msgs) StdoutLine: {'line': b'-- Up-to-date: /home/wei/fire_scout_ws/install/px4_msgs/include/px4_msgs/px4_msgs/msg/detail/gimbal_device_information__traits.hpp\n'}
[1.041998] (px4_msgs) StdoutLine: {'line': b'-- Up-to-date: /home/wei/fire_scout_ws/install/px4_msgs/include/px4_msgs/px4_msgs/msg/detail/sensor_selection__traits.hpp\n'}
[1.042031] (px4_msgs) StdoutLine: {'line': b'-- Up-to-date: /home/wei/fire_scout_ws/install/px4_msgs/include/px4_msgs/px4_msgs/msg/detail/log_message__struct.hpp\n'}
[1.042063] (px4_msgs) StdoutLine: {'line': b'-- Up-to-date: /home/wei/fire_scout_ws/install/px4_msgs/include/px4_msgs/px4_msgs/msg/detail/failsafe_flags__type_support.hpp\n'}
[1.042096] (px4_msgs) StdoutLine: {'line': b'-- Up-to-date: /home/wei/fire_scout_ws/install/px4_msgs/include/px4_msgs/px4_msgs/msg/detail/follow_target_estimator__struct.hpp\n'}
[1.042129] (px4_msgs) StdoutLine: {'line': b'-- Up-to-date: /home/wei/fire_scout_ws/install/px4_msgs/include/px4_msgs/px4_msgs/msg/detail/logger_status__struct.hpp\n'}
[1.042172] (px4_msgs) StdoutLine: {'line': b'-- Up-to-date: /home/wei/fire_scout_ws/install/px4_msgs/include/px4_msgs/px4_msgs/msg/detail/gimbal_controls__type_support.hpp\n'}
[1.042207] (px4_msgs) StdoutLine: {'line': b'-- Up-to-date: /home/wei/fire_scout_ws/install/px4_msgs/include/px4_msgs/px4_msgs/msg/detail/debug_vect__struct.hpp\n'}
[1.042244] (px4_msgs) StdoutLine: {'line': b'-- Up-to-date: /home/wei/fire_scout_ws/install/px4_msgs/include/px4_msgs/px4_msgs/msg/detail/parameter_set_value_response__type_support.hpp\n'}
[1.042281] (px4_msgs) StdoutLine: {'line': b'-- Up-to-date: /home/wei/fire_scout_ws/install/px4_msgs/include/px4_msgs/px4_msgs/msg/detail/fixed_wing_lateral_setpoint__builder.hpp\n'}
[1.042313] (px4_msgs) StdoutLine: {'line': b'-- Up-to-date: /home/wei/fire_scout_ws/install/px4_msgs/include/px4_msgs/px4_msgs/msg/detail/vehicle_acceleration__type_support.hpp\n'}
[1.042350] (px4_msgs) StdoutLine: {'line': b'-- Up-to-date: /home/wei/fire_scout_ws/install/px4_msgs/include/px4_msgs/px4_msgs/msg/detail/neural_control__struct.hpp\n'}
[1.042394] (px4_msgs) StdoutLine: {'line': b'-- Up-to-date: /home/wei/fire_scout_ws/install/px4_msgs/include/px4_msgs/px4_msgs/msg/detail/iridiumsbd_status__builder.hpp\n'}
[1.042428] (px4_msgs) StdoutLine: {'line': b'-- Up-to-date: /home/wei/fire_scout_ws/install/px4_msgs/include/px4_msgs/px4_msgs/msg/detail/parameter_update__struct.hpp\n'}
[1.042460] (px4_msgs) StdoutLine: {'line': b'-- Up-to-date: /home/wei/fire_scout_ws/install/px4_msgs/include/px4_msgs/px4_msgs/msg/detail/onboard_computer_status__type_support.hpp\n'}
[1.042492] (px4_msgs) StdoutLine: {'line': b'-- Up-to-date: /home/wei/fire_scout_ws/install/px4_msgs/include/px4_msgs/px4_msgs/msg/detail/gimbal_manager_set_attitude__type_support.hpp\n'}
[1.042528] (px4_msgs) StdoutLine: {'line': b'-- Up-to-date: /home/wei/fire_scout_ws/install/px4_msgs/include/px4_msgs/px4_msgs/msg/detail/vehicle_acceleration__builder.hpp\n'}
[1.042562] (px4_msgs) StdoutLine: {'line': b'-- Up-to-date: /home/wei/fire_scout_ws/install/px4_msgs/include/px4_msgs/px4_msgs/msg/detail/landing_gear_wheel__struct.hpp\n'}
[1.042598] (px4_msgs) StdoutLine: {'line': b'-- Up-to-date: /home/wei/fire_scout_ws/install/px4_msgs/include/px4_msgs/px4_msgs/msg/detail/power_monitor__type_support.hpp\n'}
[1.042634] (px4_msgs) StdoutLine: {'line': b'-- Up-to-date: /home/wei/fire_scout_ws/install/px4_msgs/include/px4_msgs/px4_msgs/msg/detail/fixed_wing_lateral_guidance_status__struct.hpp\n'}
[1.042669] (px4_msgs) StdoutLine: {'line': b'-- Up-to-date: /home/wei/fire_scout_ws/install/px4_msgs/include/px4_msgs/px4_msgs/msg/detail/heater_status__builder.hpp\n'}
[1.042723] (px4_msgs) StdoutLine: {'line': b'-- Up-to-date: /home/wei/fire_scout_ws/install/px4_msgs/include/px4_msgs/px4_msgs/msg/detail/register_ext_component_reply__traits.hpp\n'}
[1.042759] (px4_msgs) StdoutLine: {'line': b'-- Up-to-date: /home/wei/fire_scout_ws/install/px4_msgs/include/px4_msgs/px4_msgs/msg/detail/rover_attitude_setpoint__traits.hpp\n'}
[1.042794] (px4_msgs) StdoutLine: {'line': b'-- Up-to-date: /home/wei/fire_scout_ws/install/px4_msgs/include/px4_msgs/px4_msgs/msg/detail/estimator_aid_source1d__type_support.hpp\n'}
[1.042827] (px4_msgs) StdoutLine: {'line': b'-- Up-to-date: /home/wei/fire_scout_ws/install/px4_msgs/include/px4_msgs/px4_msgs/msg/detail/rate_ctrl_status__type_support.hpp\n'}
[1.042858] (px4_msgs) StdoutLine: {'line': b'-- Up-to-date: /home/wei/fire_scout_ws/install/px4_msgs/include/px4_msgs/px4_msgs/msg/detail/parameter_set_value_request__type_support.hpp\n'}
[1.042891] (px4_msgs) StdoutLine: {'line': b'-- Up-to-date: /home/wei/fire_scout_ws/install/px4_msgs/include/px4_msgs/px4_msgs/msg/detail/button_event__traits.hpp\n'}
[1.042923] (px4_msgs) StdoutLine: {'line': b'-- Up-to-date: /home/wei/fire_scout_ws/install/px4_msgs/include/px4_msgs/px4_msgs/msg/detail/log_message__traits.hpp\n'}
[1.042954] (px4_msgs) StdoutLine: {'line': b'-- Up-to-date: /home/wei/fire_scout_ws/install/px4_msgs/include/px4_msgs/px4_msgs/msg/detail/debug_vect__type_support.hpp\n'}
[1.042987] (px4_msgs) StdoutLine: {'line': b'-- Up-to-date: /home/wei/fire_scout_ws/install/px4_msgs/include/px4_msgs/px4_msgs/msg/detail/vehicle_control_mode__builder.hpp\n'}
[1.043017] (px4_msgs) StdoutLine: {'line': b'-- Up-to-date: /home/wei/fire_scout_ws/install/px4_msgs/include/px4_msgs/px4_msgs/msg/detail/rtl_status__type_support.hpp\n'}
[1.043048] (px4_msgs) StdoutLine: {'line': b'-- Up-to-date: /home/wei/fire_scout_ws/install/px4_msgs/include/px4_msgs/px4_msgs/msg/detail/estimator_event_flags__traits.hpp\n'}
[1.043078] (px4_msgs) StdoutLine: {'line': b'-- Up-to-date: /home/wei/fire_scout_ws/install/px4_msgs/include/px4_msgs/px4_msgs/msg/detail/gpio_config__builder.hpp\n'}
[1.043108] (px4_msgs) StdoutLine: {'line': b'-- Up-to-date: /home/wei/fire_scout_ws/install/px4_msgs/include/px4_msgs/px4_msgs/msg/detail/internal_combustion_engine_control__type_support.hpp\n'}
[1.043138] (px4_msgs) StdoutLine: {'line': b'-- Up-to-date: /home/wei/fire_scout_ws/install/px4_msgs/include/px4_msgs/px4_msgs/msg/detail/position_setpoint__builder.hpp\n'}
[1.043169] (px4_msgs) StdoutLine: {'line': b'-- Up-to-date: /home/wei/fire_scout_ws/install/px4_msgs/include/px4_msgs/px4_msgs/msg/detail/gpio_request__builder.hpp\n'}
[1.043200] (px4_msgs) StdoutLine: {'line': b'-- Up-to-date: /home/wei/fire_scout_ws/install/px4_msgs/include/px4_msgs/px4_msgs/msg/detail/velocity_limits__type_support.hpp\n'}
[1.043230] (px4_msgs) StdoutLine: {'line': b'-- Up-to-date: /home/wei/fire_scout_ws/install/px4_msgs/include/px4_msgs/px4_msgs/msg/detail/lateral_control_configuration__traits.hpp\n'}
[1.043262] (px4_msgs) StdoutLine: {'line': b'-- Up-to-date: /home/wei/fire_scout_ws/install/px4_msgs/include/px4_msgs/px4_msgs/msg/detail/follow_target__traits.hpp\n'}
[1.043292] (px4_msgs) StdoutLine: {'line': b'-- Up-to-date: /home/wei/fire_scout_ws/install/px4_msgs/include/px4_msgs/px4_msgs/msg/detail/qshell_retval__traits.hpp\n'}
[1.043325] (px4_msgs) StdoutLine: {'line': b'-- Up-to-date: /home/wei/fire_scout_ws/install/px4_msgs/include/px4_msgs/px4_msgs/msg/detail/dataman_request__type_support.hpp\n'}
[1.043359] (px4_msgs) StdoutLine: {'line': b'-- Up-to-date: /home/wei/fire_scout_ws/install/px4_msgs/include/px4_msgs/px4_msgs/msg/detail/gimbal_manager_information__builder.hpp\n'}
[1.043395] (px4_msgs) StdoutLine: {'line': b'-- Up-to-date: /home/wei/fire_scout_ws/install/px4_msgs/include/px4_msgs/px4_msgs/msg/detail/adc_report__type_support.hpp\n'}
[1.043432] (px4_msgs) StdoutLine: {'line': b'-- Up-to-date: /home/wei/fire_scout_ws/install/px4_msgs/include/px4_msgs/px4_msgs/msg/detail/uavcan_parameter_value__builder.hpp\n'}
[1.043470] (px4_msgs) StdoutLine: {'line': b'-- Up-to-date: /home/wei/fire_scout_ws/install/px4_msgs/include/px4_msgs/px4_msgs/msg/detail/cpuload__struct.hpp\n'}
[1.043504] (px4_msgs) StdoutLine: {'line': b'-- Up-to-date: /home/wei/fire_scout_ws/install/px4_msgs/include/px4_msgs/px4_msgs/msg/detail/vehicle_global_position__type_support.hpp\n'}
[1.043536] (px4_msgs) StdoutLine: {'line': b'-- Up-to-date: /home/wei/fire_scout_ws/install/px4_msgs/include/px4_msgs/px4_msgs/msg/detail/can_interface_status__builder.hpp\n'}
[1.043569] (px4_msgs) StdoutLine: {'line': b'-- Up-to-date: /home/wei/fire_scout_ws/install/px4_msgs/include/px4_msgs/px4_msgs/msg/detail/gimbal_device_set_attitude__traits.hpp\n'}
[1.043603] (px4_msgs) StdoutLine: {'line': b'-- Up-to-date: /home/wei/fire_scout_ws/install/px4_msgs/include/px4_msgs/px4_msgs/msg/detail/vehicle_status__struct.hpp\n'}
[1.043636] (px4_msgs) StdoutLine: {'line': b'-- Up-to-date: /home/wei/fire_scout_ws/install/px4_msgs/include/px4_msgs/px4_msgs/msg/detail/gpio_request__traits.hpp\n'}
[1.043667] (px4_msgs) StdoutLine: {'line': b'-- Up-to-date: /home/wei/fire_scout_ws/install/px4_msgs/include/px4_msgs/px4_msgs/msg/detail/rover_throttle_setpoint__traits.hpp\n'}
[1.043700] (px4_msgs) StdoutLine: {'line': b'-- Up-to-date: /home/wei/fire_scout_ws/install/px4_msgs/include/px4_msgs/px4_msgs/msg/detail/manual_control_switches__struct.hpp\n'}
[1.043732] (px4_msgs) StdoutLine: {'line': b'-- Up-to-date: /home/wei/fire_scout_ws/install/px4_msgs/include/px4_msgs/px4_msgs/msg/detail/timesync_status__struct.hpp\n'}
[1.043764] (px4_msgs) StdoutLine: {'line': b'-- Up-to-date: /home/wei/fire_scout_ws/install/px4_msgs/include/px4_msgs/px4_msgs/msg/detail/vtol_vehicle_status__type_support.hpp\n'}
[1.043796] (px4_msgs) StdoutLine: {'line': b'-- Up-to-date: /home/wei/fire_scout_ws/install/px4_msgs/include/px4_msgs/px4_msgs/msg/detail/estimator_aid_source3d__traits.hpp\n'}
[1.043830] (px4_msgs) StdoutLine: {'line': b'-- Up-to-date: /home/wei/fire_scout_ws/install/px4_msgs/include/px4_msgs/px4_msgs/msg/detail/sensor_gyro__struct.hpp\n'}
[1.043862] (px4_msgs) StdoutLine: {'line': b'-- Up-to-date: /home/wei/fire_scout_ws/install/px4_msgs/include/px4_msgs/px4_msgs/msg/detail/sensor_baro__struct.hpp\n'}
[1.043894] (px4_msgs) StdoutLine: {'line': b'-- Up-to-date: /home/wei/fire_scout_ws/install/px4_msgs/include/px4_msgs/px4_msgs/msg/detail/actuator_servos__struct.hpp\n'}
[1.043928] (px4_msgs) StdoutLine: {'line': b'-- Up-to-date: /home/wei/fire_scout_ws/install/px4_msgs/include/px4_msgs/px4_msgs/msg/detail/airspeed_validated__struct.hpp\n'}
[1.043963] (px4_msgs) StdoutLine: {'line': b'-- Up-to-date: /home/wei/fire_scout_ws/install/px4_msgs/include/px4_msgs/px4_msgs/msg/detail/landing_gear__struct.hpp\n'}
[1.043997] (px4_msgs) StdoutLine: {'line': b'-- Up-to-date: /home/wei/fire_scout_ws/install/px4_msgs/include/px4_msgs/px4_msgs/msg/detail/manual_control_setpoint__builder.hpp\n'}
[1.044031] (px4_msgs) StdoutLine: {'line': b'-- Up-to-date: /home/wei/fire_scout_ws/install/px4_msgs/include/px4_msgs/px4_msgs/msg/detail/arming_check_reply__traits.hpp\n'}
[1.044065] (px4_msgs) StdoutLine: {'line': b'-- Up-to-date: /home/wei/fire_scout_ws/install/px4_msgs/include/px4_msgs/px4_msgs/msg/detail/wind__type_support.hpp\n'}
[1.044099] (px4_msgs) StdoutLine: {'line': b'-- Up-to-date: /home/wei/fire_scout_ws/install/px4_msgs/include/px4_msgs/px4_msgs/msg/detail/rover_rate_setpoint__traits.hpp\n'}
[1.044135] (px4_msgs) StdoutLine: {'line': b'-- Up-to-date: /home/wei/fire_scout_ws/install/px4_msgs/include/px4_msgs/px4_msgs/msg/detail/rc_channels__type_support.hpp\n'}
[1.044170] (px4_msgs) StdoutLine: {'line': b'-- Up-to-date: /home/wei/fire_scout_ws/install/px4_msgs/include/px4_msgs/px4_msgs/msg/detail/vehicle_rates_setpoint__struct.hpp\n'}
[1.044205] (px4_msgs) StdoutLine: {'line': b'-- Up-to-date: /home/wei/fire_scout_ws/install/px4_msgs/include/px4_msgs/px4_msgs/msg/detail/actuator_motors__builder.hpp\n'}
[1.044241] (px4_msgs) StdoutLine: {'line': b'-- Up-to-date: /home/wei/fire_scout_ws/install/px4_msgs/include/px4_msgs/px4_msgs/msg/detail/rover_rate_status__type_support.hpp\n'}
[1.044276] (px4_msgs) StdoutLine: {'line': b'-- Up-to-date: /home/wei/fire_scout_ws/install/px4_msgs/include/px4_msgs/px4_msgs/msg/detail/message_format_request__traits.hpp\n'}
[1.044311] (px4_msgs) StdoutLine: {'line': b'-- Up-to-date: /home/wei/fire_scout_ws/install/px4_msgs/include/px4_msgs/px4_msgs/msg/detail/transponder_report__struct.hpp\n'}
[1.044346] (px4_msgs) StdoutLine: {'line': b'-- Up-to-date: /home/wei/fire_scout_ws/install/px4_msgs/include/px4_msgs/px4_msgs/msg/detail/arming_check_request__type_support.hpp\n'}
[1.044385] (px4_msgs) StdoutLine: {'line': b'-- Up-to-date: /home/wei/fire_scout_ws/install/px4_msgs/include/px4_msgs/px4_msgs/msg/detail/satellite_info__builder.hpp\n'}
[1.044427] (px4_msgs) StdoutLine: {'line': b'-- Up-to-date: /home/wei/fire_scout_ws/install/px4_msgs/include/px4_msgs/px4_msgs/msg/detail/gimbal_manager_set_manual_control__builder.hpp\n'}
[1.044463] (px4_msgs) StdoutLine: {'line': b'-- Up-to-date: /home/wei/fire_scout_ws/install/px4_msgs/include/px4_msgs/px4_msgs/msg/detail/rover_attitude_status__builder.hpp\n'}
[1.044499] (px4_msgs) StdoutLine: {'line': b'-- Up-to-date: /home/wei/fire_scout_ws/install/px4_msgs/include/px4_msgs/px4_msgs/msg/detail/rover_steering_setpoint__traits.hpp\n'}
[1.044534] (px4_msgs) StdoutLine: {'line': b'-- Up-to-date: /home/wei/fire_scout_ws/install/px4_msgs/include/px4_msgs/px4_msgs/msg/detail/follow_target__type_support.hpp\n'}
[1.044574] (px4_msgs) StdoutLine: {'line': b'-- Up-to-date: /home/wei/fire_scout_ws/install/px4_msgs/include/px4_msgs/px4_msgs/msg/detail/open_drone_id_self_id__struct.hpp\n'}
[1.044611] (px4_msgs) StdoutLine: {'line': b'-- Up-to-date: /home/wei/fire_scout_ws/install/px4_msgs/include/px4_msgs/px4_msgs/msg/detail/fixed_wing_longitudinal_setpoint__type_support.hpp\n'}
[1.044644] (px4_msgs) StdoutLine: {'line': b'-- Up-to-date: /home/wei/fire_scout_ws/install/px4_msgs/include/px4_msgs/px4_msgs/msg/detail/rate_ctrl_status__struct.hpp\n'}
[1.044677] (px4_msgs) StdoutLine: {'line': b'-- Up-to-date: /home/wei/fire_scout_ws/install/px4_msgs/include/px4_msgs/px4_msgs/msg/detail/mavlink_tunnel__builder.hpp\n'}
[1.044710] (px4_msgs) StdoutLine: {'line': b'-- Up-to-date: /home/wei/fire_scout_ws/install/px4_msgs/include/px4_msgs/px4_msgs/msg/detail/control_allocator_status__builder.hpp\n'}
[1.044744] (px4_msgs) StdoutLine: {'line': b'-- Up-to-date: /home/wei/fire_scout_ws/install/px4_msgs/include/px4_msgs/px4_msgs/msg/detail/actuator_outputs__type_support.hpp\n'}
[1.044776] (px4_msgs) StdoutLine: {'line': b'-- Up-to-date: /home/wei/fire_scout_ws/install/px4_msgs/include/px4_msgs/px4_msgs/msg/detail/vehicle_land_detected__builder.hpp\n'}
[1.044807] (px4_msgs) StdoutLine: {'line': b'-- Up-to-date: /home/wei/fire_scout_ws/install/px4_msgs/include/px4_msgs/px4_msgs/msg/detail/task_stack_info__struct.hpp\n'}
[1.044838] (px4_msgs) StdoutLine: {'line': b'-- Up-to-date: /home/wei/fire_scout_ws/install/px4_msgs/include/px4_msgs/px4_msgs/msg/detail/estimator_selector_status__builder.hpp\n'}
[1.044868] (px4_msgs) StdoutLine: {'line': b'-- Up-to-date: /home/wei/fire_scout_ws/install/px4_msgs/include/px4_msgs/px4_msgs/msg/detail/vehicle_rates_setpoint__builder.hpp\n'}
[1.044899] (px4_msgs) StdoutLine: {'line': b'-- Up-to-date: /home/wei/fire_scout_ws/install/px4_msgs/include/px4_msgs/px4_msgs/msg/detail/rc_channels__struct.hpp\n'}
[1.044929] (px4_msgs) StdoutLine: {'line': b'-- Up-to-date: /home/wei/fire_scout_ws/install/px4_msgs/include/px4_msgs/px4_msgs/msg/detail/sensor_gyro_fifo__builder.hpp\n'}
[1.044960] (px4_msgs) StdoutLine: {'line': b'-- Up-to-date: /home/wei/fire_scout_ws/install/px4_msgs/include/px4_msgs/px4_msgs/msg/detail/message_format_request__builder.hpp\n'}
[1.044990] (px4_msgs) StdoutLine: {'line': b'-- Up-to-date: /home/wei/fire_scout_ws/install/px4_msgs/include/px4_msgs/px4_msgs/msg/detail/orbit_status__builder.hpp\n'}
[1.045020] (px4_msgs) StdoutLine: {'line': b'-- Up-to-date: /home/wei/fire_scout_ws/install/px4_msgs/include/px4_msgs/px4_msgs/msg/detail/gps_dump__builder.hpp\n'}
[1.045051] (px4_msgs) StdoutLine: {'line': b'-- Up-to-date: /home/wei/fire_scout_ws/install/px4_msgs/include/px4_msgs/px4_msgs/msg/detail/esc_report__builder.hpp\n'}
[1.045082] (px4_msgs) StdoutLine: {'line': b'-- Up-to-date: /home/wei/fire_scout_ws/install/px4_msgs/include/px4_msgs/px4_msgs/msg/detail/sensor_accel_fifo__builder.hpp\n'}
[1.045112] (px4_msgs) StdoutLine: {'line': b'-- Up-to-date: /home/wei/fire_scout_ws/install/px4_msgs/include/px4_msgs/px4_msgs/msg/detail/sensor_preflight_mag__type_support.hpp\n'}
[1.045140] (px4_msgs) StdoutLine: {'line': b'-- Up-to-date: /home/wei/fire_scout_ws/install/px4_msgs/include/px4_msgs/px4_msgs/msg/detail/distance_sensor_mode_change_request__type_support.hpp\n'}
[1.045170] (px4_msgs) StdoutLine: {'line': b'-- Up-to-date: /home/wei/fire_scout_ws/install/px4_msgs/include/px4_msgs/px4_msgs/msg/detail/gripper__traits.hpp\n'}
[1.045199] (px4_msgs) StdoutLine: {'line': b'-- Up-to-date: /home/wei/fire_scout_ws/install/px4_msgs/include/px4_msgs/px4_msgs/msg/detail/offboard_control_mode__struct.hpp\n'}
[1.045228] (px4_msgs) StdoutLine: {'line': b'-- Up-to-date: /home/wei/fire_scout_ws/install/px4_msgs/include/px4_msgs/px4_msgs/msg/detail/landing_gear__traits.hpp\n'}
[1.045257] (px4_msgs) StdoutLine: {'line': b'-- Up-to-date: /home/wei/fire_scout_ws/install/px4_msgs/include/px4_msgs/px4_msgs/msg/detail/mavlink_log__type_support.hpp\n'}
[1.045286] (px4_msgs) StdoutLine: {'line': b'-- Up-to-date: /home/wei/fire_scout_ws/install/px4_msgs/include/px4_msgs/px4_msgs/msg/detail/position_setpoint__type_support.hpp\n'}
[1.045313] (px4_msgs) StdoutLine: {'line': b'-- Up-to-date: /home/wei/fire_scout_ws/install/px4_msgs/include/px4_msgs/px4_msgs/msg/detail/rover_rate_setpoint__struct.hpp\n'}
[1.045344] (px4_msgs) StdoutLine: {'line': b'-- Up-to-date: /home/wei/fire_scout_ws/install/px4_msgs/include/px4_msgs/px4_msgs/msg/detail/trajectory_setpoint6dof__builder.hpp\n'}
[1.045378] (px4_msgs) StdoutLine: {'line': b'-- Up-to-date: /home/wei/fire_scout_ws/install/px4_msgs/include/px4_msgs/px4_msgs/msg/detail/px4io_status__type_support.hpp\n'}
[1.045408] (px4_msgs) StdoutLine: {'line': b'-- Up-to-date: /home/wei/fire_scout_ws/install/px4_msgs/include/px4_msgs/px4_msgs/msg/detail/gimbal_device_set_attitude__type_support.hpp\n'}
[1.045463] (px4_msgs) StdoutLine: {'line': b'-- Up-to-date: /home/wei/fire_scout_ws/install/px4_msgs/include/px4_msgs/px4_msgs/msg/detail/vehicle_command__type_support.hpp\n'}
[1.045493] (px4_msgs) StdoutLine: {'line': b'-- Up-to-date: /home/wei/fire_scout_ws/install/px4_msgs/include/px4_msgs/px4_msgs/msg/detail/rate_ctrl_status__traits.hpp\n'}
[1.045521] (px4_msgs) StdoutLine: {'line': b'-- Up-to-date: /home/wei/fire_scout_ws/install/px4_msgs/include/px4_msgs/px4_msgs/msg/detail/launch_detection_status__traits.hpp\n'}
[1.045549] (px4_msgs) StdoutLine: {'line': b'-- Up-to-date: /home/wei/fire_scout_ws/install/px4_msgs/include/px4_msgs/px4_msgs/msg/detail/rover_steering_setpoint__builder.hpp\n'}
[1.045577] (px4_msgs) StdoutLine: {'line': b'-- Up-to-date: /home/wei/fire_scout_ws/install/px4_msgs/include/px4_msgs/px4_msgs/msg/detail/gimbal_device_set_attitude__struct.hpp\n'}
[1.045617] (px4_msgs) StdoutLine: {'line': b'-- Up-to-date: /home/wei/fire_scout_ws/install/px4_msgs/include/px4_msgs/px4_msgs/msg/detail/rate_ctrl_status__builder.hpp\n'}
[1.045645] (px4_msgs) StdoutLine: {'line': b'-- Up-to-date: /home/wei/fire_scout_ws/install/px4_msgs/include/px4_msgs/px4_msgs/msg/detail/sensor_accel__type_support.hpp\n'}
[1.045673] (px4_msgs) StdoutLine: {'line': b'-- Up-to-date: /home/wei/fire_scout_ws/install/px4_msgs/include/px4_msgs/px4_msgs/msg/detail/sensor_correction__type_support.hpp\n'}
[1.045701] (px4_msgs) StdoutLine: {'line': b'-- Up-to-date: /home/wei/fire_scout_ws/install/px4_msgs/include/px4_msgs/px4_msgs/msg/detail/sensor_accel__struct.hpp\n'}
[1.045730] (px4_msgs) StdoutLine: {'line': b'-- Up-to-date: /home/wei/fire_scout_ws/install/px4_msgs/include/px4_msgs/px4_msgs/msg/detail/normalized_unsigned_setpoint__traits.hpp\n'}
[1.045761] (px4_msgs) StdoutLine: {'line': b'-- Up-to-date: /home/wei/fire_scout_ws/install/px4_msgs/include/px4_msgs/px4_msgs/msg/detail/geofence_status__type_support.hpp\n'}
[1.045792] (px4_msgs) StdoutLine: {'line': b'-- Up-to-date: /home/wei/fire_scout_ws/install/px4_msgs/include/px4_msgs/px4_msgs/msg/detail/gpio_in__traits.hpp\n'}
[1.045821] (px4_msgs) StdoutLine: {'line': b'-- Up-to-date: /home/wei/fire_scout_ws/install/px4_msgs/include/px4_msgs/px4_msgs/msg/detail/debug_key_value__builder.hpp\n'}
[1.045850] (px4_msgs) StdoutLine: {'line': b'-- Up-to-date: /home/wei/fire_scout_ws/install/px4_msgs/include/px4_msgs/px4_msgs/msg/detail/wind__builder.hpp\n'}
[1.045882] (px4_msgs) StdoutLine: {'line': b'-- Up-to-date: /home/wei/fire_scout_ws/install/px4_msgs/include/px4_msgs/px4_msgs/msg/detail/gimbal_device_set_attitude__builder.hpp\n'}
[1.045911] (px4_msgs) StdoutLine: {'line': b'-- Up-to-date: /home/wei/fire_scout_ws/install/px4_msgs/include/px4_msgs/px4_msgs/msg/detail/manual_control_switches__traits.hpp\n'}
[1.045941] (px4_msgs) StdoutLine: {'line': b'-- Up-to-date: /home/wei/fire_scout_ws/install/px4_msgs/include/px4_msgs/px4_msgs/msg/detail/dataman_request__builder.hpp\n'}
[1.045971] (px4_msgs) StdoutLine: {'line': b'-- Up-to-date: /home/wei/fire_scout_ws/install/px4_msgs/include/px4_msgs/px4_msgs/msg/detail/lateral_control_configuration__struct.hpp\n'}
[1.045999] (px4_msgs) StdoutLine: {'line': b'-- Up-to-date: /home/wei/fire_scout_ws/install/px4_msgs/include/px4_msgs/px4_msgs/msg/detail/irlock_report__builder.hpp\n'}
[1.046028] (px4_msgs) StdoutLine: {'line': b'-- Up-to-date: /home/wei/fire_scout_ws/install/px4_msgs/include/px4_msgs/px4_msgs/msg/detail/sensor_accel_fifo__traits.hpp\n'}
[1.046055] (px4_msgs) StdoutLine: {'line': b'-- Up-to-date: /home/wei/fire_scout_ws/install/px4_msgs/include/px4_msgs/px4_msgs/msg/detail/rover_steering_setpoint__struct.hpp\n'}
[1.046083] (px4_msgs) StdoutLine: {'line': b'-- Up-to-date: /home/wei/fire_scout_ws/install/px4_msgs/include/px4_msgs/px4_msgs/msg/detail/battery_status__builder.hpp\n'}
[1.046111] (px4_msgs) StdoutLine: {'line': b'-- Up-to-date: /home/wei/fire_scout_ws/install/px4_msgs/include/px4_msgs/px4_msgs/msg/detail/takeoff_status__builder.hpp\n'}
[1.046139] (px4_msgs) StdoutLine: {'line': b'-- Up-to-date: /home/wei/fire_scout_ws/install/px4_msgs/include/px4_msgs/px4_msgs/msg/detail/sensor_gyro__builder.hpp\n'}
[1.046167] (px4_msgs) StdoutLine: {'line': b'-- Up-to-date: /home/wei/fire_scout_ws/install/px4_msgs/include/px4_msgs/px4_msgs/msg/detail/estimator_innovations__struct.hpp\n'}
[1.046195] (px4_msgs) StdoutLine: {'line': b'-- Up-to-date: /home/wei/fire_scout_ws/install/px4_msgs/include/px4_msgs/px4_msgs/msg/detail/rover_speed_setpoint__traits.hpp\n'}
[1.046223] (px4_msgs) StdoutLine: {'line': b'-- Up-to-date: /home/wei/fire_scout_ws/install/px4_msgs/include/px4_msgs/px4_msgs/msg/detail/vehicle_local_position_setpoint__struct.hpp\n'}
[1.046251] (px4_msgs) StdoutLine: {'line': b'-- Up-to-date: /home/wei/fire_scout_ws/install/px4_msgs/include/px4_msgs/px4_msgs/msg/detail/rover_speed_status__type_support.hpp\n'}
[1.046279] (px4_msgs) StdoutLine: {'line': b'-- Up-to-date: /home/wei/fire_scout_ws/install/px4_msgs/include/px4_msgs/px4_msgs/msg/detail/uavcan_parameter_request__type_support.hpp\n'}
[1.046312] (px4_msgs) StdoutLine: {'line': b'-- Up-to-date: /home/wei/fire_scout_ws/install/px4_msgs/include/px4_msgs/px4_msgs/msg/detail/rover_rate_status__struct.hpp\n'}
[1.046341] (px4_msgs) StdoutLine: {'line': b'-- Up-to-date: /home/wei/fire_scout_ws/install/px4_msgs/include/px4_msgs/px4_msgs/msg/detail/vehicle_imu__type_support.hpp\n'}
[1.046371] (px4_msgs) StdoutLine: {'line': b'-- Up-to-date: /home/wei/fire_scout_ws/install/px4_msgs/include/px4_msgs/px4_msgs/msg/detail/estimator_bias3d__builder.hpp\n'}
[1.046402] (px4_msgs) StdoutLine: {'line': b'-- Up-to-date: /home/wei/fire_scout_ws/install/px4_msgs/include/px4_msgs/px4_msgs/msg/detail/camera_status__traits.hpp\n'}
[1.046430] (px4_msgs) StdoutLine: {'line': b'-- Up-to-date: /home/wei/fire_scout_ws/install/px4_msgs/include/px4_msgs/px4_msgs/msg/detail/button_event__type_support.hpp\n'}
[1.046458] (px4_msgs) StdoutLine: {'line': b'-- Up-to-date: /home/wei/fire_scout_ws/install/px4_msgs/include/px4_msgs/px4_msgs/msg/detail/vehicle_air_data__builder.hpp\n'}
[1.046488] (px4_msgs) StdoutLine: {'line': b'-- Up-to-date: /home/wei/fire_scout_ws/install/px4_msgs/include/px4_msgs/px4_msgs/msg/detail/flight_phase_estimation__type_support.hpp\n'}
[1.046517] (px4_msgs) StdoutLine: {'line': b'-- Up-to-date: /home/wei/fire_scout_ws/install/px4_msgs/include/px4_msgs/px4_msgs/msg/detail/ekf2_timestamps__traits.hpp\n'}
[1.046545] (px4_msgs) StdoutLine: {'line': b'-- Up-to-date: /home/wei/fire_scout_ws/install/px4_msgs/include/px4_msgs/px4_msgs/msg/detail/vehicle_attitude_setpoint__struct.hpp\n'}
[1.046580] (px4_msgs) StdoutLine: {'line': b'-- Up-to-date: /home/wei/fire_scout_ws/install/px4_msgs/include/px4_msgs/px4_msgs/msg/detail/failure_detector_status__traits.hpp\n'}
[1.046617] (px4_msgs) StdoutLine: {'line': b'-- Up-to-date: /home/wei/fire_scout_ws/install/px4_msgs/include/px4_msgs/px4_msgs/msg/detail/sensor_airflow__traits.hpp\n'}
[1.046651] (px4_msgs) StdoutLine: {'line': b'-- Up-to-date: /home/wei/fire_scout_ws/install/px4_msgs/include/px4_msgs/px4_msgs/msg/detail/debug_array__type_support.hpp\n'}
[1.046684] (px4_msgs) StdoutLine: {'line': b'-- Up-to-date: /home/wei/fire_scout_ws/install/px4_msgs/include/px4_msgs/px4_msgs/msg/detail/generator_status__builder.hpp\n'}
[1.046711] (px4_msgs) StdoutLine: {'line': b'-- Up-to-date: /home/wei/fire_scout_ws/install/px4_msgs/include/px4_msgs/px4_msgs/msg/detail/estimator_innovations__type_support.hpp\n'}
[1.046739] (px4_msgs) StdoutLine: {'line': b'-- Up-to-date: /home/wei/fire_scout_ws/install/px4_msgs/include/px4_msgs/px4_msgs/msg/detail/gpio_request__struct.hpp\n'}
[1.046766] (px4_msgs) StdoutLine: {'line': b'-- Up-to-date: /home/wei/fire_scout_ws/install/px4_msgs/include/px4_msgs/px4_msgs/msg/detail/adc_report__struct.hpp\n'}
[1.046794] (px4_msgs) StdoutLine: {'line': b'-- Up-to-date: /home/wei/fire_scout_ws/install/px4_msgs/include/px4_msgs/px4_msgs/msg/detail/orbit_status__traits.hpp\n'}
[1.046822] (px4_msgs) StdoutLine: {'line': b'-- Up-to-date: /home/wei/fire_scout_ws/install/px4_msgs/include/px4_msgs/px4_msgs/msg/detail/yaw_estimator_status__type_support.hpp\n'}
[1.046850] (px4_msgs) StdoutLine: {'line': b'-- Up-to-date: /home/wei/fire_scout_ws/install/px4_msgs/include/px4_msgs/px4_msgs/msg/detail/obstacle_distance__builder.hpp\n'}
[1.046879] (px4_msgs) StdoutLine: {'line': b'-- Up-to-date: /home/wei/fire_scout_ws/install/px4_msgs/include/px4_msgs/px4_msgs/msg/detail/orb_test_large__type_support.hpp\n'}
[1.046906] (px4_msgs) StdoutLine: {'line': b'-- Up-to-date: /home/wei/fire_scout_ws/install/px4_msgs/include/px4_msgs/px4_msgs/msg/detail/debug_vect__traits.hpp\n'}
[1.046934] (px4_msgs) StdoutLine: {'line': b'-- Up-to-date: /home/wei/fire_scout_ws/install/px4_msgs/include/px4_msgs/px4_msgs/msg/detail/sensor_accel_fifo__type_support.hpp\n'}
[1.046963] (px4_msgs) StdoutLine: {'line': b'-- Up-to-date: /home/wei/fire_scout_ws/install/px4_msgs/include/px4_msgs/px4_msgs/msg/detail/fixed_wing_longitudinal_setpoint__traits.hpp\n'}
[1.046994] (px4_msgs) StdoutLine: {'line': b'-- Up-to-date: /home/wei/fire_scout_ws/install/px4_msgs/include/px4_msgs/px4_msgs/msg/detail/orb_test_medium__struct.hpp\n'}
[1.047027] (px4_msgs) StdoutLine: {'line': b'-- Up-to-date: /home/wei/fire_scout_ws/install/px4_msgs/include/px4_msgs/px4_msgs/msg/detail/airspeed__struct.hpp\n'}
[1.047056] (px4_msgs) StdoutLine: {'line': b'-- Up-to-date: /home/wei/fire_scout_ws/install/px4_msgs/include/px4_msgs/px4_msgs/msg/detail/actuator_test__type_support.hpp\n'}
[1.047084] (px4_msgs) StdoutLine: {'line': b'-- Up-to-date: /home/wei/fire_scout_ws/install/px4_msgs/include/px4_msgs/px4_msgs/msg/detail/fixed_wing_lateral_guidance_status__builder.hpp\n'}
[1.047111] (px4_msgs) StdoutLine: {'line': b'-- Up-to-date: /home/wei/fire_scout_ws/install/px4_msgs/include/px4_msgs/px4_msgs/msg/detail/launch_detection_status__type_support.hpp\n'}
[1.047138] (px4_msgs) StdoutLine: {'line': b'-- Up-to-date: /home/wei/fire_scout_ws/install/px4_msgs/include/px4_msgs/px4_msgs/msg/detail/vehicle_rates_setpoint__type_support.hpp\n'}
[1.047166] (px4_msgs) StdoutLine: {'line': b'-- Up-to-date: /home/wei/fire_scout_ws/install/px4_msgs/include/px4_msgs/px4_msgs/msg/detail/arming_check_request__builder.hpp\n'}
[1.047195] (px4_msgs) StdoutLine: {'line': b'-- Up-to-date: /home/wei/fire_scout_ws/install/px4_msgs/include/px4_msgs/px4_msgs/msg/detail/gripper__builder.hpp\n'}
[1.047223] (px4_msgs) StdoutLine: {'line': b'-- Up-to-date: /home/wei/fire_scout_ws/install/px4_msgs/include/px4_msgs/px4_msgs/msg/detail/rpm__type_support.hpp\n'}
[1.047253] (px4_msgs) StdoutLine: {'line': b'-- Up-to-date: /home/wei/fire_scout_ws/install/px4_msgs/include/px4_msgs/px4_msgs/msg/detail/position_controller_status__traits.hpp\n'}
[1.047282] (px4_msgs) StdoutLine: {'line': b'-- Up-to-date: /home/wei/fire_scout_ws/install/px4_msgs/include/px4_msgs/px4_msgs/msg/detail/offboard_control_mode__type_support.hpp\n'}
[1.047309] (px4_msgs) StdoutLine: {'line': b'-- Up-to-date: /home/wei/fire_scout_ws/install/px4_msgs/include/px4_msgs/px4_msgs/msg/detail/fuel_tank_status__struct.hpp\n'}
[1.047338] (px4_msgs) StdoutLine: {'line': b'-- Up-to-date: /home/wei/fire_scout_ws/install/px4_msgs/include/px4_msgs/px4_msgs/msg/detail/power_monitor__struct.hpp\n'}
[1.047371] (px4_msgs) StdoutLine: {'line': b'-- Up-to-date: /home/wei/fire_scout_ws/install/px4_msgs/include/px4_msgs/px4_msgs/msg/detail/rc_channels__builder.hpp\n'}
[1.047402] (px4_msgs) StdoutLine: {'line': b'-- Up-to-date: /home/wei/fire_scout_ws/install/px4_msgs/include/px4_msgs/px4_msgs/msg/detail/pwm_input__traits.hpp\n'}
[1.047430] (px4_msgs) StdoutLine: {'line': b'-- Up-to-date: /home/wei/fire_scout_ws/install/px4_msgs/include/px4_msgs/px4_msgs/msg/detail/event__type_support.hpp\n'}
[1.047460] (px4_msgs) StdoutLine: {'line': b'-- Up-to-date: /home/wei/fire_scout_ws/install/px4_msgs/include/px4_msgs/px4_msgs/msg/detail/logger_status__traits.hpp\n'}
[1.047507] (px4_msgs) StdoutLine: {'line': b'-- Up-to-date: /home/wei/fire_scout_ws/install/px4_msgs/include/px4_msgs/px4_msgs/msg/detail/vehicle_air_data__struct.hpp\n'}
[1.047588] (px4_msgs) StdoutLine: {'line': b'-- Up-to-date: /home/wei/fire_scout_ws/install/px4_msgs/include/px4_msgs/px4_msgs/msg/detail/parameter_set_used_request__builder.hpp\n'}
[1.047627] (px4_msgs) StdoutLine: {'line': b'-- Up-to-date: /home/wei/fire_scout_ws/install/px4_msgs/include/px4_msgs/px4_msgs/msg/detail/estimator_status_flags__traits.hpp\n'}
[1.047658] (px4_msgs) StdoutLine: {'line': b'-- Up-to-date: /home/wei/fire_scout_ws/install/px4_msgs/include/px4_msgs/px4_msgs/msg/detail/mission__traits.hpp\n'}
[1.047691] (px4_msgs) StdoutLine: {'line': b'-- Up-to-date: /home/wei/fire_scout_ws/install/px4_msgs/include/px4_msgs/px4_msgs/msg/detail/estimator_aid_source2d__traits.hpp\n'}
[1.047725] (px4_msgs) StdoutLine: {'line': b'-- Up-to-date: /home/wei/fire_scout_ws/install/px4_msgs/include/px4_msgs/px4_msgs/msg/detail/rover_speed_setpoint__struct.hpp\n'}
[1.047756] (px4_msgs) StdoutLine: {'line': b'-- Up-to-date: /home/wei/fire_scout_ws/install/px4_msgs/include/px4_msgs/px4_msgs/msg/detail/vehicle_attitude__traits.hpp\n'}
[1.047789] (px4_msgs) StdoutLine: {'line': b'-- Up-to-date: /home/wei/fire_scout_ws/install/px4_msgs/include/px4_msgs/px4_msgs/msg/detail/system_power__type_support.hpp\n'}
[1.047820] (px4_msgs) StdoutLine: {'line': b'-- Up-to-date: /home/wei/fire_scout_ws/install/px4_msgs/include/px4_msgs/px4_msgs/msg/detail/airspeed_wind__type_support.hpp\n'}
[1.047854] (px4_msgs) StdoutLine: {'line': b'-- Up-to-date: /home/wei/fire_scout_ws/install/px4_msgs/include/px4_msgs/px4_msgs/msg/detail/landing_gear_wheel__traits.hpp\n'}
[1.047883] (px4_msgs) StdoutLine: {'line': b'-- Up-to-date: /home/wei/fire_scout_ws/install/px4_msgs/include/px4_msgs/px4_msgs/msg/detail/gpio_config__traits.hpp\n'}
[1.047915] (px4_msgs) StdoutLine: {'line': b'-- Up-to-date: /home/wei/fire_scout_ws/install/px4_msgs/include/px4_msgs/px4_msgs/msg/detail/generator_status__struct.hpp\n'}
[1.047947] (px4_msgs) StdoutLine: {'line': b'-- Up-to-date: /home/wei/fire_scout_ws/install/px4_msgs/include/px4_msgs/px4_msgs/msg/detail/vehicle_command_ack__builder.hpp\n'}
[1.047980] (px4_msgs) StdoutLine: {'line': b'-- Up-to-date: /home/wei/fire_scout_ws/install/px4_msgs/include/px4_msgs/px4_msgs/msg/detail/fixed_wing_lateral_setpoint__traits.hpp\n'}
[1.048010] (px4_msgs) StdoutLine: {'line': b'-- Up-to-date: /home/wei/fire_scout_ws/install/px4_msgs/include/px4_msgs/px4_msgs/msg/detail/uavcan_parameter_request__traits.hpp\n'}
[1.048039] (px4_msgs) StdoutLine: {'line': b'-- Up-to-date: /home/wei/fire_scout_ws/install/px4_msgs/include/px4_msgs/px4_msgs/msg/detail/open_drone_id_operator_id__struct.hpp\n'}
[1.048071] (px4_msgs) StdoutLine: {'line': b'-- Up-to-date: /home/wei/fire_scout_ws/install/px4_msgs/include/px4_msgs/px4_msgs/msg/detail/ulog_stream_ack__builder.hpp\n'}
[1.048100] (px4_msgs) StdoutLine: {'line': b'-- Up-to-date: /home/wei/fire_scout_ws/install/px4_msgs/include/px4_msgs/px4_msgs/msg/detail/event__builder.hpp\n'}
[1.048137] (px4_msgs) StdoutLine: {'line': b'-- Up-to-date: /home/wei/fire_scout_ws/install/px4_msgs/include/px4_msgs/px4_msgs/msg/detail/takeoff_status__struct.hpp\n'}
[1.048168] (px4_msgs) StdoutLine: {'line': b'-- Up-to-date: /home/wei/fire_scout_ws/install/px4_msgs/include/px4_msgs/px4_msgs/msg/detail/battery_info__struct.hpp\n'}
[1.048198] (px4_msgs) StdoutLine: {'line': b'-- Up-to-date: /home/wei/fire_scout_ws/install/px4_msgs/include/px4_msgs/px4_msgs/msg/detail/orb_test_medium__traits.hpp\n'}
[1.048231] (px4_msgs) StdoutLine: {'line': b'-- Up-to-date: /home/wei/fire_scout_ws/install/px4_msgs/include/px4_msgs/px4_msgs/msg/detail/magnetometer_bias_estimate__struct.hpp\n'}
[1.048262] (px4_msgs) StdoutLine: {'line': b'-- Up-to-date: /home/wei/fire_scout_ws/install/px4_msgs/include/px4_msgs/px4_msgs/msg/detail/sensor_preflight_mag__struct.hpp\n'}
[1.048293] (px4_msgs) StdoutLine: {'line': b'-- Up-to-date: /home/wei/fire_scout_ws/install/px4_msgs/include/px4_msgs/px4_msgs/msg/detail/register_ext_component_request__builder.hpp\n'}
[1.048323] (px4_msgs) StdoutLine: {'line': b'-- Up-to-date: /home/wei/fire_scout_ws/install/px4_msgs/include/px4_msgs/px4_msgs/msg/detail/mission__type_support.hpp\n'}
[1.048356] (px4_msgs) StdoutLine: {'line': b'-- Up-to-date: /home/wei/fire_scout_ws/install/px4_msgs/include/px4_msgs/px4_msgs/msg/detail/rpm__struct.hpp\n'}
[1.048393] (px4_msgs) StdoutLine: {'line': b'-- Up-to-date: /home/wei/fire_scout_ws/install/px4_msgs/include/px4_msgs/px4_msgs/msg/detail/sensor_gyro__traits.hpp\n'}
[1.048424] (px4_msgs) StdoutLine: {'line': b'-- Up-to-date: /home/wei/fire_scout_ws/install/px4_msgs/include/px4_msgs/px4_msgs/msg/detail/vehicle_land_detected__type_support.hpp\n'}
[1.048456] (px4_msgs) StdoutLine: {'line': b'-- Up-to-date: /home/wei/fire_scout_ws/install/px4_msgs/include/px4_msgs/px4_msgs/msg/detail/sensor_optical_flow__traits.hpp\n'}
[1.048491] (px4_msgs) StdoutLine: {'line': b'-- Up-to-date: /home/wei/fire_scout_ws/install/px4_msgs/include/px4_msgs/px4_msgs/msg/detail/open_drone_id_system__builder.hpp\n'}
[1.048523] (px4_msgs) StdoutLine: {'line': b'-- Up-to-date: /home/wei/fire_scout_ws/install/px4_msgs/include/px4_msgs/px4_msgs/msg/detail/rtl_status__builder.hpp\n'}
[1.048559] (px4_msgs) StdoutLine: {'line': b'-- Up-to-date: /home/wei/fire_scout_ws/install/px4_msgs/include/px4_msgs/px4_msgs/msg/detail/internal_combustion_engine_control__builder.hpp\n'}
[1.048589] (px4_msgs) StdoutLine: {'line': b'-- Up-to-date: /home/wei/fire_scout_ws/install/px4_msgs/include/px4_msgs/px4_msgs/msg/detail/fixed_wing_runway_control__type_support.hpp\n'}
[1.048620] (px4_msgs) StdoutLine: {'line': b'-- Up-to-date: /home/wei/fire_scout_ws/install/px4_msgs/include/px4_msgs/px4_msgs/msg/detail/radio_status__traits.hpp\n'}
[1.048649] (px4_msgs) StdoutLine: {'line': b'-- Up-to-date: /home/wei/fire_scout_ws/install/px4_msgs/include/px4_msgs/px4_msgs/msg/detail/figure_eight_status__struct.hpp\n'}
[1.048682] (px4_msgs) StdoutLine: {'line': b'-- Up-to-date: /home/wei/fire_scout_ws/install/px4_msgs/include/px4_msgs/px4_msgs/msg/detail/rover_throttle_setpoint__builder.hpp\n'}
[1.048710] (px4_msgs) StdoutLine: {'line': b'-- Up-to-date: /home/wei/fire_scout_ws/install/px4_msgs/include/px4_msgs/px4_msgs/msg/detail/collision_constraints__builder.hpp\n'}
[1.048738] (px4_msgs) StdoutLine: {'line': b'-- Up-to-date: /home/wei/fire_scout_ws/install/px4_msgs/include/px4_msgs/px4_msgs/msg/detail/vehicle_constraints__struct.hpp\n'}
[1.048766] (px4_msgs) StdoutLine: {'line': b'-- Up-to-date: /home/wei/fire_scout_ws/install/px4_msgs/include/px4_msgs/px4_msgs/msg/detail/parameter_set_value_response__traits.hpp\n'}
[1.048794] (px4_msgs) StdoutLine: {'line': b'-- Up-to-date: /home/wei/fire_scout_ws/install/px4_msgs/include/px4_msgs/px4_msgs/msg/detail/message_format_request__struct.hpp\n'}
[1.048824] (px4_msgs) StdoutLine: {'line': b'-- Up-to-date: /home/wei/fire_scout_ws/install/px4_msgs/include/px4_msgs/px4_msgs/msg/detail/gpio_in__type_support.hpp\n'}
[1.048852] (px4_msgs) StdoutLine: {'line': b'-- Up-to-date: /home/wei/fire_scout_ws/install/px4_msgs/include/px4_msgs/px4_msgs/msg/detail/event__struct.hpp\n'}
[1.048880] (px4_msgs) StdoutLine: {'line': b'-- Up-to-date: /home/wei/fire_scout_ws/install/px4_msgs/include/px4_msgs/px4_msgs/msg/detail/orb_test__builder.hpp\n'}
[1.048908] (px4_msgs) StdoutLine: {'line': b'-- Up-to-date: /home/wei/fire_scout_ws/install/px4_msgs/include/px4_msgs/px4_msgs/msg/detail/gripper__type_support.hpp\n'}
[1.048936] (px4_msgs) StdoutLine: {'line': b'-- Up-to-date: /home/wei/fire_scout_ws/install/px4_msgs/include/px4_msgs/px4_msgs/msg/detail/rover_speed_setpoint__builder.hpp\n'}
[1.048963] (px4_msgs) StdoutLine: {'line': b'-- Up-to-date: /home/wei/fire_scout_ws/install/px4_msgs/include/px4_msgs/px4_msgs/msg/detail/vehicle_status__type_support.hpp\n'}
[1.048991] (px4_msgs) StdoutLine: {'line': b'-- Up-to-date: /home/wei/fire_scout_ws/install/px4_msgs/include/px4_msgs/px4_msgs/msg/detail/position_controller_landing_status__struct.hpp\n'}
[1.049019] (px4_msgs) StdoutLine: {'line': b'-- Up-to-date: /home/wei/fire_scout_ws/install/px4_msgs/include/px4_msgs/px4_msgs/msg/detail/sensor_hygrometer__traits.hpp\n'}
[1.049047] (px4_msgs) StdoutLine: {'line': b'-- Up-to-date: /home/wei/fire_scout_ws/install/px4_msgs/include/px4_msgs/px4_msgs/msg/detail/navigator_mission_item__builder.hpp\n'}
[1.049074] (px4_msgs) StdoutLine: {'line': b'-- Up-to-date: /home/wei/fire_scout_ws/install/px4_msgs/include/px4_msgs/px4_msgs/msg/detail/estimator_states__struct.hpp\n'}
[1.049102] (px4_msgs) StdoutLine: {'line': b'-- Up-to-date: /home/wei/fire_scout_ws/install/px4_msgs/include/px4_msgs/px4_msgs/msg/detail/home_position__traits.hpp\n'}
[1.049131] (px4_msgs) StdoutLine: {'line': b'-- Up-to-date: /home/wei/fire_scout_ws/install/px4_msgs/include/px4_msgs/px4_msgs/msg/detail/gimbal_controls__traits.hpp\n'}
[1.049164] (px4_msgs) StdoutLine: {'line': b'-- Up-to-date: /home/wei/fire_scout_ws/install/px4_msgs/include/px4_msgs/px4_msgs/msg/detail/gimbal_manager_status__builder.hpp\n'}
[1.049192] (px4_msgs) StdoutLine: {'line': b'-- Up-to-date: /home/wei/fire_scout_ws/install/px4_msgs/include/px4_msgs/px4_msgs/msg/detail/sensors_status__type_support.hpp\n'}
[1.049220] (px4_msgs) StdoutLine: {'line': b'-- Up-to-date: /home/wei/fire_scout_ws/install/px4_msgs/include/px4_msgs/px4_msgs/msg/detail/register_ext_component_reply__struct.hpp\n'}
[1.049249] (px4_msgs) StdoutLine: {'line': b'-- Up-to-date: /home/wei/fire_scout_ws/install/px4_msgs/include/px4_msgs/px4_msgs/msg/detail/power_button_state__struct.hpp\n'}
[1.049278] (px4_msgs) StdoutLine: {'line': b'-- Up-to-date: /home/wei/fire_scout_ws/install/px4_msgs/include/px4_msgs/px4_msgs/msg/detail/estimator_bias3d__type_support.hpp\n'}
[1.049305] (px4_msgs) StdoutLine: {'line': b'-- Up-to-date: /home/wei/fire_scout_ws/install/px4_msgs/include/px4_msgs/px4_msgs/msg/detail/geofence_result__struct.hpp\n'}
[1.049333] (px4_msgs) StdoutLine: {'line': b'-- Up-to-date: /home/wei/fire_scout_ws/install/px4_msgs/include/px4_msgs/px4_msgs/msg/detail/estimator_aid_source3d__builder.hpp\n'}
[1.049362] (px4_msgs) StdoutLine: {'line': b'-- Up-to-date: /home/wei/fire_scout_ws/install/px4_msgs/include/px4_msgs/px4_msgs/msg/detail/gpio_config__type_support.hpp\n'}
[1.049394] (px4_msgs) StdoutLine: {'line': b'-- Up-to-date: /home/wei/fire_scout_ws/install/px4_msgs/include/px4_msgs/px4_msgs/msg/detail/estimator_bias__type_support.hpp\n'}
[1.049423] (px4_msgs) StdoutLine: {'line': b'-- Up-to-date: /home/wei/fire_scout_ws/install/px4_msgs/include/px4_msgs/px4_msgs/msg/detail/vehicle_roi__builder.hpp\n'}
[1.049452] (px4_msgs) StdoutLine: {'line': b'-- Up-to-date: /home/wei/fire_scout_ws/install/px4_msgs/include/px4_msgs/px4_msgs/msg/detail/mode_completed__traits.hpp\n'}
[1.049483] (px4_msgs) StdoutLine: {'line': b'-- Up-to-date: /home/wei/fire_scout_ws/install/px4_msgs/include/px4_msgs/px4_msgs/msg/detail/ping__struct.hpp\n'}
[1.049512] (px4_msgs) StdoutLine: {'line': b'-- Up-to-date: /home/wei/fire_scout_ws/install/px4_msgs/include/px4_msgs/px4_msgs/msg/detail/action_request__traits.hpp\n'}
[1.049541] (px4_msgs) StdoutLine: {'line': b'-- Up-to-date: /home/wei/fire_scout_ws/install/px4_msgs/include/px4_msgs/px4_msgs/msg/detail/velocity_limits__traits.hpp\n'}
[1.049570] (px4_msgs) StdoutLine: {'line': b'-- Up-to-date: /home/wei/fire_scout_ws/install/px4_msgs/include/px4_msgs/px4_msgs/msg/detail/neural_control__builder.hpp\n'}
[1.049599] (px4_msgs) StdoutLine: {'line': b'-- Up-to-date: /home/wei/fire_scout_ws/install/px4_msgs/include/px4_msgs/px4_msgs/msg/detail/navigator_mission_item__traits.hpp\n'}
[1.049635] (px4_msgs) StdoutLine: {'line': b'-- Up-to-date: /home/wei/fire_scout_ws/install/px4_msgs/include/px4_msgs/px4_msgs/msg/detail/gps_inject_data__builder.hpp\n'}
[1.049662] (px4_msgs) StdoutLine: {'line': b'-- Up-to-date: /home/wei/fire_scout_ws/install/px4_msgs/include/px4_msgs/px4_msgs/msg/detail/launch_detection_status__struct.hpp\n'}
[1.049691] (px4_msgs) StdoutLine: {'line': b'-- Up-to-date: /home/wei/fire_scout_ws/install/px4_msgs/include/px4_msgs/px4_msgs/msg/detail/fuel_tank_status__builder.hpp\n'}
[1.049719] (px4_msgs) StdoutLine: {'line': b'-- Up-to-date: /home/wei/fire_scout_ws/install/px4_msgs/include/px4_msgs/px4_msgs/msg/detail/distance_sensor_mode_change_request__struct.hpp\n'}
[1.049748] (px4_msgs) StdoutLine: {'line': b'-- Up-to-date: /home/wei/fire_scout_ws/install/px4_msgs/include/px4_msgs/px4_msgs/msg/detail/position_controller_status__builder.hpp\n'}
[1.049775] (px4_msgs) StdoutLine: {'line': b'-- Up-to-date: /home/wei/fire_scout_ws/install/px4_msgs/include/px4_msgs/px4_msgs/msg/detail/position_setpoint_triplet__struct.hpp\n'}
[1.049804] (px4_msgs) StdoutLine: {'line': b'-- Up-to-date: /home/wei/fire_scout_ws/install/px4_msgs/include/px4_msgs/px4_msgs/msg/detail/landing_target_innovations__type_support.hpp\n'}
[1.049833] (px4_msgs) StdoutLine: {'line': b'-- Up-to-date: /home/wei/fire_scout_ws/install/px4_msgs/include/px4_msgs/px4_msgs/msg/detail/sensor_uwb__struct.hpp\n'}
[1.049860] (px4_msgs) StdoutLine: {'line': b'-- Up-to-date: /home/wei/fire_scout_ws/install/px4_msgs/include/px4_msgs/px4_msgs/msg/detail/vehicle_attitude_setpoint__traits.hpp\n'}
[1.049889] (px4_msgs) StdoutLine: {'line': b'-- Up-to-date: /home/wei/fire_scout_ws/install/px4_msgs/include/px4_msgs/px4_msgs/msg/detail/gimbal_manager_status__traits.hpp\n'}
[1.049917] (px4_msgs) StdoutLine: {'line': b'-- Up-to-date: /home/wei/fire_scout_ws/install/px4_msgs/include/px4_msgs/px4_msgs/msg/detail/qshell_retval__struct.hpp\n'}
[1.049946] (px4_msgs) StdoutLine: {'line': b'-- Up-to-date: /home/wei/fire_scout_ws/install/px4_msgs/include/px4_msgs/px4_msgs/msg/detail/fixed_wing_lateral_guidance_status__traits.hpp\n'}
[1.049974] (px4_msgs) StdoutLine: {'line': b'-- Up-to-date: /home/wei/fire_scout_ws/install/px4_msgs/include/px4_msgs/px4_msgs/msg/detail/sensor_correction__traits.hpp\n'}
[1.050002] (px4_msgs) StdoutLine: {'line': b'-- Up-to-date: /home/wei/fire_scout_ws/install/px4_msgs/include/px4_msgs/px4_msgs/msg/detail/dataman_request__struct.hpp\n'}
[1.050032] (px4_msgs) StdoutLine: {'line': b'-- Up-to-date: /home/wei/fire_scout_ws/install/px4_msgs/include/px4_msgs/px4_msgs/msg/detail/gimbal_device_information__struct.hpp\n'}
[1.050060] (px4_msgs) StdoutLine: {'line': b'-- Up-to-date: /home/wei/fire_scout_ws/install/px4_msgs/include/px4_msgs/px4_msgs/msg/detail/power_button_state__type_support.hpp\n'}
[1.050087] (px4_msgs) StdoutLine: {'line': b'-- Up-to-date: /home/wei/fire_scout_ws/install/px4_msgs/include/px4_msgs/px4_msgs/msg/detail/flight_phase_estimation__builder.hpp\n'}
[1.050115] (px4_msgs) StdoutLine: {'line': b'-- Up-to-date: /home/wei/fire_scout_ws/install/px4_msgs/include/px4_msgs/px4_msgs/msg/detail/sensors_status_imu__traits.hpp\n'}
[1.050143] (px4_msgs) StdoutLine: {'line': b'-- Up-to-date: /home/wei/fire_scout_ws/install/px4_msgs/include/px4_msgs/px4_msgs/msg/detail/mavlink_log__traits.hpp\n'}
[1.050174] (px4_msgs) StdoutLine: {'line': b'-- Up-to-date: /home/wei/fire_scout_ws/install/px4_msgs/include/px4_msgs/px4_msgs/msg/detail/gimbal_device_information__builder.hpp\n'}
[1.050202] (px4_msgs) StdoutLine: {'line': b'-- Up-to-date: /home/wei/fire_scout_ws/install/px4_msgs/include/px4_msgs/px4_msgs/msg/detail/qshell_retval__builder.hpp\n'}
[1.050230] (px4_msgs) StdoutLine: {'line': b'-- Up-to-date: /home/wei/fire_scout_ws/install/px4_msgs/include/px4_msgs/px4_msgs/msg/detail/obstacle_distance__type_support.hpp\n'}
[1.050258] (px4_msgs) StdoutLine: {'line': b'-- Up-to-date: /home/wei/fire_scout_ws/install/px4_msgs/include/px4_msgs/px4_msgs/msg/detail/rtl_time_estimate__struct.hpp\n'}
[1.050286] (px4_msgs) StdoutLine: {'line': b'-- Up-to-date: /home/wei/fire_scout_ws/install/px4_msgs/include/px4_msgs/px4_msgs/msg/detail/fixed_wing_lateral_status__builder.hpp\n'}
[1.050315] (px4_msgs) StdoutLine: {'line': b'-- Up-to-date: /home/wei/fire_scout_ws/install/px4_msgs/include/px4_msgs/px4_msgs/msg/detail/neural_control__traits.hpp\n'}
[1.050344] (px4_msgs) StdoutLine: {'line': b'-- Up-to-date: /home/wei/fire_scout_ws/install/px4_msgs/include/px4_msgs/px4_msgs/msg/detail/debug_value__traits.hpp\n'}
[1.050375] (px4_msgs) StdoutLine: {'line': b'-- Up-to-date: /home/wei/fire_scout_ws/install/px4_msgs/include/px4_msgs/px4_msgs/msg/detail/gps_dump__struct.hpp\n'}
[1.050404] (px4_msgs) StdoutLine: {'line': b'-- Up-to-date: /home/wei/fire_scout_ws/install/px4_msgs/include/px4_msgs/px4_msgs/msg/detail/sensor_uwb__traits.hpp\n'}
[1.050433] (px4_msgs) StdoutLine: {'line': b'-- Up-to-date: /home/wei/fire_scout_ws/install/px4_msgs/include/px4_msgs/px4_msgs/msg/detail/failsafe_flags__struct.hpp\n'}
[1.050461] (px4_msgs) StdoutLine: {'line': b'-- Up-to-date: /home/wei/fire_scout_ws/install/px4_msgs/include/px4_msgs/px4_msgs/msg/detail/vehicle_local_position__traits.hpp\n'}
[1.050491] (px4_msgs) StdoutLine: {'line': b'-- Up-to-date: /home/wei/fire_scout_ws/install/px4_msgs/include/px4_msgs/px4_msgs/msg/detail/rover_attitude_setpoint__builder.hpp\n'}
[1.050531] (px4_msgs) StdoutLine: {'line': b'-- Up-to-date: /home/wei/fire_scout_ws/install/px4_msgs/include/px4_msgs/px4_msgs/msg/detail/sensor_accel__builder.hpp\n'}
[1.050565] (px4_msgs) StdoutLine: {'line': b'-- Up-to-date: /home/wei/fire_scout_ws/install/px4_msgs/include/px4_msgs/px4_msgs/msg/detail/longitudinal_control_configuration__builder.hpp\n'}
[1.050595] (px4_msgs) StdoutLine: {'line': b'-- Up-to-date: /home/wei/fire_scout_ws/install/px4_msgs/include/px4_msgs/px4_msgs/msg/detail/dronecan_node_status__type_support.hpp\n'}
[1.050627] (px4_msgs) StdoutLine: {'line': b'-- Up-to-date: /home/wei/fire_scout_ws/install/px4_msgs/include/px4_msgs/px4_msgs/msg/detail/satellite_info__struct.hpp\n'}
[1.050662] (px4_msgs) StdoutLine: {'line': b'-- Up-to-date: /home/wei/fire_scout_ws/install/px4_msgs/include/px4_msgs/px4_msgs/msg/detail/vehicle_torque_setpoint__type_support.hpp\n'}
[1.050693] (px4_msgs) StdoutLine: {'line': b'-- Up-to-date: /home/wei/fire_scout_ws/install/px4_msgs/include/px4_msgs/px4_msgs/msg/detail/longitudinal_control_configuration__struct.hpp\n'}
[1.050724] (px4_msgs) StdoutLine: {'line': b'-- Up-to-date: /home/wei/fire_scout_ws/install/px4_msgs/include/px4_msgs/px4_msgs/msg/detail/transponder_report__traits.hpp\n'}
[1.050754] (px4_msgs) StdoutLine: {'line': b'-- Up-to-date: /home/wei/fire_scout_ws/install/px4_msgs/include/px4_msgs/px4_msgs/msg/detail/estimator_aid_source1d__struct.hpp\n'}
[1.050784] (px4_msgs) StdoutLine: {'line': b'-- Up-to-date: /home/wei/fire_scout_ws/install/px4_msgs/include/px4_msgs/px4_msgs/msg/detail/rtl_time_estimate__traits.hpp\n'}
[1.050838] (px4_msgs) StdoutLine: {'line': b'-- Up-to-date: /home/wei/fire_scout_ws/install/px4_msgs/include/px4_msgs/px4_msgs/msg/detail/sensor_gnss_relative__struct.hpp\n'}
[1.050868] (px4_msgs) StdoutLine: {'line': b'-- Up-to-date: /home/wei/fire_scout_ws/install/px4_msgs/include/px4_msgs/px4_msgs/msg/detail/manual_control_setpoint__type_support.hpp\n'}
[1.050899] (px4_msgs) StdoutLine: {'line': b'-- Up-to-date: /home/wei/fire_scout_ws/install/px4_msgs/include/px4_msgs/px4_msgs/msg/detail/trajectory_setpoint6dof__struct.hpp\n'}
[1.050931] (px4_msgs) StdoutLine: {'line': b'-- Up-to-date: /home/wei/fire_scout_ws/install/px4_msgs/include/px4_msgs/px4_msgs/msg/detail/sensors_status_imu__type_support.hpp\n'}
[1.050965] (px4_msgs) StdoutLine: {'line': b'-- Up-to-date: /home/wei/fire_scout_ws/install/px4_msgs/include/px4_msgs/px4_msgs/msg/detail/camera_status__type_support.hpp\n'}
[1.050996] (px4_msgs) StdoutLine: {'line': b'-- Up-to-date: /home/wei/fire_scout_ws/install/px4_msgs/include/px4_msgs/px4_msgs/msg/detail/qshell_req__traits.hpp\n'}
[1.051027] (px4_msgs) StdoutLine: {'line': b'-- Up-to-date: /home/wei/fire_scout_ws/install/px4_msgs/include/px4_msgs/px4_msgs/msg/detail/vehicle_command__traits.hpp\n'}
[1.051056] (px4_msgs) StdoutLine: {'line': b'-- Up-to-date: /home/wei/fire_scout_ws/install/px4_msgs/include/px4_msgs/px4_msgs/msg/detail/goto_setpoint__builder.hpp\n'}
[1.051087] (px4_msgs) StdoutLine: {'line': b'-- Up-to-date: /home/wei/fire_scout_ws/install/px4_msgs/include/px4_msgs/px4_msgs/msg/detail/mount_orientation__traits.hpp\n'}
[1.051117] (px4_msgs) StdoutLine: {'line': b'-- Up-to-date: /home/wei/fire_scout_ws/install/px4_msgs/include/px4_msgs/px4_msgs/msg/detail/vehicle_optical_flow__type_support.hpp\n'}
[1.051148] (px4_msgs) StdoutLine: {'line': b'-- Up-to-date: /home/wei/fire_scout_ws/install/px4_msgs/include/px4_msgs/px4_msgs/msg/detail/arming_check_reply__struct.hpp\n'}
[1.051177] (px4_msgs) StdoutLine: {'line': b'-- Up-to-date: /home/wei/fire_scout_ws/install/px4_msgs/include/px4_msgs/px4_msgs/msg/detail/ping__type_support.hpp\n'}
[1.051206] (px4_msgs) StdoutLine: {'line': b'-- Up-to-date: /home/wei/fire_scout_ws/install/px4_msgs/include/px4_msgs/px4_msgs/msg/detail/rover_attitude_status__struct.hpp\n'}
[1.051239] (px4_msgs) StdoutLine: {'line': b'-- Up-to-date: /home/wei/fire_scout_ws/install/px4_msgs/include/px4_msgs/px4_msgs/msg/detail/task_stack_info__type_support.hpp\n'}
[1.051268] (px4_msgs) StdoutLine: {'line': b'-- Up-to-date: /home/wei/fire_scout_ws/install/px4_msgs/include/px4_msgs/px4_msgs/msg/detail/tiltrotor_extra_controls__traits.hpp\n'}
[1.051319] (px4_msgs) StdoutLine: {'line': b'-- Up-to-date: /home/wei/fire_scout_ws/install/px4_msgs/include/px4_msgs/px4_msgs/msg/detail/takeoff_status__traits.hpp\n'}
[1.051351] (px4_msgs) StdoutLine: {'line': b'-- Up-to-date: /home/wei/fire_scout_ws/install/px4_msgs/include/px4_msgs/px4_msgs/msg/detail/sensor_gyro_fifo__struct.hpp\n'}
[1.051386] (px4_msgs) StdoutLine: {'line': b'-- Up-to-date: /home/wei/fire_scout_ws/install/px4_msgs/include/px4_msgs/px4_msgs/msg/detail/camera_capture__builder.hpp\n'}
[1.051417] (px4_msgs) StdoutLine: {'line': b'-- Up-to-date: /home/wei/fire_scout_ws/install/px4_msgs/include/px4_msgs/px4_msgs/msg/detail/health_report__traits.hpp\n'}
[1.051448] (px4_msgs) StdoutLine: {'line': b'-- Up-to-date: /home/wei/fire_scout_ws/install/px4_msgs/include/px4_msgs/px4_msgs/msg/detail/estimator_states__builder.hpp\n'}
[1.051479] (px4_msgs) StdoutLine: {'line': b'-- Up-to-date: /home/wei/fire_scout_ws/install/px4_msgs/include/px4_msgs/px4_msgs/msg/detail/follow_target__builder.hpp\n'}
[1.051512] (px4_msgs) StdoutLine: {'line': b'-- Up-to-date: /home/wei/fire_scout_ws/install/px4_msgs/include/px4_msgs/px4_msgs/msg/detail/home_position__struct.hpp\n'}
[1.051543] (px4_msgs) StdoutLine: {'line': b'-- Up-to-date: /home/wei/fire_scout_ws/install/px4_msgs/include/px4_msgs/px4_msgs/msg/detail/gripper__struct.hpp\n'}
[1.051575] (px4_msgs) StdoutLine: {'line': b'-- Up-to-date: /home/wei/fire_scout_ws/install/px4_msgs/include/px4_msgs/px4_msgs/msg/detail/follow_target_estimator__traits.hpp\n'}
[1.051608] (px4_msgs) StdoutLine: {'line': b'-- Up-to-date: /home/wei/fire_scout_ws/install/px4_msgs/include/px4_msgs/px4_msgs/msg/detail/px4io_status__struct.hpp\n'}
[1.051644] (px4_msgs) StdoutLine: {'line': b'-- Up-to-date: /home/wei/fire_scout_ws/install/px4_msgs/include/px4_msgs/px4_msgs/msg/detail/rover_position_setpoint__type_support.hpp\n'}
[1.051683] (px4_msgs) StdoutLine: {'line': b'-- Up-to-date: /home/wei/fire_scout_ws/install/px4_msgs/include/px4_msgs/px4_msgs/msg/detail/vehicle_torque_setpoint__builder.hpp\n'}
[1.051713] (px4_msgs) StdoutLine: {'line': b'-- Up-to-date: /home/wei/fire_scout_ws/install/px4_msgs/include/px4_msgs/px4_msgs/msg/detail/vehicle_imu__builder.hpp\n'}
[1.051744] (px4_msgs) StdoutLine: {'line': b'-- Up-to-date: /home/wei/fire_scout_ws/install/px4_msgs/include/px4_msgs/px4_msgs/msg/detail/qshell_req__struct.hpp\n'}
[1.051774] (px4_msgs) StdoutLine: {'line': b'-- Up-to-date: /home/wei/fire_scout_ws/install/px4_msgs/include/px4_msgs/px4_msgs/msg/detail/control_allocator_status__type_support.hpp\n'}
[1.051802] (px4_msgs) StdoutLine: {'line': b'-- Up-to-date: /home/wei/fire_scout_ws/install/px4_msgs/include/px4_msgs/px4_msgs/msg/detail/estimator_selector_status__type_support.hpp\n'}
[1.051831] (px4_msgs) StdoutLine: {'line': b'-- Up-to-date: /home/wei/fire_scout_ws/install/px4_msgs/include/px4_msgs/px4_msgs/msg/detail/mavlink_log__struct.hpp\n'}
[1.051859] (px4_msgs) StdoutLine: {'line': b'-- Up-to-date: /home/wei/fire_scout_ws/install/px4_msgs/include/px4_msgs/px4_msgs/msg/detail/sensor_selection__struct.hpp\n'}
[1.051892] (px4_msgs) StdoutLine: {'line': b'-- Up-to-date: /home/wei/fire_scout_ws/install/px4_msgs/include/px4_msgs/px4_msgs/msg/detail/dataman_response__struct.hpp\n'}
[1.051925] (px4_msgs) StdoutLine: {'line': b'-- Up-to-date: /home/wei/fire_scout_ws/install/px4_msgs/include/px4_msgs/px4_msgs/msg/detail/vehicle_land_detected__traits.hpp\n'}
[1.051973] (px4_msgs) StdoutLine: {'line': b'-- Up-to-date: /home/wei/fire_scout_ws/install/px4_msgs/include/px4_msgs/px4_msgs/msg/detail/rover_steering_setpoint__type_support.hpp\n'}
[1.052004] (px4_msgs) StdoutLine: {'line': b'-- Up-to-date: /home/wei/fire_scout_ws/install/px4_msgs/include/px4_msgs/px4_msgs/msg/detail/vehicle_imu_status__struct.hpp\n'}
[1.052034] (px4_msgs) StdoutLine: {'line': b'-- Up-to-date: /home/wei/fire_scout_ws/install/px4_msgs/include/px4_msgs/px4_msgs/msg/detail/position_setpoint_triplet__type_support.hpp\n'}
[1.052078] (px4_msgs) StdoutLine: {'line': b'-- Up-to-date: /home/wei/fire_scout_ws/install/px4_msgs/include/px4_msgs/px4_msgs/msg/detail/vehicle_global_position__traits.hpp\n'}
[1.052109] (px4_msgs) StdoutLine: {'line': b'-- Up-to-date: /home/wei/fire_scout_ws/install/px4_msgs/include/px4_msgs/px4_msgs/msg/detail/sensor_correction__builder.hpp\n'}
[1.052140] (px4_msgs) StdoutLine: {'line': b'-- Up-to-date: /home/wei/fire_scout_ws/install/px4_msgs/include/px4_msgs/px4_msgs/msg/detail/trajectory_setpoint6dof__type_support.hpp\n'}
[1.052171] (px4_msgs) StdoutLine: {'line': b'-- Up-to-date: /home/wei/fire_scout_ws/install/px4_msgs/include/px4_msgs/px4_msgs/msg/detail/mount_orientation__type_support.hpp\n'}
[1.052202] (px4_msgs) StdoutLine: {'line': b'-- Up-to-date: /home/wei/fire_scout_ws/install/px4_msgs/include/px4_msgs/px4_msgs/msg/detail/landing_target_innovations__traits.hpp\n'}
[1.052234] (px4_msgs) StdoutLine: {'line': b'-- Up-to-date: /home/wei/fire_scout_ws/install/px4_msgs/include/px4_msgs/px4_msgs/msg/detail/vehicle_imu_status__traits.hpp\n'}
[1.052266] (px4_msgs) StdoutLine: {'line': b'-- Up-to-date: /home/wei/fire_scout_ws/install/px4_msgs/include/px4_msgs/px4_msgs/msg/detail/fixed_wing_lateral_setpoint__struct.hpp\n'}
[1.052299] (px4_msgs) StdoutLine: {'line': b'-- Up-to-date: /home/wei/fire_scout_ws/install/px4_msgs/include/px4_msgs/px4_msgs/msg/detail/iridiumsbd_status__type_support.hpp\n'}
[1.052329] (px4_msgs) StdoutLine: {'line': b'-- Up-to-date: /home/wei/fire_scout_ws/install/px4_msgs/include/px4_msgs/px4_msgs/msg/detail/adc_report__traits.hpp\n'}
[1.052370] (px4_msgs) StdoutLine: {'line': b'-- Up-to-date: /home/wei/fire_scout_ws/install/px4_msgs/include/px4_msgs/px4_msgs/msg/detail/autotune_attitude_control_status__type_support.hpp\n'}
[1.052404] (px4_msgs) StdoutLine: {'line': b'-- Up-to-date: /home/wei/fire_scout_ws/install/px4_msgs/include/px4_msgs/px4_msgs/msg/detail/sensor_baro__type_support.hpp\n'}
[1.052441] (px4_msgs) StdoutLine: {'line': b'-- Up-to-date: /home/wei/fire_scout_ws/install/px4_msgs/include/px4_msgs/px4_msgs/msg/detail/neural_control__type_support.hpp\n'}
[1.052471] (px4_msgs) StdoutLine: {'line': b'-- Up-to-date: /home/wei/fire_scout_ws/install/px4_msgs/include/px4_msgs/px4_msgs/msg/detail/rover_rate_status__builder.hpp\n'}
[1.052502] (px4_msgs) StdoutLine: {'line': b'-- Up-to-date: /home/wei/fire_scout_ws/install/px4_msgs/include/px4_msgs/px4_msgs/msg/detail/logger_status__type_support.hpp\n'}
[1.052558] (px4_msgs) StdoutLine: {'line': b'-- Up-to-date: /home/wei/fire_scout_ws/install/px4_msgs/include/px4_msgs/px4_msgs/msg/detail/estimator_bias__builder.hpp\n'}
[1.052589] (px4_msgs) StdoutLine: {'line': b'-- Up-to-date: /home/wei/fire_scout_ws/install/px4_msgs/include/px4_msgs/px4_msgs/msg/detail/ekf2_timestamps__builder.hpp\n'}
[1.052620] (px4_msgs) StdoutLine: {'line': b'-- Up-to-date: /home/wei/fire_scout_ws/install/px4_msgs/include/px4_msgs/px4_msgs/msg/detail/rc_parameter_map__struct.hpp\n'}
[1.052651] (px4_msgs) StdoutLine: {'line': b'-- Up-to-date: /home/wei/fire_scout_ws/install/px4_msgs/include/px4_msgs/px4_msgs/msg/detail/vehicle_status__traits.hpp\n'}
[1.052682] (px4_msgs) StdoutLine: {'line': b'-- Up-to-date: /home/wei/fire_scout_ws/install/px4_msgs/include/px4_msgs/px4_msgs/msg/detail/fixed_wing_lateral_guidance_status__type_support.hpp\n'}
[1.052718] (px4_msgs) StdoutLine: {'line': b'-- Up-to-date: /home/wei/fire_scout_ws/install/px4_msgs/include/px4_msgs/px4_msgs/msg/detail/dronecan_node_status__traits.hpp\n'}
[1.052749] (px4_msgs) StdoutLine: {'line': b'-- Up-to-date: /home/wei/fire_scout_ws/install/px4_msgs/include/px4_msgs/px4_msgs/msg/detail/vehicle_land_detected__struct.hpp\n'}
[1.052779] (px4_msgs) StdoutLine: {'line': b'-- Up-to-date: /home/wei/fire_scout_ws/install/px4_msgs/include/px4_msgs/px4_msgs/msg/detail/vehicle_roi__traits.hpp\n'}
[1.052810] (px4_msgs) StdoutLine: {'line': b'-- Up-to-date: /home/wei/fire_scout_ws/install/px4_msgs/include/px4_msgs/px4_msgs/msg/detail/follow_target_estimator__type_support.hpp\n'}
[1.052851] (px4_msgs) StdoutLine: {'line': b'-- Up-to-date: /home/wei/fire_scout_ws/install/px4_msgs/include/px4_msgs/px4_msgs/msg/detail/arming_check_request__traits.hpp\n'}
[1.052886] (px4_msgs) StdoutLine: {'line': b'-- Up-to-date: /home/wei/fire_scout_ws/install/px4_msgs/include/px4_msgs/px4_msgs/msg/detail/debug_key_value__traits.hpp\n'}
[1.052944] (px4_msgs) StdoutLine: {'line': b'-- Up-to-date: /home/wei/fire_scout_ws/install/px4_msgs/include/px4_msgs/px4_msgs/msg/detail/actuator_test__traits.hpp\n'}
[1.052974] (px4_msgs) StdoutLine: {'line': b'-- Up-to-date: /home/wei/fire_scout_ws/install/px4_msgs/include/px4_msgs/px4_msgs/msg/detail/estimator_aid_source1d__traits.hpp\n'}
[1.053022] (px4_msgs) StdoutLine: {'line': b'-- Up-to-date: /home/wei/fire_scout_ws/install/px4_msgs/include/px4_msgs/px4_msgs/msg/detail/battery_info__type_support.hpp\n'}
[1.053057] (px4_msgs) StdoutLine: {'line': b'-- Up-to-date: /home/wei/fire_scout_ws/install/px4_msgs/include/px4_msgs/px4_msgs/msg/detail/normalized_unsigned_setpoint__builder.hpp\n'}
[1.053112] (px4_msgs) StdoutLine: {'line': b'-- Up-to-date: /home/wei/fire_scout_ws/install/px4_msgs/include/px4_msgs/px4_msgs/msg/detail/sensor_gyro_fft__struct.hpp\n'}
[1.053145] (px4_msgs) StdoutLine: {'line': b'-- Up-to-date: /home/wei/fire_scout_ws/install/px4_msgs/include/px4_msgs/px4_msgs/msg/detail/trajectory_setpoint__builder.hpp\n'}
[1.053176] (px4_msgs) StdoutLine: {'line': b'-- Up-to-date: /home/wei/fire_scout_ws/install/px4_msgs/include/px4_msgs/px4_msgs/msg/detail/estimator_states__type_support.hpp\n'}
[1.053207] (px4_msgs) StdoutLine: {'line': b'-- Up-to-date: /home/wei/fire_scout_ws/install/px4_msgs/include/px4_msgs/px4_msgs/msg/detail/ulog_stream_ack__traits.hpp\n'}
[1.053239] (px4_msgs) StdoutLine: {'line': b'-- Up-to-date: /home/wei/fire_scout_ws/install/px4_msgs/include/px4_msgs/px4_msgs/msg/detail/pure_pursuit_status__traits.hpp\n'}
[1.053274] (px4_msgs) StdoutLine: {'line': b'-- Up-to-date: /home/wei/fire_scout_ws/install/px4_msgs/include/px4_msgs/px4_msgs/msg/detail/pure_pursuit_status__builder.hpp\n'}
[1.053312] (px4_msgs) StdoutLine: {'line': b'-- Up-to-date: /home/wei/fire_scout_ws/install/px4_msgs/include/px4_msgs/px4_msgs/msg/detail/sensor_gyro_fft__type_support.hpp\n'}
[1.053350] (px4_msgs) StdoutLine: {'line': b'-- Up-to-date: /home/wei/fire_scout_ws/install/px4_msgs/include/px4_msgs/px4_msgs/msg/detail/task_stack_info__builder.hpp\n'}
[1.053404] (px4_msgs) StdoutLine: {'line': b'-- Up-to-date: /home/wei/fire_scout_ws/install/px4_msgs/include/px4_msgs/px4_msgs/msg/detail/vehicle_local_position__type_support.hpp\n'}
[1.053440] (px4_msgs) StdoutLine: {'line': b'-- Up-to-date: /home/wei/fire_scout_ws/install/px4_msgs/include/px4_msgs/px4_msgs/msg/detail/mission_result__traits.hpp\n'}
[1.053474] (px4_msgs) StdoutLine: {'line': b'-- Up-to-date: /home/wei/fire_scout_ws/install/px4_msgs/include/px4_msgs/px4_msgs/msg/detail/gps_dump__traits.hpp\n'}
[1.053507] (px4_msgs) StdoutLine: {'line': b'-- Up-to-date: /home/wei/fire_scout_ws/install/px4_msgs/include/px4_msgs/px4_msgs/msg/detail/estimator_sensor_bias__type_support.hpp\n'}
[1.053540] (px4_msgs) StdoutLine: {'line': b'-- Up-to-date: /home/wei/fire_scout_ws/install/px4_msgs/include/px4_msgs/px4_msgs/msg/detail/position_setpoint__traits.hpp\n'}
[1.053573] (px4_msgs) StdoutLine: {'line': b'-- Up-to-date: /home/wei/fire_scout_ws/install/px4_msgs/include/px4_msgs/px4_msgs/msg/detail/debug_array__traits.hpp\n'}
[1.053605] (px4_msgs) StdoutLine: {'line': b'-- Up-to-date: /home/wei/fire_scout_ws/install/px4_msgs/include/px4_msgs/px4_msgs/msg/detail/manual_control_switches__builder.hpp\n'}
[1.053638] (px4_msgs) StdoutLine: {'line': b'-- Up-to-date: /home/wei/fire_scout_ws/install/px4_msgs/include/px4_msgs/px4_msgs/msg/detail/yaw_estimator_status__traits.hpp\n'}
[1.053671] (px4_msgs) StdoutLine: {'line': b'-- Up-to-date: /home/wei/fire_scout_ws/install/px4_msgs/include/px4_msgs/px4_msgs/msg/detail/rtl_time_estimate__type_support.hpp\n'}
[1.053704] (px4_msgs) StdoutLine: {'line': b'-- Up-to-date: /home/wei/fire_scout_ws/install/px4_msgs/include/px4_msgs/px4_msgs/msg/detail/flight_phase_estimation__traits.hpp\n'}
[1.053765] (px4_msgs) StdoutLine: {'line': b'-- Up-to-date: /home/wei/fire_scout_ws/install/px4_msgs/include/px4_msgs/px4_msgs/msg/detail/geofence_result__traits.hpp\n'}
[1.053810] (px4_msgs) StdoutLine: {'line': b'-- Up-to-date: /home/wei/fire_scout_ws/install/px4_msgs/include/px4_msgs/px4_msgs/msg/detail/battery_status__traits.hpp\n'}
[1.053863] (px4_msgs) StdoutLine: {'line': b'-- Up-to-date: /home/wei/fire_scout_ws/install/px4_msgs/include/px4_msgs/px4_msgs/msg/detail/sensor_optical_flow__type_support.hpp\n'}
[1.053896] (px4_msgs) StdoutLine: {'line': b'-- Up-to-date: /home/wei/fire_scout_ws/install/px4_msgs/include/px4_msgs/px4_msgs/msg/detail/vehicle_thrust_setpoint__builder.hpp\n'}
[1.053930] (px4_msgs) StdoutLine: {'line': b'-- Up-to-date: /home/wei/fire_scout_ws/install/px4_msgs/include/px4_msgs/px4_msgs/msg/detail/orb_test__struct.hpp\n'}
[1.053971] (px4_msgs) StdoutLine: {'line': b'-- Up-to-date: /home/wei/fire_scout_ws/install/px4_msgs/include/px4_msgs/px4_msgs/msg/detail/qshell_req__builder.hpp\n'}
[1.054005] (px4_msgs) StdoutLine: {'line': b'-- Up-to-date: /home/wei/fire_scout_ws/install/px4_msgs/include/px4_msgs/px4_msgs/msg/detail/position_setpoint_triplet__builder.hpp\n'}
[1.054039] (px4_msgs) StdoutLine: {'line': b'-- Up-to-date: /home/wei/fire_scout_ws/install/px4_msgs/include/px4_msgs/px4_msgs/msg/detail/estimator_status_flags__struct.hpp\n'}
[1.054072] (px4_msgs) StdoutLine: {'line': b'-- Up-to-date: /home/wei/fire_scout_ws/install/px4_msgs/include/px4_msgs/px4_msgs/msg/detail/navigator_status__struct.hpp\n'}
[1.054121] (px4_msgs) StdoutLine: {'line': b'-- Up-to-date: /home/wei/fire_scout_ws/install/px4_msgs/include/px4_msgs/px4_msgs/msg/detail/collision_constraints__struct.hpp\n'}
[1.054154] (px4_msgs) StdoutLine: {'line': b'-- Up-to-date: /home/wei/fire_scout_ws/install/px4_msgs/include/px4_msgs/px4_msgs/msg/detail/orb_test_large__struct.hpp\n'}
[1.054191] (px4_msgs) StdoutLine: {'line': b'-- Up-to-date: /home/wei/fire_scout_ws/install/px4_msgs/include/px4_msgs/px4_msgs/msg/detail/vehicle_angular_velocity__type_support.hpp\n'}
[1.054223] (px4_msgs) StdoutLine: {'line': b'-- Up-to-date: /home/wei/fire_scout_ws/install/px4_msgs/include/px4_msgs/px4_msgs/msg/detail/vehicle_control_mode__type_support.hpp\n'}
[1.054256] (px4_msgs) StdoutLine: {'line': b'-- Up-to-date: /home/wei/fire_scout_ws/install/px4_msgs/include/px4_msgs/px4_msgs/msg/detail/wind__struct.hpp\n'}
[1.054289] (px4_msgs) StdoutLine: {'line': b'-- Up-to-date: /home/wei/fire_scout_ws/install/px4_msgs/include/px4_msgs/px4_msgs/msg/detail/estimator_sensor_bias__traits.hpp\n'}
[1.054323] (px4_msgs) StdoutLine: {'line': b'-- Up-to-date: /home/wei/fire_scout_ws/install/px4_msgs/include/px4_msgs/px4_msgs/msg/detail/actuator_servos__traits.hpp\n'}
[1.054372] (px4_msgs) StdoutLine: {'line': b'-- Up-to-date: /home/wei/fire_scout_ws/install/px4_msgs/include/px4_msgs/px4_msgs/msg/detail/input_rc__struct.hpp\n'}
[1.054408] (px4_msgs) StdoutLine: {'line': b'-- Up-to-date: /home/wei/fire_scout_ws/install/px4_msgs/include/px4_msgs/px4_msgs/msg/detail/sensor_gyro__type_support.hpp\n'}
[1.054442] (px4_msgs) StdoutLine: {'line': b'-- Up-to-date: /home/wei/fire_scout_ws/install/px4_msgs/include/px4_msgs/px4_msgs/msg/detail/pure_pursuit_status__type_support.hpp\n'}
[1.054475] (px4_msgs) StdoutLine: {'line': b'-- Up-to-date: /home/wei/fire_scout_ws/install/px4_msgs/include/px4_msgs/px4_msgs/msg/detail/tecs_status__type_support.hpp\n'}
[1.054510] (px4_msgs) StdoutLine: {'line': b'-- Up-to-date: /home/wei/fire_scout_ws/install/px4_msgs/include/px4_msgs/px4_msgs/msg/detail/pwm_input__type_support.hpp\n'}
[1.054562] (px4_msgs) StdoutLine: {'line': b'-- Up-to-date: /home/wei/fire_scout_ws/install/px4_msgs/include/px4_msgs/px4_msgs/msg/detail/gimbal_device_attitude_status__type_support.hpp\n'}
[1.054595] (px4_msgs) StdoutLine: {'line': b'-- Up-to-date: /home/wei/fire_scout_ws/install/px4_msgs/include/px4_msgs/px4_msgs/msg/detail/telemetry_status__struct.hpp\n'}
[1.054628] (px4_msgs) StdoutLine: {'line': b'-- Up-to-date: /home/wei/fire_scout_ws/install/px4_msgs/include/px4_msgs/px4_msgs/msg/detail/position_setpoint_triplet__traits.hpp\n'}
[1.054662] (px4_msgs) StdoutLine: {'line': b'-- Up-to-date: /home/wei/fire_scout_ws/install/px4_msgs/include/px4_msgs/px4_msgs/msg/detail/message_format_response__traits.hpp\n'}
[1.054693] (px4_msgs) StdoutLine: {'line': b'-- Up-to-date: /home/wei/fire_scout_ws/install/px4_msgs/include/px4_msgs/px4_msgs/msg/detail/rover_speed_status__traits.hpp\n'}
[1.054724] (px4_msgs) StdoutLine: {'line': b'-- Up-to-date: /home/wei/fire_scout_ws/install/px4_msgs/include/px4_msgs/px4_msgs/msg/detail/goto_setpoint__struct.hpp\n'}
[1.054756] (px4_msgs) StdoutLine: {'line': b'-- Up-to-date: /home/wei/fire_scout_ws/install/px4_msgs/include/px4_msgs/px4_msgs/msg/detail/position_controller_status__type_support.hpp\n'}
[1.054802] (px4_msgs) StdoutLine: {'line': b'-- Up-to-date: /home/wei/fire_scout_ws/install/px4_msgs/include/px4_msgs/px4_msgs/msg/detail/offboard_control_mode__builder.hpp\n'}
[1.054857] (px4_msgs) StdoutLine: {'line': b'-- Up-to-date: /home/wei/fire_scout_ws/install/px4_msgs/include/px4_msgs/px4_msgs/msg/detail/uavcan_parameter_value__type_support.hpp\n'}
[1.054891] (px4_msgs) StdoutLine: {'line': b'-- Up-to-date: /home/wei/fire_scout_ws/install/px4_msgs/include/px4_msgs/px4_msgs/msg/detail/goto_setpoint__type_support.hpp\n'}
[1.054923] (px4_msgs) StdoutLine: {'line': b'-- Up-to-date: /home/wei/fire_scout_ws/install/px4_msgs/include/px4_msgs/px4_msgs/msg/detail/debug_value__struct.hpp\n'}
[1.054954] (px4_msgs) StdoutLine: {'line': b'-- Up-to-date: /home/wei/fire_scout_ws/install/px4_msgs/include/px4_msgs/px4_msgs/msg/detail/mavlink_tunnel__type_support.hpp\n'}
[1.054986] (px4_msgs) StdoutLine: {'line': b'-- Up-to-date: /home/wei/fire_scout_ws/install/px4_msgs/include/px4_msgs/px4_msgs/msg/detail/input_rc__type_support.hpp\n'}
[1.055020] (px4_msgs) StdoutLine: {'line': b'-- Up-to-date: /home/wei/fire_scout_ws/install/px4_msgs/include/px4_msgs/px4_msgs/msg/detail/normalized_unsigned_setpoint__struct.hpp\n'}
[1.055052] (px4_msgs) StdoutLine: {'line': b'-- Up-to-date: /home/wei/fire_scout_ws/install/px4_msgs/include/px4_msgs/px4_msgs/msg/detail/rover_speed_setpoint__type_support.hpp\n'}
[1.055088] (px4_msgs) StdoutLine: {'line': b'-- Up-to-date: /home/wei/fire_scout_ws/install/px4_msgs/include/px4_msgs/px4_msgs/msg/detail/actuator_servos__type_support.hpp\n'}
[1.055124] (px4_msgs) StdoutLine: {'line': b'-- Up-to-date: /home/wei/fire_scout_ws/install/px4_msgs/include/px4_msgs/px4_msgs/msg/detail/obstacle_distance__traits.hpp\n'}
[1.055166] (px4_msgs) StdoutLine: {'line': b'-- Up-to-date: /home/wei/fire_scout_ws/install/px4_msgs/include/px4_msgs/px4_msgs/msg/detail/parameter_set_value_response__struct.hpp\n'}
[1.055217] (px4_msgs) StdoutLine: {'line': b'-- Up-to-date: /home/wei/fire_scout_ws/install/px4_msgs/include/px4_msgs/px4_msgs/msg/detail/figure_eight_status__builder.hpp\n'}
[1.055250] (px4_msgs) StdoutLine: {'line': b'-- Up-to-date: /home/wei/fire_scout_ws/install/px4_msgs/include/px4_msgs/px4_msgs/msg/detail/mount_orientation__builder.hpp\n'}
[1.055285] (px4_msgs) StdoutLine: {'line': b'-- Up-to-date: /home/wei/fire_scout_ws/install/px4_msgs/include/px4_msgs/px4_msgs/msg/detail/ulog_stream__type_support.hpp\n'}
[1.055317] (px4_msgs) StdoutLine: {'line': b'-- Up-to-date: /home/wei/fire_scout_ws/install/px4_msgs/include/px4_msgs/px4_msgs/msg/detail/esc_status__type_support.hpp\n'}
[1.055362] (px4_msgs) StdoutLine: {'line': b'-- Up-to-date: /home/wei/fire_scout_ws/install/px4_msgs/include/px4_msgs/px4_msgs/msg/detail/cellular_status__builder.hpp\n'}
[1.055401] (px4_msgs) StdoutLine: {'line': b'-- Up-to-date: /home/wei/fire_scout_ws/install/px4_msgs/include/px4_msgs/px4_msgs/msg/detail/uavcan_parameter_request__builder.hpp\n'}
[1.055435] (px4_msgs) StdoutLine: {'line': b'-- Up-to-date: /home/wei/fire_scout_ws/install/px4_msgs/include/px4_msgs/px4_msgs/msg/detail/estimator_gps_status__type_support.hpp\n'}
[1.055468] (px4_msgs) StdoutLine: {'line': b'-- Up-to-date: /home/wei/fire_scout_ws/install/px4_msgs/include/px4_msgs/px4_msgs/msg/detail/fixed_wing_lateral_setpoint__type_support.hpp\n'}
[1.055500] (px4_msgs) StdoutLine: {'line': b'-- Up-to-date: /home/wei/fire_scout_ws/install/px4_msgs/include/px4_msgs/px4_msgs/msg/detail/open_drone_id_system__struct.hpp\n'}
[1.055544] (px4_msgs) StdoutLine: {'line': b'-- Up-to-date: /home/wei/fire_scout_ws/install/px4_msgs/include/px4_msgs/px4_msgs/msg/detail/differential_pressure__builder.hpp\n'}
[1.055580] (px4_msgs) StdoutLine: {'line': b'-- Up-to-date: /home/wei/fire_scout_ws/install/px4_msgs/include/px4_msgs/px4_msgs/msg/detail/iridiumsbd_status__struct.hpp\n'}
[1.055622] (px4_msgs) StdoutLine: {'line': b'-- Up-to-date: /home/wei/fire_scout_ws/install/px4_msgs/include/px4_msgs/px4_msgs/msg/detail/generator_status__type_support.hpp\n'}
[1.055655] (px4_msgs) StdoutLine: {'line': b'-- Up-to-date: /home/wei/fire_scout_ws/install/px4_msgs/include/px4_msgs/px4_msgs/msg/detail/mission_result__struct.hpp\n'}
[1.055692] (px4_msgs) StdoutLine: {'line': b'-- Up-to-date: /home/wei/fire_scout_ws/install/px4_msgs/include/px4_msgs/px4_msgs/msg/detail/follow_target_estimator__builder.hpp\n'}
[1.055729] (px4_msgs) StdoutLine: {'line': b'-- Up-to-date: /home/wei/fire_scout_ws/install/px4_msgs/include/px4_msgs/px4_msgs/msg/detail/estimator_sensor_bias__struct.hpp\n'}
[1.055766] (px4_msgs) StdoutLine: {'line': b'-- Up-to-date: /home/wei/fire_scout_ws/install/px4_msgs/include/px4_msgs/px4_msgs/msg/detail/gimbal_manager_set_attitude__builder.hpp\n'}
[1.055812] (px4_msgs) StdoutLine: {'line': b'-- Up-to-date: /home/wei/fire_scout_ws/install/px4_msgs/include/px4_msgs/px4_msgs/msg/detail/arming_check_reply__type_support.hpp\n'}
[1.055848] (px4_msgs) StdoutLine: {'line': b'-- Up-to-date: /home/wei/fire_scout_ws/install/px4_msgs/include/px4_msgs/px4_msgs/msg/detail/estimator_aid_source3d__type_support.hpp\n'}
[1.055884] (px4_msgs) StdoutLine: {'line': b'-- Up-to-date: /home/wei/fire_scout_ws/install/px4_msgs/include/px4_msgs/px4_msgs/msg/detail/health_report__builder.hpp\n'}
[1.055924] (px4_msgs) StdoutLine: {'line': b'-- Up-to-date: /home/wei/fire_scout_ws/install/px4_msgs/include/px4_msgs/px4_msgs/msg/detail/vehicle_imu_status__builder.hpp\n'}
[1.055959] (px4_msgs) StdoutLine: {'line': b'-- Up-to-date: /home/wei/fire_scout_ws/install/px4_msgs/include/px4_msgs/px4_msgs/msg/detail/lateral_control_configuration__type_support.hpp\n'}
[1.055994] (px4_msgs) StdoutLine: {'line': b'-- Up-to-date: /home/wei/fire_scout_ws/install/px4_msgs/include/px4_msgs/px4_msgs/msg/detail/camera_status__builder.hpp\n'}
[1.056029] (px4_msgs) StdoutLine: {'line': b'-- Up-to-date: /home/wei/fire_scout_ws/install/px4_msgs/include/px4_msgs/px4_msgs/msg/detail/distance_sensor_mode_change_request__traits.hpp\n'}
[1.056062] (px4_msgs) StdoutLine: {'line': b'-- Up-to-date: /home/wei/fire_scout_ws/install/px4_msgs/include/px4_msgs/px4_msgs/msg/detail/unregister_ext_component__type_support.hpp\n'}
[1.056096] (px4_msgs) StdoutLine: {'line': b'-- Up-to-date: /home/wei/fire_scout_ws/install/px4_msgs/include/px4_msgs/px4_msgs/msg/detail/power_button_state__traits.hpp\n'}
[1.056129] (px4_msgs) StdoutLine: {'line': b'-- Up-to-date: /home/wei/fire_scout_ws/install/px4_msgs/include/px4_msgs/px4_msgs/msg/detail/sensors_status__builder.hpp\n'}
[1.056192] (px4_msgs) StdoutLine: {'line': b'-- Up-to-date: /home/wei/fire_scout_ws/install/px4_msgs/include/px4_msgs/px4_msgs/msg/detail/sensor_accel_fifo__struct.hpp\n'}
[1.056225] (px4_msgs) StdoutLine: {'line': b'-- Up-to-date: /home/wei/fire_scout_ws/install/px4_msgs/include/px4_msgs/px4_msgs/msg/detail/camera_capture__struct.hpp\n'}
[1.056257] (px4_msgs) StdoutLine: {'line': b'-- Up-to-date: /home/wei/fire_scout_ws/install/px4_msgs/include/px4_msgs/px4_msgs/msg/detail/vehicle_imu__traits.hpp\n'}
[1.056294] (px4_msgs) StdoutLine: {'line': b'-- Up-to-date: /home/wei/fire_scout_ws/install/px4_msgs/include/px4_msgs/px4_msgs/msg/detail/distance_sensor__struct.hpp\n'}
[1.056329] (px4_msgs) StdoutLine: {'line': b'-- Up-to-date: /home/wei/fire_scout_ws/install/px4_msgs/include/px4_msgs/px4_msgs/msg/detail/autotune_attitude_control_status__struct.hpp\n'}
[1.056371] (px4_msgs) StdoutLine: {'line': b'-- Up-to-date: /home/wei/fire_scout_ws/install/px4_msgs/include/px4_msgs/px4_msgs/msg/detail/estimator_sensor_bias__builder.hpp\n'}
[1.056424] (px4_msgs) StdoutLine: {'line': b'-- Up-to-date: /home/wei/fire_scout_ws/install/px4_msgs/include/px4_msgs/px4_msgs/msg/detail/gimbal_manager_information__traits.hpp\n'}
[1.056471] (px4_msgs) StdoutLine: {'line': b'-- Up-to-date: /home/wei/fire_scout_ws/install/px4_msgs/include/px4_msgs/px4_msgs/msg/detail/estimator_status_flags__builder.hpp\n'}
[1.056507] (px4_msgs) StdoutLine: {'line': b'-- Up-to-date: /home/wei/fire_scout_ws/install/px4_msgs/include/px4_msgs/px4_msgs/msg/detail/follow_target_status__traits.hpp\n'}
[1.056543] (px4_msgs) StdoutLine: {'line': b'-- Up-to-date: /home/wei/fire_scout_ws/install/px4_msgs/include/px4_msgs/px4_msgs/msg/detail/vehicle_angular_acceleration_setpoint__struct.hpp\n'}
[1.056579] (px4_msgs) StdoutLine: {'line': b'-- Up-to-date: /home/wei/fire_scout_ws/install/px4_msgs/include/px4_msgs/px4_msgs/msg/detail/px4io_status__traits.hpp\n'}
[1.056623] (px4_msgs) StdoutLine: {'line': b'-- Up-to-date: /home/wei/fire_scout_ws/install/px4_msgs/include/px4_msgs/px4_msgs/msg/detail/tecs_status__traits.hpp\n'}
[1.056657] (px4_msgs) StdoutLine: {'line': b'-- Up-to-date: /home/wei/fire_scout_ws/install/px4_msgs/include/px4_msgs/px4_msgs/msg/detail/tecs_status__builder.hpp\n'}
[1.056690] (px4_msgs) StdoutLine: {'line': b'-- Up-to-date: /home/wei/fire_scout_ws/install/px4_msgs/include/px4_msgs/px4_msgs/msg/detail/fixed_wing_lateral_status__type_support.hpp\n'}
[1.056723] (px4_msgs) StdoutLine: {'line': b'-- Up-to-date: /home/wei/fire_scout_ws/install/px4_msgs/include/px4_msgs/px4_msgs/msg/detail/gimbal_manager_set_manual_control__traits.hpp\n'}
[1.056756] (px4_msgs) StdoutLine: {'line': b'-- Up-to-date: /home/wei/fire_scout_ws/install/px4_msgs/include/px4_msgs/px4_msgs/msg/detail/parameter_set_value_request__traits.hpp\n'}
[1.056793] (px4_msgs) StdoutLine: {'line': b'-- Up-to-date: /home/wei/fire_scout_ws/install/px4_msgs/include/px4_msgs/px4_msgs/msg/detail/gpio_out__type_support.hpp\n'}
[1.056827] (px4_msgs) StdoutLine: {'line': b'-- Up-to-date: /home/wei/fire_scout_ws/install/px4_msgs/include/px4_msgs/px4_msgs/msg/detail/vehicle_local_position__builder.hpp\n'}
[1.056880] (px4_msgs) StdoutLine: {'line': b'-- Up-to-date: /home/wei/fire_scout_ws/install/px4_msgs/include/px4_msgs/px4_msgs/msg/detail/position_controller_status__struct.hpp\n'}
[1.056914] (px4_msgs) StdoutLine: {'line': b'-- Up-to-date: /home/wei/fire_scout_ws/install/px4_msgs/include/px4_msgs/px4_msgs/msg/detail/vehicle_odometry__traits.hpp\n'}
[1.056950] (px4_msgs) StdoutLine: {'line': b'-- Up-to-date: /home/wei/fire_scout_ws/install/px4_msgs/include/px4_msgs/px4_msgs/msg/detail/hover_thrust_estimate__builder.hpp\n'}
[1.056983] (px4_msgs) StdoutLine: {'line': b'-- Up-to-date: /home/wei/fire_scout_ws/install/px4_msgs/include/px4_msgs/px4_msgs/msg/detail/vehicle_odometry__struct.hpp\n'}
[1.057017] (px4_msgs) StdoutLine: {'line': b'-- Up-to-date: /home/wei/fire_scout_ws/install/px4_msgs/include/px4_msgs/px4_msgs/msg/detail/sensor_gnss_status__builder.hpp\n'}
[1.057052] (px4_msgs) StdoutLine: {'line': b'-- Up-to-date: /home/wei/fire_scout_ws/install/px4_msgs/include/px4_msgs/px4_msgs/msg/detail/landing_gear__type_support.hpp\n'}
[1.057085] (px4_msgs) StdoutLine: {'line': b'-- Up-to-date: /home/wei/fire_scout_ws/install/px4_msgs/include/px4_msgs/px4_msgs/msg/detail/internal_combustion_engine_status__struct.hpp\n'}
[1.057118] (px4_msgs) StdoutLine: {'line': b'-- Up-to-date: /home/wei/fire_scout_ws/install/px4_msgs/include/px4_msgs/px4_msgs/msg/detail/parameter_reset_request__traits.hpp\n'}
[1.057152] (px4_msgs) StdoutLine: {'line': b'-- Up-to-date: /home/wei/fire_scout_ws/install/px4_msgs/include/px4_msgs/px4_msgs/msg/detail/vehicle_command_ack__struct.hpp\n'}
[1.057186] (px4_msgs) StdoutLine: {'line': b'-- Up-to-date: /home/wei/fire_scout_ws/install/px4_msgs/include/px4_msgs/px4_msgs/msg/detail/geofence_status__builder.hpp\n'}
[1.057235] (px4_msgs) StdoutLine: {'line': b'-- Up-to-date: /home/wei/fire_scout_ws/install/px4_msgs/include/px4_msgs/px4_msgs/msg/detail/vehicle_optical_flow_vel__traits.hpp\n'}
[1.057267] (px4_msgs) StdoutLine: {'line': b'-- Up-to-date: /home/wei/fire_scout_ws/install/px4_msgs/include/px4_msgs/px4_msgs/msg/detail/config_overrides__struct.hpp\n'}
[1.057300] (px4_msgs) StdoutLine: {'line': b'-- Up-to-date: /home/wei/fire_scout_ws/install/px4_msgs/include/px4_msgs/px4_msgs/msg/detail/battery_info__builder.hpp\n'}
[1.057334] (px4_msgs) StdoutLine: {'line': b'-- Up-to-date: /home/wei/fire_scout_ws/install/px4_msgs/include/px4_msgs/px4_msgs/msg/detail/internal_combustion_engine_control__struct.hpp\n'}
[1.057370] (px4_msgs) StdoutLine: {'line': b'-- Up-to-date: /home/wei/fire_scout_ws/install/px4_msgs/include/px4_msgs/px4_msgs/msg/detail/sensor_baro__builder.hpp\n'}
[1.057406] (px4_msgs) StdoutLine: {'line': b'-- Up-to-date: /home/wei/fire_scout_ws/install/px4_msgs/include/px4_msgs/px4_msgs/msg/detail/position_controller_landing_status__builder.hpp\n'}
[1.057446] (px4_msgs) StdoutLine: {'line': b'-- Up-to-date: /home/wei/fire_scout_ws/install/px4_msgs/include/px4_msgs/px4_msgs/msg/detail/register_ext_component_request__struct.hpp\n'}
[1.057495] (px4_msgs) StdoutLine: {'line': b'-- Up-to-date: /home/wei/fire_scout_ws/install/px4_msgs/include/px4_msgs/px4_msgs/msg/detail/dataman_response__type_support.hpp\n'}
[1.057545] (px4_msgs) StdoutLine: {'line': b'-- Up-to-date: /home/wei/fire_scout_ws/install/px4_msgs/include/px4_msgs/px4_msgs/msg/detail/estimator_aid_source2d__struct.hpp\n'}
[1.057586] (px4_msgs) StdoutLine: {'line': b'-- Up-to-date: /home/wei/fire_scout_ws/install/px4_msgs/include/px4_msgs/px4_msgs/msg/detail/estimator_selector_status__struct.hpp\n'}
[1.057623] (px4_msgs) StdoutLine: {'line': b'-- Up-to-date: /home/wei/fire_scout_ws/install/px4_msgs/include/px4_msgs/px4_msgs/msg/detail/gps_inject_data__traits.hpp\n'}
[1.057659] (px4_msgs) StdoutLine: {'line': b'-- Up-to-date: /home/wei/fire_scout_ws/install/px4_msgs/include/px4_msgs/px4_msgs/msg/detail/sensor_airflow__type_support.hpp\n'}
[1.057708] (px4_msgs) StdoutLine: {'line': b'-- Up-to-date: /home/wei/fire_scout_ws/install/px4_msgs/include/px4_msgs/px4_msgs/msg/detail/gimbal_manager_information__type_support.hpp\n'}
[1.057765] (px4_msgs) StdoutLine: {'line': b'-- Up-to-date: /home/wei/fire_scout_ws/install/px4_msgs/include/px4_msgs/px4_msgs/msg/detail/camera_trigger__traits.hpp\n'}
[1.057799] (px4_msgs) StdoutLine: {'line': b'-- Up-to-date: /home/wei/fire_scout_ws/install/px4_msgs/include/px4_msgs/px4_msgs/msg/detail/sensor_hygrometer__type_support.hpp\n'}
[1.057834] (px4_msgs) StdoutLine: {'line': b'-- Up-to-date: /home/wei/fire_scout_ws/install/px4_msgs/include/px4_msgs/px4_msgs/msg/detail/qshell_retval__type_support.hpp\n'}
[1.057870] (px4_msgs) StdoutLine: {'line': b'-- Up-to-date: /home/wei/fire_scout_ws/install/px4_msgs/include/px4_msgs/px4_msgs/msg/detail/navigator_mission_item__type_support.hpp\n'}
[1.057908] (px4_msgs) StdoutLine: {'line': b'-- Up-to-date: /home/wei/fire_scout_ws/install/px4_msgs/include/px4_msgs/px4_msgs/msg/detail/gimbal_manager_set_manual_control__struct.hpp\n'}
[1.057948] (px4_msgs) StdoutLine: {'line': b'-- Up-to-date: /home/wei/fire_scout_ws/install/px4_msgs/include/px4_msgs/px4_msgs/msg/detail/estimator_status_flags__type_support.hpp\n'}
[1.057992] (px4_msgs) StdoutLine: {'line': b'-- Up-to-date: /home/wei/fire_scout_ws/install/px4_msgs/include/px4_msgs/px4_msgs/msg/detail/estimator_bias__traits.hpp\n'}
[1.058049] (px4_msgs) StdoutLine: {'line': b'-- Up-to-date: /home/wei/fire_scout_ws/install/px4_msgs/include/px4_msgs/px4_msgs/msg/detail/cellular_status__struct.hpp\n'}
[1.058088] (px4_msgs) StdoutLine: {'line': b'-- Up-to-date: /home/wei/fire_scout_ws/install/px4_msgs/include/px4_msgs/px4_msgs/msg/detail/estimator_gps_status__traits.hpp\n'}
[1.058128] (px4_msgs) StdoutLine: {'line': b'-- Up-to-date: /home/wei/fire_scout_ws/install/px4_msgs/include/px4_msgs/px4_msgs/msg/detail/sensor_gnss_relative__traits.hpp\n'}
[1.058939] (px4_msgs) StdoutLine: {'line': b'-- Up-to-date: /home/wei/fire_scout_ws/install/px4_msgs/include/px4_msgs/px4_msgs/msg/detail/mission_result__builder.hpp\n'}
[1.059027] (px4_msgs) StdoutLine: {'line': b'-- Up-to-date: /home/wei/fire_scout_ws/install/px4_msgs/include/px4_msgs/px4_msgs/msg/detail/pwm_input__struct.hpp\n'}
[1.059066] (px4_msgs) StdoutLine: {'line': b'-- Up-to-date: /home/wei/fire_scout_ws/install/px4_msgs/include/px4_msgs/px4_msgs/msg/detail/airspeed_wind__builder.hpp\n'}
[1.059103] (px4_msgs) StdoutLine: {'line': b'-- Up-to-date: /home/wei/fire_scout_ws/install/px4_msgs/include/px4_msgs/px4_msgs/msg/detail/open_drone_id_operator_id__builder.hpp\n'}
[1.059142] (px4_msgs) StdoutLine: {'line': b'-- Up-to-date: /home/wei/fire_scout_ws/install/px4_msgs/include/px4_msgs/px4_msgs/msg/detail/open_drone_id_arm_status__type_support.hpp\n'}
[1.059198] (px4_msgs) StdoutLine: {'line': b'-- Up-to-date: /home/wei/fire_scout_ws/install/px4_msgs/include/px4_msgs/px4_msgs/msg/detail/vehicle_roi__type_support.hpp\n'}
[1.059234] (px4_msgs) StdoutLine: {'line': b'-- Up-to-date: /home/wei/fire_scout_ws/install/px4_msgs/include/px4_msgs/px4_msgs/msg/detail/wheel_encoders__struct.hpp\n'}
[1.059271] (px4_msgs) StdoutLine: {'line': b'-- Up-to-date: /home/wei/fire_scout_ws/install/px4_msgs/include/px4_msgs/px4_msgs/msg/detail/longitudinal_control_configuration__type_support.hpp\n'}
[1.059308] (px4_msgs) StdoutLine: {'line': b'-- Up-to-date: /home/wei/fire_scout_ws/install/px4_msgs/include/px4_msgs/px4_msgs/msg/detail/mode_completed__struct.hpp\n'}
[1.059346] (px4_msgs) StdoutLine: {'line': b'-- Up-to-date: /home/wei/fire_scout_ws/install/px4_msgs/include/px4_msgs/px4_msgs/msg/detail/esc_report__traits.hpp\n'}
[1.059389] (px4_msgs) StdoutLine: {'line': b'-- Up-to-date: /home/wei/fire_scout_ws/install/px4_msgs/include/px4_msgs/px4_msgs/msg/detail/sensor_mag__builder.hpp\n'}
[1.059430] (px4_msgs) StdoutLine: {'line': b'-- Up-to-date: /home/wei/fire_scout_ws/install/px4_msgs/include/px4_msgs/px4_msgs/msg/detail/debug_key_value__type_support.hpp\n'}
[1.059497] (px4_msgs) StdoutLine: {'line': b'-- Up-to-date: /home/wei/fire_scout_ws/install/px4_msgs/include/px4_msgs/px4_msgs/msg/detail/estimator_selector_status__traits.hpp\n'}
[1.059557] (px4_msgs) StdoutLine: {'line': b'-- Up-to-date: /home/wei/fire_scout_ws/install/px4_msgs/include/px4_msgs/px4_msgs/msg/detail/actuator_armed__struct.hpp\n'}
[1.059598] (px4_msgs) StdoutLine: {'line': b'-- Up-to-date: /home/wei/fire_scout_ws/install/px4_msgs/include/px4_msgs/px4_msgs/msg/detail/sensor_accel__traits.hpp\n'}
[1.059661] (px4_msgs) StdoutLine: {'line': b'-- Up-to-date: /home/wei/fire_scout_ws/install/px4_msgs/include/px4_msgs/px4_msgs/msg/detail/sensor_optical_flow__struct.hpp\n'}
[1.059699] (px4_msgs) StdoutLine: {'line': b'-- Up-to-date: /home/wei/fire_scout_ws/install/px4_msgs/include/px4_msgs/px4_msgs/msg/detail/rover_rate_setpoint__type_support.hpp\n'}
[1.059739] (px4_msgs) StdoutLine: {'line': b'-- Up-to-date: /home/wei/fire_scout_ws/install/px4_msgs/include/px4_msgs/px4_msgs/msg/detail/airspeed__traits.hpp\n'}
[1.059785] (px4_msgs) StdoutLine: {'line': b'-- Up-to-date: /home/wei/fire_scout_ws/install/px4_msgs/include/px4_msgs/px4_msgs/msg/detail/control_allocator_status__struct.hpp\n'}
[1.059843] (px4_msgs) StdoutLine: {'line': b'-- Up-to-date: /home/wei/fire_scout_ws/install/px4_msgs/include/px4_msgs/px4_msgs/msg/detail/parameter_set_value_request__struct.hpp\n'}
[1.059887] (px4_msgs) StdoutLine: {'line': b'-- Up-to-date: /home/wei/fire_scout_ws/install/px4_msgs/include/px4_msgs/px4_msgs/msg/detail/sensor_airflow__builder.hpp\n'}
[1.059940] (px4_msgs) StdoutLine: {'line': b'-- Up-to-date: /home/wei/fire_scout_ws/install/px4_msgs/include/px4_msgs/px4_msgs/msg/detail/debug_array__builder.hpp\n'}
[1.059977] (px4_msgs) StdoutLine: {'line': b'-- Up-to-date: /home/wei/fire_scout_ws/install/px4_msgs/include/px4_msgs/px4_msgs/msg/detail/gimbal_device_attitude_status__struct.hpp\n'}
[1.060015] (px4_msgs) StdoutLine: {'line': b'-- Up-to-date: /home/wei/fire_scout_ws/install/px4_msgs/include/px4_msgs/px4_msgs/msg/detail/home_position__builder.hpp\n'}
[1.060052] (px4_msgs) StdoutLine: {'line': b'-- Up-to-date: /home/wei/fire_scout_ws/install/px4_msgs/include/px4_msgs/px4_msgs/msg/detail/mount_orientation__struct.hpp\n'}
[1.060090] (px4_msgs) StdoutLine: {'line': b'-- Up-to-date: /home/wei/fire_scout_ws/install/px4_msgs/include/px4_msgs/px4_msgs/msg/detail/sensor_uwb__builder.hpp\n'}
[1.060132] (px4_msgs) StdoutLine: {'line': b'-- Up-to-date: /home/wei/fire_scout_ws/install/px4_msgs/include/px4_msgs/px4_msgs/msg/detail/fixed_wing_longitudinal_setpoint__struct.hpp\n'}
[1.060181] (px4_msgs) StdoutLine: {'line': b'-- Up-to-date: /home/wei/fire_scout_ws/install/px4_msgs/include/px4_msgs/px4_msgs/msg/detail/sensors_status_imu__builder.hpp\n'}
[1.060214] (px4_msgs) StdoutLine: {'line': b'-- Up-to-date: /home/wei/fire_scout_ws/install/px4_msgs/include/px4_msgs/px4_msgs/msg/detail/mavlink_tunnel__traits.hpp\n'}
[1.060247] (px4_msgs) StdoutLine: {'line': b'-- Up-to-date: /home/wei/fire_scout_ws/install/px4_msgs/include/px4_msgs/px4_msgs/msg/detail/geofence_status__traits.hpp\n'}
[1.060280] (px4_msgs) StdoutLine: {'line': b'-- Up-to-date: /home/wei/fire_scout_ws/install/px4_msgs/include/px4_msgs/px4_msgs/msg/detail/landing_target_pose__traits.hpp\n'}
[1.060318] (px4_msgs) StdoutLine: {'line': b'-- Up-to-date: /home/wei/fire_scout_ws/install/px4_msgs/include/px4_msgs/px4_msgs/msg/detail/gpio_config__struct.hpp\n'}
[1.060361] (px4_msgs) StdoutLine: {'line': b'-- Up-to-date: /home/wei/fire_scout_ws/install/px4_msgs/include/px4_msgs/px4_msgs/msg/detail/fixed_wing_lateral_status__struct.hpp\n'}
[1.060401] (px4_msgs) StdoutLine: {'line': b'-- Up-to-date: /home/wei/fire_scout_ws/install/px4_msgs/include/px4_msgs/px4_msgs/msg/detail/cellular_status__traits.hpp\n'}
[1.060435] (px4_msgs) StdoutLine: {'line': b'-- Up-to-date: /home/wei/fire_scout_ws/install/px4_msgs/include/px4_msgs/px4_msgs/msg/detail/transponder_report__type_support.hpp\n'}
[1.060484] (px4_msgs) StdoutLine: {'line': b'-- Up-to-date: /home/wei/fire_scout_ws/install/px4_msgs/include/px4_msgs/px4_msgs/msg/detail/debug_key_value__struct.hpp\n'}
[1.060520] (px4_msgs) StdoutLine: {'line': b'-- Up-to-date: /home/wei/fire_scout_ws/install/px4_msgs/include/px4_msgs/px4_msgs/msg/detail/landing_target_pose__builder.hpp\n'}
[1.060554] (px4_msgs) StdoutLine: {'line': b'-- Up-to-date: /home/wei/fire_scout_ws/install/px4_msgs/include/px4_msgs/px4_msgs/msg/detail/hover_thrust_estimate__traits.hpp\n'}
[1.060588] (px4_msgs) StdoutLine: {'line': b'-- Up-to-date: /home/wei/fire_scout_ws/install/px4_msgs/include/px4_msgs/px4_msgs/msg/detail/hover_thrust_estimate__struct.hpp\n'}
[1.060623] (px4_msgs) StdoutLine: {'line': b'-- Up-to-date: /home/wei/fire_scout_ws/install/px4_msgs/include/px4_msgs/px4_msgs/msg/detail/esc_status__builder.hpp\n'}
[1.060659] (px4_msgs) StdoutLine: {'line': b'-- Up-to-date: /home/wei/fire_scout_ws/install/px4_msgs/include/px4_msgs/px4_msgs/msg/detail/actuator_controls_status__struct.hpp\n'}
[1.060693] (px4_msgs) StdoutLine: {'line': b'-- Up-to-date: /home/wei/fire_scout_ws/install/px4_msgs/include/px4_msgs/px4_msgs/msg/detail/gpio_request__type_support.hpp\n'}
[1.060731] (px4_msgs) StdoutLine: {'line': b'-- Up-to-date: /home/wei/fire_scout_ws/install/px4_msgs/include/px4_msgs/px4_msgs/msg/detail/rc_channels__traits.hpp\n'}
[1.060788] (px4_msgs) StdoutLine: {'line': b'-- Up-to-date: /home/wei/fire_scout_ws/install/px4_msgs/include/px4_msgs/px4_msgs/msg/detail/health_report__struct.hpp\n'}
[1.060828] (px4_msgs) StdoutLine: {'line': b'-- Up-to-date: /home/wei/fire_scout_ws/install/px4_msgs/include/px4_msgs/px4_msgs/msg/detail/vehicle_optical_flow__struct.hpp\n'}
[1.060863] (px4_msgs) StdoutLine: {'line': b'-- Up-to-date: /home/wei/fire_scout_ws/install/px4_msgs/include/px4_msgs/px4_msgs/msg/detail/offboard_control_mode__traits.hpp\n'}
[1.060902] (px4_msgs) StdoutLine: {'line': b'-- Up-to-date: /home/wei/fire_scout_ws/install/px4_msgs/include/px4_msgs/px4_msgs/msg/detail/actuator_outputs__traits.hpp\n'}
[1.060941] (px4_msgs) StdoutLine: {'line': b'-- Up-to-date: /home/wei/fire_scout_ws/install/px4_msgs/include/px4_msgs/px4_msgs/msg/detail/vehicle_command_ack__traits.hpp\n'}
[1.060982] (px4_msgs) StdoutLine: {'line': b'-- Up-to-date: /home/wei/fire_scout_ws/install/px4_msgs/include/px4_msgs/px4_msgs/msg/detail/rpm__traits.hpp\n'}
[1.061024] (px4_msgs) StdoutLine: {'line': b'-- Up-to-date: /home/wei/fire_scout_ws/install/px4_msgs/include/px4_msgs/px4_msgs/msg/detail/system_power__traits.hpp\n'}
[1.061065] (px4_msgs) StdoutLine: {'line': b'-- Up-to-date: /home/wei/fire_scout_ws/install/px4_msgs/include/px4_msgs/px4_msgs/msg/detail/debug_value__type_support.hpp\n'}
[1.061116] (px4_msgs) StdoutLine: {'line': b'-- Up-to-date: /home/wei/fire_scout_ws/install/px4_msgs/include/px4_msgs/px4_msgs/msg/detail/tiltrotor_extra_controls__type_support.hpp\n'}
[1.061157] (px4_msgs) StdoutLine: {'line': b'-- Up-to-date: /home/wei/fire_scout_ws/install/px4_msgs/include/px4_msgs/px4_msgs/msg/detail/magnetometer_bias_estimate__type_support.hpp\n'}
[1.061201] (px4_msgs) StdoutLine: {'line': b'-- Up-to-date: /home/wei/fire_scout_ws/install/px4_msgs/include/px4_msgs/px4_msgs/msg/detail/power_monitor__builder.hpp\n'}
[1.061240] (px4_msgs) StdoutLine: {'line': b'-- Up-to-date: /home/wei/fire_scout_ws/install/px4_msgs/include/px4_msgs/px4_msgs/msg/detail/timesync_status__traits.hpp\n'}
[1.061288] (px4_msgs) StdoutLine: {'line': b'-- Up-to-date: /home/wei/fire_scout_ws/install/px4_msgs/include/px4_msgs/px4_msgs/msg/detail/tune_control__type_support.hpp\n'}
[1.061322] (px4_msgs) StdoutLine: {'line': b'-- Up-to-date: /home/wei/fire_scout_ws/install/px4_msgs/include/px4_msgs/px4_msgs/msg/detail/camera_trigger__struct.hpp\n'}
[1.061357] (px4_msgs) StdoutLine: {'line': b'-- Up-to-date: /home/wei/fire_scout_ws/install/px4_msgs/include/px4_msgs/px4_msgs/msg/detail/sensor_baro__traits.hpp\n'}
[1.061406] (px4_msgs) StdoutLine: {'line': b'-- Up-to-date: /home/wei/fire_scout_ws/install/px4_msgs/include/px4_msgs/px4_msgs/msg/detail/sensor_combined__builder.hpp\n'}
[1.061466] (px4_msgs) StdoutLine: {'line': b'-- Up-to-date: /home/wei/fire_scout_ws/install/px4_msgs/include/px4_msgs/px4_msgs/msg/detail/vehicle_local_position_setpoint__traits.hpp\n'}
[1.061501] (px4_msgs) StdoutLine: {'line': b'-- Up-to-date: /home/wei/fire_scout_ws/install/px4_msgs/include/px4_msgs/px4_msgs/msg/detail/mag_worker_data__type_support.hpp\n'}
[1.061536] (px4_msgs) StdoutLine: {'line': b'-- Up-to-date: /home/wei/fire_scout_ws/install/px4_msgs/include/px4_msgs/px4_msgs/msg/detail/failure_detector_status__builder.hpp\n'}
[1.061575] (px4_msgs) StdoutLine: {'line': b'-- Up-to-date: /home/wei/fire_scout_ws/install/px4_msgs/include/px4_msgs/px4_msgs/msg/detail/estimator_states__traits.hpp\n'}
[1.061610] (px4_msgs) StdoutLine: {'line': b'-- Up-to-date: /home/wei/fire_scout_ws/install/px4_msgs/include/px4_msgs/px4_msgs/msg/detail/camera_trigger__type_support.hpp\n'}
[1.061644] (px4_msgs) StdoutLine: {'line': b'-- Up-to-date: /home/wei/fire_scout_ws/install/px4_msgs/include/px4_msgs/px4_msgs/msg/detail/rover_position_setpoint__struct.hpp\n'}
[1.061678] (px4_msgs) StdoutLine: {'line': b'-- Up-to-date: /home/wei/fire_scout_ws/install/px4_msgs/include/px4_msgs/px4_msgs/msg/detail/sensor_optical_flow__builder.hpp\n'}
[1.061712] (px4_msgs) StdoutLine: {'line': b'-- Up-to-date: /home/wei/fire_scout_ws/install/px4_msgs/include/px4_msgs/px4_msgs/msg/detail/vehicle_local_position_setpoint__builder.hpp\n'}
[1.061748] (px4_msgs) StdoutLine: {'line': b'-- Up-to-date: /home/wei/fire_scout_ws/install/px4_msgs/include/px4_msgs/px4_msgs/msg/detail/geofence_result__type_support.hpp\n'}
[1.061816] (px4_msgs) StdoutLine: {'line': b'-- Up-to-date: /home/wei/fire_scout_ws/install/px4_msgs/include/px4_msgs/px4_msgs/msg/detail/message_format_request__type_support.hpp\n'}
[1.061869] (px4_msgs) StdoutLine: {'line': b'-- Up-to-date: /home/wei/fire_scout_ws/install/px4_msgs/include/px4_msgs/px4_msgs/msg/detail/fixed_wing_runway_control__struct.hpp\n'}
[1.061901] (px4_msgs) StdoutLine: {'line': b'-- Up-to-date: /home/wei/fire_scout_ws/install/px4_msgs/include/px4_msgs/px4_msgs/msg/detail/vehicle_air_data__type_support.hpp\n'}
[1.061933] (px4_msgs) StdoutLine: {'line': b'-- Up-to-date: /home/wei/fire_scout_ws/install/px4_msgs/include/px4_msgs/px4_msgs/msg/detail/wind__traits.hpp\n'}
[1.061969] (px4_msgs) StdoutLine: {'line': b'-- Up-to-date: /home/wei/fire_scout_ws/install/px4_msgs/include/px4_msgs/px4_msgs/msg/detail/vehicle_attitude__type_support.hpp\n'}
[1.062016] (px4_msgs) StdoutLine: {'line': b'-- Up-to-date: /home/wei/fire_scout_ws/install/px4_msgs/include/px4_msgs/px4_msgs/msg/detail/tune_control__traits.hpp\n'}
[1.062048] (px4_msgs) StdoutLine: {'line': b'-- Up-to-date: /home/wei/fire_scout_ws/install/px4_msgs/include/px4_msgs/px4_msgs/msg/detail/vehicle_magnetometer__type_support.hpp\n'}
[1.062079] (px4_msgs) StdoutLine: {'line': b'-- Up-to-date: /home/wei/fire_scout_ws/install/px4_msgs/include/px4_msgs/px4_msgs/msg/detail/trajectory_setpoint__traits.hpp\n'}
[1.062109] (px4_msgs) StdoutLine: {'line': b'-- Up-to-date: /home/wei/fire_scout_ws/install/px4_msgs/include/px4_msgs/px4_msgs/msg/detail/wheel_encoders__builder.hpp\n'}
[1.062143] (px4_msgs) StdoutLine: {'line': b'-- Up-to-date: /home/wei/fire_scout_ws/install/px4_msgs/include/px4_msgs/px4_msgs/msg/detail/config_overrides__type_support.hpp\n'}
[1.062182] (px4_msgs) StdoutLine: {'line': b'-- Up-to-date: /home/wei/fire_scout_ws/install/px4_msgs/include/px4_msgs/px4_msgs/msg/detail/estimator_status__type_support.hpp\n'}
[1.062213] (px4_msgs) StdoutLine: {'line': b'-- Up-to-date: /home/wei/fire_scout_ws/install/px4_msgs/include/px4_msgs/px4_msgs/msg/detail/irlock_report__struct.hpp\n'}
[1.062247] (px4_msgs) StdoutLine: {'line': b'-- Up-to-date: /home/wei/fire_scout_ws/install/px4_msgs/include/px4_msgs/px4_msgs/msg/detail/trajectory_setpoint__type_support.hpp\n'}
[1.062276] (px4_msgs) StdoutLine: {'line': b'-- Up-to-date: /home/wei/fire_scout_ws/install/px4_msgs/include/px4_msgs/px4_msgs/msg/detail/vehicle_optical_flow_vel__type_support.hpp\n'}
[1.062308] (px4_msgs) StdoutLine: {'line': b'-- Up-to-date: /home/wei/fire_scout_ws/install/px4_msgs/include/px4_msgs/px4_msgs/msg/detail/landing_target_innovations__builder.hpp\n'}
[1.062338] (px4_msgs) StdoutLine: {'line': b'-- Up-to-date: /home/wei/fire_scout_ws/install/px4_msgs/include/px4_msgs/px4_msgs/msg/detail/actuator_motors__type_support.hpp\n'}
[1.062377] (px4_msgs) StdoutLine: {'line': b'-- Up-to-date: /home/wei/fire_scout_ws/install/px4_msgs/include/px4_msgs/px4_msgs/msg/detail/tune_control__struct.hpp\n'}
[1.062426] (px4_msgs) StdoutLine: {'line': b'-- Up-to-date: /home/wei/fire_scout_ws/install/px4_msgs/include/px4_msgs/px4_msgs/msg/detail/landing_gear_wheel__type_support.hpp\n'}
[1.062468] (px4_msgs) StdoutLine: {'line': b'-- Up-to-date: /home/wei/fire_scout_ws/install/px4_msgs/include/px4_msgs/px4_msgs/msg/detail/actuator_servos__builder.hpp\n'}
[1.062499] (px4_msgs) StdoutLine: {'line': b'-- Up-to-date: /home/wei/fire_scout_ws/install/px4_msgs/include/px4_msgs/px4_msgs/msg/detail/ulog_stream_ack__type_support.hpp\n'}
[1.062531] (px4_msgs) StdoutLine: {'line': b'-- Up-to-date: /home/wei/fire_scout_ws/install/px4_msgs/include/px4_msgs/px4_msgs/msg/detail/config_overrides__builder.hpp\n'}
[1.062564] (px4_msgs) StdoutLine: {'line': b'-- Up-to-date: /home/wei/fire_scout_ws/install/px4_msgs/include/px4_msgs/px4_msgs/msg/detail/gimbal_manager_information__struct.hpp\n'}
[1.062597] (px4_msgs) StdoutLine: {'line': b'-- Up-to-date: /home/wei/fire_scout_ws/install/px4_msgs/include/px4_msgs/px4_msgs/msg/detail/geofence_status__struct.hpp\n'}
[1.062631] (px4_msgs) StdoutLine: {'line': b'-- Up-to-date: /home/wei/fire_scout_ws/install/px4_msgs/include/px4_msgs/px4_msgs/msg/detail/parameter_update__traits.hpp\n'}
[1.062664] (px4_msgs) StdoutLine: {'line': b'-- Up-to-date: /home/wei/fire_scout_ws/install/px4_msgs/include/px4_msgs/px4_msgs/msg/detail/vehicle_roi__struct.hpp\n'}
[1.062695] (px4_msgs) StdoutLine: {'line': b'-- Up-to-date: /home/wei/fire_scout_ws/install/px4_msgs/include/px4_msgs/px4_msgs/msg/detail/manual_control_setpoint__struct.hpp\n'}
[1.062728] (px4_msgs) StdoutLine: {'line': b'-- Up-to-date: /home/wei/fire_scout_ws/install/px4_msgs/include/px4_msgs/px4_msgs/msg/detail/estimator_status__traits.hpp\n'}
[1.062773] (px4_msgs) StdoutLine: {'line': b'-- Up-to-date: /home/wei/fire_scout_ws/install/px4_msgs/include/px4_msgs/px4_msgs/msg/detail/mavlink_log__builder.hpp\n'}
[1.062806] (px4_msgs) StdoutLine: {'line': b'-- Up-to-date: /home/wei/fire_scout_ws/install/px4_msgs/include/px4_msgs/px4_msgs/msg/detail/sensors_status__struct.hpp\n'}
[1.062837] (px4_msgs) StdoutLine: {'line': b'-- Up-to-date: /home/wei/fire_scout_ws/install/px4_msgs/include/px4_msgs/px4_msgs/msg/detail/sensor_selection__type_support.hpp\n'}
[1.062869] (px4_msgs) StdoutLine: {'line': b'-- Up-to-date: /home/wei/fire_scout_ws/install/px4_msgs/include/px4_msgs/px4_msgs/msg/detail/sensors_status__traits.hpp\n'}
[1.062899] (px4_msgs) StdoutLine: {'line': b'-- Up-to-date: /home/wei/fire_scout_ws/install/px4_msgs/include/px4_msgs/px4_msgs/msg/detail/fixed_wing_runway_control__traits.hpp\n'}
[1.062930] (px4_msgs) StdoutLine: {'line': b'-- Up-to-date: /home/wei/fire_scout_ws/install/px4_msgs/include/px4_msgs/px4_msgs/msg/detail/generator_status__traits.hpp\n'}
[1.062973] (px4_msgs) StdoutLine: {'line': b'-- Up-to-date: /home/wei/fire_scout_ws/install/px4_msgs/include/px4_msgs/px4_msgs/msg/detail/estimator_gps_status__builder.hpp\n'}
[1.063007] (px4_msgs) StdoutLine: {'line': b'-- Up-to-date: /home/wei/fire_scout_ws/install/px4_msgs/include/px4_msgs/px4_msgs/msg/detail/failure_detector_status__struct.hpp\n'}
[1.063039] (px4_msgs) StdoutLine: {'line': b'-- Up-to-date: /home/wei/fire_scout_ws/install/px4_msgs/include/px4_msgs/px4_msgs/msg/detail/register_ext_component_request__type_support.hpp\n'}
[1.063069] (px4_msgs) StdoutLine: {'line': b'-- Up-to-date: /home/wei/fire_scout_ws/install/px4_msgs/include/px4_msgs/px4_msgs/msg/detail/differential_pressure__struct.hpp\n'}
[1.063102] (px4_msgs) StdoutLine: {'line': b'-- Up-to-date: /home/wei/fire_scout_ws/install/px4_msgs/include/px4_msgs/px4_msgs/msg/detail/message_format_response__type_support.hpp\n'}
[1.063132] (px4_msgs) StdoutLine: {'line': b'-- Up-to-date: /home/wei/fire_scout_ws/install/px4_msgs/include/px4_msgs/px4_msgs/msg/detail/mavlink_tunnel__struct.hpp\n'}
[1.063175] (px4_msgs) StdoutLine: {'line': b'-- Up-to-date: /home/wei/fire_scout_ws/install/px4_msgs/include/px4_msgs/px4_msgs/msg/detail/orb_test__traits.hpp\n'}
[1.063207] (px4_msgs) StdoutLine: {'line': b'-- Up-to-date: /home/wei/fire_scout_ws/install/px4_msgs/include/px4_msgs/px4_msgs/msg/detail/telemetry_status__type_support.hpp\n'}
[1.063238] (px4_msgs) StdoutLine: {'line': b'-- Up-to-date: /home/wei/fire_scout_ws/install/px4_msgs/include/px4_msgs/px4_msgs/msg/detail/mission__struct.hpp\n'}
[1.063268] (px4_msgs) StdoutLine: {'line': b'-- Up-to-date: /home/wei/fire_scout_ws/install/px4_msgs/include/px4_msgs/px4_msgs/msg/detail/input_rc__builder.hpp\n'}
[1.063298] (px4_msgs) StdoutLine: {'line': b'-- Up-to-date: /home/wei/fire_scout_ws/install/px4_msgs/include/px4_msgs/px4_msgs/msg/detail/gimbal_device_attitude_status__traits.hpp\n'}
[1.063327] (px4_msgs) StdoutLine: {'line': b'-- Up-to-date: /home/wei/fire_scout_ws/install/px4_msgs/include/px4_msgs/px4_msgs/msg/detail/cpuload__builder.hpp\n'}
[1.063373] (px4_msgs) StdoutLine: {'line': b'-- Up-to-date: /home/wei/fire_scout_ws/install/px4_msgs/include/px4_msgs/px4_msgs/msg/detail/distance_sensor_mode_change_request__builder.hpp\n'}
[1.063407] (px4_msgs) StdoutLine: {'line': b'-- Up-to-date: /home/wei/fire_scout_ws/install/px4_msgs/include/px4_msgs/px4_msgs/msg/detail/parameter_update__type_support.hpp\n'}
[1.063467] (px4_msgs) StdoutLine: {'line': b'-- Up-to-date: /home/wei/fire_scout_ws/install/px4_msgs/include/px4_msgs/px4_msgs/msg/detail/parameter_reset_request__struct.hpp\n'}
[1.063502] (px4_msgs) StdoutLine: {'line': b'-- Up-to-date: /home/wei/fire_scout_ws/install/px4_msgs/include/px4_msgs/px4_msgs/msg/detail/vehicle_imu_status__type_support.hpp\n'}
[1.063535] (px4_msgs) StdoutLine: {'line': b'-- Up-to-date: /home/wei/fire_scout_ws/install/px4_msgs/include/px4_msgs/px4_msgs/msg/detail/normalized_unsigned_setpoint__type_support.hpp\n'}
[1.063566] (px4_msgs) StdoutLine: {'line': b'-- Up-to-date: /home/wei/fire_scout_ws/install/px4_msgs/include/px4_msgs/px4_msgs/msg/detail/config_overrides__traits.hpp\n'}
[1.063600] (px4_msgs) StdoutLine: {'line': b'-- Up-to-date: /home/wei/fire_scout_ws/install/px4_msgs/include/px4_msgs/px4_msgs/msg/detail/mode_completed__builder.hpp\n'}
[1.063633] (px4_msgs) StdoutLine: {'line': b'-- Up-to-date: /home/wei/fire_scout_ws/install/px4_msgs/include/px4_msgs/px4_msgs/msg/detail/px4io_status__builder.hpp\n'}
[1.063665] (px4_msgs) StdoutLine: {'line': b'-- Up-to-date: /home/wei/fire_scout_ws/install/px4_msgs/include/px4_msgs/px4_msgs/msg/detail/vehicle_local_position__struct.hpp\n'}
[1.063697] (px4_msgs) StdoutLine: {'line': b'-- Up-to-date: /home/wei/fire_scout_ws/install/px4_msgs/include/px4_msgs/px4_msgs/msg/detail/timesync_status__builder.hpp\n'}
[1.063731] (px4_msgs) StdoutLine: {'line': b'-- Up-to-date: /home/wei/fire_scout_ws/install/px4_msgs/include/px4_msgs/px4_msgs/msg/detail/vehicle_acceleration__struct.hpp\n'}
[1.063786] (px4_msgs) StdoutLine: {'line': b'-- Up-to-date: /home/wei/fire_scout_ws/install/px4_msgs/include/px4_msgs/px4_msgs/msg/detail/sensor_gyro_fifo__traits.hpp\n'}
[1.063817] (px4_msgs) StdoutLine: {'line': b'-- Up-to-date: /home/wei/fire_scout_ws/install/px4_msgs/include/px4_msgs/px4_msgs/msg/detail/yaw_estimator_status__struct.hpp\n'}
[1.063848] (px4_msgs) StdoutLine: {'line': b'-- Up-to-date: /home/wei/fire_scout_ws/install/px4_msgs/include/px4_msgs/px4_msgs/msg/detail/airspeed_validated__traits.hpp\n'}
[1.063877] (px4_msgs) StdoutLine: {'line': b'-- Up-to-date: /home/wei/fire_scout_ws/install/px4_msgs/include/px4_msgs/px4_msgs/msg/detail/actuator_outputs__builder.hpp\n'}
[1.063920] (px4_msgs) StdoutLine: {'line': b'-- Up-to-date: /home/wei/fire_scout_ws/install/px4_msgs/include/px4_msgs/px4_msgs/msg/detail/actuator_controls_status__traits.hpp\n'}
[1.063953] (px4_msgs) StdoutLine: {'line': b'-- Up-to-date: /home/wei/fire_scout_ws/install/px4_msgs/include/px4_msgs/px4_msgs/msg/detail/gpio_in__struct.hpp\n'}
[1.063985] (px4_msgs) StdoutLine: {'line': b'-- Up-to-date: /home/wei/fire_scout_ws/install/px4_msgs/include/px4_msgs/px4_msgs/msg/detail/esc_report__type_support.hpp\n'}
[1.064015] (px4_msgs) StdoutLine: {'line': b'-- Up-to-date: /home/wei/fire_scout_ws/install/px4_msgs/include/px4_msgs/px4_msgs/msg/detail/velocity_limits__builder.hpp\n'}
[1.064046] (px4_msgs) StdoutLine: {'line': b'-- Up-to-date: /home/wei/fire_scout_ws/install/px4_msgs/include/px4_msgs/px4_msgs/msg/detail/pps_capture__struct.hpp\n'}
[1.064077] (px4_msgs) StdoutLine: {'line': b'-- Up-to-date: /home/wei/fire_scout_ws/install/px4_msgs/include/px4_msgs/px4_msgs/msg/detail/arming_check_request__struct.hpp\n'}
[1.064120] (px4_msgs) StdoutLine: {'line': b'-- Up-to-date: /home/wei/fire_scout_ws/install/px4_msgs/include/px4_msgs/px4_msgs/msg/detail/estimator_gps_status__struct.hpp\n'}
[1.064153] (px4_msgs) StdoutLine: {'line': b'-- Up-to-date: /home/wei/fire_scout_ws/install/px4_msgs/include/px4_msgs/px4_msgs/msg/detail/vehicle_angular_velocity__traits.hpp\n'}
[1.064183] (px4_msgs) StdoutLine: {'line': b'-- Up-to-date: /home/wei/fire_scout_ws/install/px4_msgs/include/px4_msgs/px4_msgs/msg/detail/rover_rate_status__traits.hpp\n'}
[1.064214] (px4_msgs) StdoutLine: {'line': b'-- Up-to-date: /home/wei/fire_scout_ws/install/px4_msgs/include/px4_msgs/px4_msgs/msg/detail/ekf2_timestamps__struct.hpp\n'}
[1.064247] (px4_msgs) StdoutLine: {'line': b'-- Up-to-date: /home/wei/fire_scout_ws/install/px4_msgs/include/px4_msgs/px4_msgs/msg/detail/gpio_in__builder.hpp\n'}
[1.064277] (px4_msgs) StdoutLine: {'line': b'-- Up-to-date: /home/wei/fire_scout_ws/install/px4_msgs/include/px4_msgs/px4_msgs/msg/detail/open_drone_id_arm_status__struct.hpp\n'}
[1.064331] (px4_msgs) StdoutLine: {'line': b'-- Up-to-date: /home/wei/fire_scout_ws/install/px4_msgs/include/px4_msgs/px4_msgs/msg/detail/open_drone_id_operator_id__traits.hpp\n'}
[1.064359] (px4_msgs) StdoutLine: {'line': b'-- Up-to-date: /home/wei/fire_scout_ws/install/px4_msgs/include/px4_msgs/px4_msgs/msg/detail/camera_trigger__builder.hpp\n'}
[1.064394] (px4_msgs) StdoutLine: {'line': b'-- Up-to-date: /home/wei/fire_scout_ws/install/px4_msgs/include/px4_msgs/px4_msgs/msg/detail/rover_position_setpoint__builder.hpp\n'}
[1.064425] (px4_msgs) StdoutLine: {'line': b'-- Up-to-date: /home/wei/fire_scout_ws/install/px4_msgs/include/px4_msgs/px4_msgs/msg/detail/autotune_attitude_control_status__builder.hpp\n'}
[1.064458] (px4_msgs) StdoutLine: {'line': b'-- Up-to-date: /home/wei/fire_scout_ws/install/px4_msgs/include/px4_msgs/px4_msgs/msg/detail/navigator_status__type_support.hpp\n'}
[1.064491] (px4_msgs) StdoutLine: {'line': b'-- Up-to-date: /home/wei/fire_scout_ws/install/px4_msgs/include/px4_msgs/px4_msgs/msg/detail/position_controller_landing_status__traits.hpp\n'}
[1.064523] (px4_msgs) StdoutLine: {'line': b'-- Up-to-date: /home/wei/fire_scout_ws/install/px4_msgs/include/px4_msgs/px4_msgs/msg/detail/button_event__struct.hpp\n'}
[1.064553] (px4_msgs) StdoutLine: {'line': b'-- Up-to-date: /home/wei/fire_scout_ws/install/px4_msgs/include/px4_msgs/px4_msgs/msg/detail/rover_speed_status__builder.hpp\n'}
[1.064584] (px4_msgs) StdoutLine: {'line': b'-- Up-to-date: /home/wei/fire_scout_ws/install/px4_msgs/include/px4_msgs/px4_msgs/msg/detail/battery_status__type_support.hpp\n'}
[1.064619] (px4_msgs) StdoutLine: {'line': b'-- Up-to-date: /home/wei/fire_scout_ws/install/px4_msgs/include/px4_msgs/px4_msgs/msg/detail/rover_throttle_setpoint__struct.hpp\n'}
[1.064653] (px4_msgs) StdoutLine: {'line': b'-- Up-to-date: /home/wei/fire_scout_ws/install/px4_msgs/include/px4_msgs/px4_msgs/msg/detail/vehicle_magnetometer__struct.hpp\n'}
[1.064686] (px4_msgs) StdoutLine: {'line': b'-- Up-to-date: /home/wei/fire_scout_ws/install/px4_msgs/include/px4_msgs/px4_msgs/msg/detail/tecs_status__struct.hpp\n'}
[1.064732] (px4_msgs) StdoutLine: {'line': b'-- Up-to-date: /home/wei/fire_scout_ws/install/px4_msgs/include/px4_msgs/px4_msgs/msg/detail/irlock_report__traits.hpp\n'}
[1.064762] (px4_msgs) StdoutLine: {'line': b'-- Up-to-date: /home/wei/fire_scout_ws/install/px4_msgs/include/px4_msgs/px4_msgs/msg/detail/ping__traits.hpp\n'}
[1.064792] (px4_msgs) StdoutLine: {'line': b'-- Up-to-date: /home/wei/fire_scout_ws/install/px4_msgs/include/px4_msgs/px4_msgs/msg/detail/vehicle_angular_velocity__struct.hpp\n'}
[1.064820] (px4_msgs) StdoutLine: {'line': b'-- Up-to-date: /home/wei/fire_scout_ws/install/px4_msgs/include/px4_msgs/px4_msgs/msg/detail/power_monitor__traits.hpp\n'}
[1.064850] (px4_msgs) StdoutLine: {'line': b'-- Up-to-date: /home/wei/fire_scout_ws/install/px4_msgs/include/px4_msgs/px4_msgs/msg/detail/uavcan_parameter_value__traits.hpp\n'}
[1.064878] (px4_msgs) StdoutLine: {'line': b'-- Up-to-date: /home/wei/fire_scout_ws/install/px4_msgs/include/px4_msgs/px4_msgs/msg/detail/logger_status__builder.hpp\n'}
[1.064906] (px4_msgs) StdoutLine: {'line': b'-- Up-to-date: /home/wei/fire_scout_ws/install/px4_msgs/include/px4_msgs/px4_msgs/msg/detail/sensor_combined__traits.hpp\n'}
[1.064934] (px4_msgs) StdoutLine: {'line': b'-- Up-to-date: /home/wei/fire_scout_ws/install/px4_msgs/include/px4_msgs/px4_msgs/msg/detail/fuel_tank_status__type_support.hpp\n'}
[1.064974] (px4_msgs) StdoutLine: {'line': b'-- Up-to-date: /home/wei/fire_scout_ws/install/px4_msgs/include/px4_msgs/px4_msgs/msg/detail/vehicle_odometry__builder.hpp\n'}
[1.065011] (px4_msgs) StdoutLine: {'line': b'-- Up-to-date: /home/wei/fire_scout_ws/install/px4_msgs/include/px4_msgs/px4_msgs/msg/detail/pps_capture__type_support.hpp\n'}
[1.065039] (px4_msgs) StdoutLine: {'line': b'-- Up-to-date: /home/wei/fire_scout_ws/install/px4_msgs/include/px4_msgs/px4_msgs/msg/detail/goto_setpoint__traits.hpp\n'}
[1.065066] (px4_msgs) StdoutLine: {'line': b'-- Up-to-date: /home/wei/fire_scout_ws/install/px4_msgs/include/px4_msgs/px4_msgs/msg/detail/sensor_selection__builder.hpp\n'}
[1.065095] (px4_msgs) StdoutLine: {'line': b'-- Up-to-date: /home/wei/fire_scout_ws/install/px4_msgs/include/px4_msgs/px4_msgs/msg/detail/vehicle_torque_setpoint__struct.hpp\n'}
[1.065122] (px4_msgs) StdoutLine: {'line': b'-- Up-to-date: /home/wei/fire_scout_ws/install/px4_msgs/include/px4_msgs/px4_msgs/msg/detail/heater_status__traits.hpp\n'}
[1.065149] (px4_msgs) StdoutLine: {'line': b'-- Up-to-date: /home/wei/fire_scout_ws/install/px4_msgs/include/px4_msgs/px4_msgs/msg/detail/gimbal_device_information__type_support.hpp\n'}
[1.065177] (px4_msgs) StdoutLine: {'line': b'-- Up-to-date: /home/wei/fire_scout_ws/install/px4_msgs/include/px4_msgs/px4_msgs/msg/detail/led_control__type_support.hpp\n'}
[1.065206] (px4_msgs) StdoutLine: {'line': b'-- Up-to-date: /home/wei/fire_scout_ws/install/px4_msgs/include/px4_msgs/px4_msgs/msg/detail/rover_throttle_setpoint__type_support.hpp\n'}
[1.065233] (px4_msgs) StdoutLine: {'line': b'-- Up-to-date: /home/wei/fire_scout_ws/install/px4_msgs/include/px4_msgs/px4_msgs/msg/detail/orbit_status__struct.hpp\n'}
[1.065261] (px4_msgs) StdoutLine: {'line': b'-- Up-to-date: /home/wei/fire_scout_ws/install/px4_msgs/include/px4_msgs/px4_msgs/msg/detail/cpuload__traits.hpp\n'}
[1.065292] (px4_msgs) StdoutLine: {'line': b'-- Up-to-date: /home/wei/fire_scout_ws/install/px4_msgs/include/px4_msgs/px4_msgs/msg/detail/ulog_stream_ack__struct.hpp\n'}
[1.065320] (px4_msgs) StdoutLine: {'line': b'-- Up-to-date: /home/wei/fire_scout_ws/install/px4_msgs/include/px4_msgs/px4_msgs/msg/detail/unregister_ext_component__builder.hpp\n'}
[1.065376] (px4_msgs) StdoutLine: {'line': b'-- Up-to-date: /home/wei/fire_scout_ws/install/px4_msgs/include/px4_msgs/px4_msgs/msg/detail/vehicle_magnetometer__builder.hpp\n'}
[1.065407] (px4_msgs) StdoutLine: {'line': b'-- Up-to-date: /home/wei/fire_scout_ws/install/px4_msgs/include/px4_msgs/px4_msgs/msg/detail/vehicle_global_position__struct.hpp\n'}
[1.065438] (px4_msgs) StdoutLine: {'line': b'-- Up-to-date: /home/wei/fire_scout_ws/install/px4_msgs/include/px4_msgs/px4_msgs/msg/detail/vehicle_command__builder.hpp\n'}
[1.065468] (px4_msgs) StdoutLine: {'line': b'-- Up-to-date: /home/wei/fire_scout_ws/install/px4_msgs/include/px4_msgs/px4_msgs/msg/detail/gps_dump__type_support.hpp\n'}
[1.065497] (px4_msgs) StdoutLine: {'line': b'-- Up-to-date: /home/wei/fire_scout_ws/install/px4_msgs/include/px4_msgs/px4_msgs/msg/detail/action_request__type_support.hpp\n'}
[1.065526] (px4_msgs) StdoutLine: {'line': b'-- Up-to-date: /home/wei/fire_scout_ws/install/px4_msgs/include/px4_msgs/px4_msgs/msg/detail/navigator_status__builder.hpp\n'}
[1.065556] (px4_msgs) StdoutLine: {'line': b'-- Up-to-date: /home/wei/fire_scout_ws/install/px4_msgs/include/px4_msgs/px4_msgs/msg/detail/takeoff_status__type_support.hpp\n'}
[1.065596] (px4_msgs) StdoutLine: {'line': b'-- Up-to-date: /home/wei/fire_scout_ws/install/px4_msgs/include/px4_msgs/px4_msgs/msg/detail/follow_target_status__builder.hpp\n'}
[1.065629] (px4_msgs) StdoutLine: {'line': b'-- Up-to-date: /home/wei/fire_scout_ws/install/px4_msgs/include/px4_msgs/px4_msgs/msg/detail/actuator_armed__builder.hpp\n'}
[1.065670] (px4_msgs) StdoutLine: {'line': b'-- Up-to-date: /home/wei/fire_scout_ws/install/px4_msgs/include/px4_msgs/px4_msgs/msg/detail/landing_gear_wheel__builder.hpp\n'}
[1.065700] (px4_msgs) StdoutLine: {'line': b'-- Up-to-date: /home/wei/fire_scout_ws/install/px4_msgs/include/px4_msgs/px4_msgs/msg/detail/sensor_gnss_status__struct.hpp\n'}
[1.065729] (px4_msgs) StdoutLine: {'line': b'-- Up-to-date: /home/wei/fire_scout_ws/install/px4_msgs/include/px4_msgs/px4_msgs/msg/detail/orb_test_medium__builder.hpp\n'}
[1.065761] (px4_msgs) StdoutLine: {'line': b'-- Up-to-date: /home/wei/fire_scout_ws/install/px4_msgs/include/px4_msgs/px4_msgs/msg/detail/input_rc__traits.hpp\n'}
[1.065789] (px4_msgs) StdoutLine: {'line': b'-- Up-to-date: /home/wei/fire_scout_ws/install/px4_msgs/include/px4_msgs/px4_msgs/msg/detail/parameter_set_used_request__struct.hpp\n'}
[1.065817] (px4_msgs) StdoutLine: {'line': b'-- Up-to-date: /home/wei/fire_scout_ws/install/px4_msgs/include/px4_msgs/px4_msgs/msg/detail/fixed_wing_lateral_status__traits.hpp\n'}
[1.065845] (px4_msgs) StdoutLine: {'line': b'-- Up-to-date: /home/wei/fire_scout_ws/install/px4_msgs/include/px4_msgs/px4_msgs/msg/detail/pps_capture__builder.hpp\n'}
[1.065897] (px4_msgs) StdoutLine: {'line': b'-- Up-to-date: /home/wei/fire_scout_ws/install/px4_msgs/include/px4_msgs/px4_msgs/msg/detail/tiltrotor_extra_controls__builder.hpp\n'}
[1.065925] (px4_msgs) StdoutLine: {'line': b'-- Up-to-date: /home/wei/fire_scout_ws/install/px4_msgs/include/px4_msgs/px4_msgs/msg/detail/trajectory_setpoint6dof__traits.hpp\n'}
[1.065953] (px4_msgs) StdoutLine: {'line': b'-- Up-to-date: /home/wei/fire_scout_ws/install/px4_msgs/include/px4_msgs/px4_msgs/msg/detail/estimator_event_flags__struct.hpp\n'}
[1.065983] (px4_msgs) StdoutLine: {'line': b'-- Up-to-date: /home/wei/fire_scout_ws/install/px4_msgs/include/px4_msgs/px4_msgs/msg/detail/follow_target__struct.hpp\n'}
[1.066012] (px4_msgs) StdoutLine: {'line': b'-- Up-to-date: /home/wei/fire_scout_ws/install/px4_msgs/include/px4_msgs/px4_msgs/msg/detail/vehicle_rates_setpoint__traits.hpp\n'}
[1.066045] (px4_msgs) StdoutLine: {'line': b'-- Up-to-date: /home/wei/fire_scout_ws/install/px4_msgs/include/px4_msgs/px4_msgs/msg/detail/dronecan_node_status__builder.hpp\n'}
[1.066085] (px4_msgs) StdoutLine: {'line': b'-- Up-to-date: /home/wei/fire_scout_ws/install/px4_msgs/include/px4_msgs/px4_msgs/msg/detail/figure_eight_status__type_support.hpp\n'}
[1.066114] (px4_msgs) StdoutLine: {'line': b'-- Up-to-date: /home/wei/fire_scout_ws/install/px4_msgs/include/px4_msgs/px4_msgs/msg/detail/navigator_mission_item__struct.hpp\n'}
[1.066143] (px4_msgs) StdoutLine: {'line': b'-- Up-to-date: /home/wei/fire_scout_ws/install/px4_msgs/include/px4_msgs/px4_msgs/msg/detail/position_setpoint__struct.hpp\n'}
[1.066171] (px4_msgs) StdoutLine: {'line': b'-- Up-to-date: /home/wei/fire_scout_ws/install/px4_msgs/include/px4_msgs/px4_msgs/msg/detail/camera_capture__traits.hpp\n'}
[1.066203] (px4_msgs) StdoutLine: {'line': b'-- Up-to-date: /home/wei/fire_scout_ws/install/px4_msgs/include/px4_msgs/px4_msgs/msg/detail/radio_status__builder.hpp\n'}
[1.066235] (px4_msgs) StdoutLine: {'line': b'-- Up-to-date: /home/wei/fire_scout_ws/install/px4_msgs/include/px4_msgs/px4_msgs/msg/detail/onboard_computer_status__struct.hpp\n'}
[1.066275] (px4_msgs) StdoutLine: {'line': b'-- Up-to-date: /home/wei/fire_scout_ws/install/px4_msgs/include/px4_msgs/px4_msgs/msg/detail/vehicle_global_position__builder.hpp\n'}
[1.066305] (px4_msgs) StdoutLine: {'line': b'-- Up-to-date: /home/wei/fire_scout_ws/install/px4_msgs/include/px4_msgs/px4_msgs/msg/detail/battery_status__struct.hpp\n'}
[1.066334] (px4_msgs) StdoutLine: {'line': b'-- Up-to-date: /home/wei/fire_scout_ws/install/px4_msgs/include/px4_msgs/px4_msgs/msg/detail/register_ext_component_reply__type_support.hpp\n'}
[1.066364] (px4_msgs) StdoutLine: {'line': b'-- Up-to-date: /home/wei/fire_scout_ws/install/px4_msgs/include/px4_msgs/px4_msgs/msg/detail/estimator_bias3d__struct.hpp\n'}
[1.066397] (px4_msgs) StdoutLine: {'line': b'-- Up-to-date: /home/wei/fire_scout_ws/install/px4_msgs/include/px4_msgs/px4_msgs/msg/detail/airspeed_wind__struct.hpp\n'}
[1.066426] (px4_msgs) StdoutLine: {'line': b'-- Up-to-date: /home/wei/fire_scout_ws/install/px4_msgs/include/px4_msgs/px4_msgs/msg/detail/actuator_servos_trim__builder.hpp\n'}
[1.066454] (px4_msgs) StdoutLine: {'line': b'-- Up-to-date: /home/wei/fire_scout_ws/install/px4_msgs/include/px4_msgs/px4_msgs/msg/detail/estimator_status__struct.hpp\n'}
[1.066503] (px4_msgs) StdoutLine: {'line': b'-- Up-to-date: /home/wei/fire_scout_ws/install/px4_msgs/include/px4_msgs/px4_msgs/msg/detail/lateral_control_configuration__builder.hpp\n'}
[1.066533] (px4_msgs) StdoutLine: {'line': b'-- Up-to-date: /home/wei/fire_scout_ws/install/px4_msgs/include/px4_msgs/px4_msgs/msg/detail/rpm__builder.hpp\n'}
[1.066563] (px4_msgs) StdoutLine: {'line': b'-- Up-to-date: /home/wei/fire_scout_ws/install/px4_msgs/include/px4_msgs/px4_msgs/msg/detail/heater_status__struct.hpp\n'}
[1.066597] (px4_msgs) StdoutLine: {'line': b'-- Up-to-date: /home/wei/fire_scout_ws/install/px4_msgs/include/px4_msgs/px4_msgs/msg/detail/unregister_ext_component__struct.hpp\n'}
[1.066644] (px4_msgs) StdoutLine: {'line': b'-- Up-to-date: /home/wei/fire_scout_ws/install/px4_msgs/include/px4_msgs/px4_msgs/msg/detail/onboard_computer_status__traits.hpp\n'}
[1.066678] (px4_msgs) StdoutLine: {'line': b'-- Up-to-date: /home/wei/fire_scout_ws/install/px4_msgs/include/px4_msgs/px4_msgs/msg/detail/yaw_estimator_status__builder.hpp\n'}
[1.066709] (px4_msgs) StdoutLine: {'line': b'-- Up-to-date: /home/wei/fire_scout_ws/install/px4_msgs/include/px4_msgs/px4_msgs/msg/detail/vehicle_torque_setpoint__traits.hpp\n'}
[1.066745] (px4_msgs) StdoutLine: {'line': b'-- Up-to-date: /home/wei/fire_scout_ws/install/px4_msgs/include/px4_msgs/px4_msgs/msg/detail/open_drone_id_self_id__traits.hpp\n'}
[1.066781] (px4_msgs) StdoutLine: {'line': b'-- Up-to-date: /home/wei/fire_scout_ws/install/px4_msgs/include/px4_msgs/px4_msgs/msg/detail/airspeed__type_support.hpp\n'}
[1.066811] (px4_msgs) StdoutLine: {'line': b'-- Up-to-date: /home/wei/fire_scout_ws/install/px4_msgs/include/px4_msgs/px4_msgs/msg/detail/open_drone_id_arm_status__builder.hpp\n'}
[1.066839] (px4_msgs) StdoutLine: {'line': b'-- Up-to-date: /home/wei/fire_scout_ws/install/px4_msgs/include/px4_msgs/px4_msgs/msg/detail/debug_value__builder.hpp\n'}
[1.066868] (px4_msgs) StdoutLine: {'line': b'-- Up-to-date: /home/wei/fire_scout_ws/install/px4_msgs/include/px4_msgs/px4_msgs/msg/detail/camera_status__struct.hpp\n'}
[1.066896] (px4_msgs) StdoutLine: {'line': b'-- Up-to-date: /home/wei/fire_scout_ws/install/px4_msgs/include/px4_msgs/px4_msgs/msg/detail/vehicle_acceleration__traits.hpp\n'}
[1.066925] (px4_msgs) StdoutLine: {'line': b'-- Up-to-date: /home/wei/fire_scout_ws/install/px4_msgs/include/px4_msgs/px4_msgs/msg/detail/onboard_computer_status__builder.hpp\n'}
[1.066963] (px4_msgs) StdoutLine: {'line': b'-- Up-to-date: /home/wei/fire_scout_ws/install/px4_msgs/include/px4_msgs/px4_msgs/msg/detail/actuator_outputs__struct.hpp\n'}
[1.067009] (px4_msgs) StdoutLine: {'line': b'-- Up-to-date: /home/wei/fire_scout_ws/install/px4_msgs/include/px4_msgs/px4_msgs/msg/detail/vehicle_angular_acceleration_setpoint__traits.hpp\n'}
[1.067039] (px4_msgs) StdoutLine: {'line': b'-- Up-to-date: /home/wei/fire_scout_ws/install/px4_msgs/include/px4_msgs/px4_msgs/msg/detail/esc_report__struct.hpp\n'}
[1.067067] (px4_msgs) StdoutLine: {'line': b'-- Up-to-date: /home/wei/fire_scout_ws/install/px4_msgs/include/px4_msgs/px4_msgs/msg/detail/sensor_mag__type_support.hpp\n'}
[1.067096] (px4_msgs) StdoutLine: {'line': b'-- Up-to-date: /home/wei/fire_scout_ws/install/px4_msgs/include/px4_msgs/px4_msgs/msg/detail/rtl_time_estimate__builder.hpp\n'}
[1.067125] (px4_msgs) StdoutLine: {'line': b'-- Up-to-date: /home/wei/fire_scout_ws/install/px4_msgs/include/px4_msgs/px4_msgs/msg/detail/can_interface_status__traits.hpp\n'}
[1.067164] (px4_msgs) StdoutLine: {'line': b'-- Up-to-date: /home/wei/fire_scout_ws/install/px4_msgs/include/px4_msgs/px4_msgs/msg/detail/estimator_aid_source3d__struct.hpp\n'}
[1.067197] (px4_msgs) StdoutLine: {'line': b'-- Up-to-date: /home/wei/fire_scout_ws/install/px4_msgs/include/px4_msgs/px4_msgs/msg/detail/radio_status__struct.hpp\n'}
[1.067227] (px4_msgs) StdoutLine: {'line': b'-- Up-to-date: /home/wei/fire_scout_ws/install/px4_msgs/include/px4_msgs/px4_msgs/msg/detail/gimbal_manager_status__struct.hpp\n'}
[1.067257] (px4_msgs) StdoutLine: {'line': b'-- Up-to-date: /home/wei/fire_scout_ws/install/px4_msgs/include/px4_msgs/px4_msgs/msg/detail/airspeed_validated__builder.hpp\n'}
[1.067286] (px4_msgs) StdoutLine: {'line': b'-- Up-to-date: /home/wei/fire_scout_ws/install/px4_msgs/include/px4_msgs/px4_msgs/msg/detail/action_request__builder.hpp\n'}
[1.067316] (px4_msgs) StdoutLine: {'line': b'-- Up-to-date: /home/wei/fire_scout_ws/install/px4_msgs/include/px4_msgs/px4_msgs/msg/detail/gimbal_manager_status__type_support.hpp\n'}
[1.067346] (px4_msgs) StdoutLine: {'line': b'-- Up-to-date: /home/wei/fire_scout_ws/install/px4_msgs/include/px4_msgs/px4_msgs/msg/detail/open_drone_id_self_id__type_support.hpp\n'}
[1.067381] (px4_msgs) StdoutLine: {'line': b'-- Up-to-date: /home/wei/fire_scout_ws/install/px4_msgs/include/px4_msgs/px4_msgs/msg/detail/geofence_result__builder.hpp\n'}
[1.067413] (px4_msgs) StdoutLine: {'line': b'-- Up-to-date: /home/wei/fire_scout_ws/install/px4_msgs/include/px4_msgs/px4_msgs/msg/detail/sensor_preflight_mag__traits.hpp\n'}
[1.067463] (px4_msgs) StdoutLine: {'line': b'-- Up-to-date: /home/wei/fire_scout_ws/install/px4_msgs/include/px4_msgs/px4_msgs/msg/detail/sensor_gps__struct.hpp\n'}
[1.067495] (px4_msgs) StdoutLine: {'line': b'-- Up-to-date: /home/wei/fire_scout_ws/install/px4_msgs/include/px4_msgs/px4_msgs/msg/detail/gpio_out__builder.hpp\n'}
[1.067535] (px4_msgs) StdoutLine: {'line': b'-- Up-to-date: /home/wei/fire_scout_ws/install/px4_msgs/include/px4_msgs/px4_msgs/msg/detail/vehicle_air_data__traits.hpp\n'}
[1.067568] (px4_msgs) StdoutLine: {'line': b'-- Up-to-date: /home/wei/fire_scout_ws/install/px4_msgs/include/px4_msgs/px4_msgs/msg/detail/home_position__type_support.hpp\n'}
[1.067621] (px4_msgs) StdoutLine: {'line': b'-- Up-to-date: /home/wei/fire_scout_ws/install/px4_msgs/include/px4_msgs/px4_msgs/msg/detail/timesync_status__type_support.hpp\n'}
[1.067651] (px4_msgs) StdoutLine: {'line': b'-- Up-to-date: /home/wei/fire_scout_ws/install/px4_msgs/include/px4_msgs/px4_msgs/msg/detail/mission__builder.hpp\n'}
[1.067693] (px4_msgs) StdoutLine: {'line': b'-- Up-to-date: /home/wei/fire_scout_ws/install/px4_msgs/include/px4_msgs/px4_msgs/msg/detail/rtl_status__struct.hpp\n'}
[1.067722] (px4_msgs) StdoutLine: {'line': b'-- Up-to-date: /home/wei/fire_scout_ws/install/px4_msgs/include/px4_msgs/px4_msgs/msg/detail/rover_attitude_setpoint__struct.hpp\n'}
[1.067751] (px4_msgs) StdoutLine: {'line': b'-- Up-to-date: /home/wei/fire_scout_ws/install/px4_msgs/include/px4_msgs/px4_msgs/msg/detail/pwm_input__builder.hpp\n'}
[1.067781] (px4_msgs) StdoutLine: {'line': b'-- Up-to-date: /home/wei/fire_scout_ws/install/px4_msgs/include/px4_msgs/px4_msgs/msg/detail/distance_sensor__traits.hpp\n'}
[1.067812] (px4_msgs) StdoutLine: {'line': b'-- Up-to-date: /home/wei/fire_scout_ws/install/px4_msgs/include/px4_msgs/px4_msgs/msg/detail/actuator_test__struct.hpp\n'}
[1.067845] (px4_msgs) StdoutLine: {'line': b'-- Up-to-date: /home/wei/fire_scout_ws/install/px4_msgs/include/px4_msgs/px4_msgs/msg/detail/dronecan_node_status__struct.hpp\n'}
[1.067885] (px4_msgs) StdoutLine: {'line': b'-- Up-to-date: /home/wei/fire_scout_ws/install/px4_msgs/include/px4_msgs/px4_msgs/msg/detail/trajectory_setpoint__struct.hpp\n'}
[1.067914] (px4_msgs) StdoutLine: {'line': b'-- Up-to-date: /home/wei/fire_scout_ws/install/px4_msgs/include/px4_msgs/px4_msgs/msg/detail/landing_target_pose__struct.hpp\n'}
[1.067944] (px4_msgs) StdoutLine: {'line': b'-- Up-to-date: /home/wei/fire_scout_ws/install/px4_msgs/include/px4_msgs/px4_msgs/msg/detail/fuel_tank_status__traits.hpp\n'}
[1.067973] (px4_msgs) StdoutLine: {'line': b'-- Up-to-date: /home/wei/fire_scout_ws/install/px4_msgs/include/px4_msgs/px4_msgs/msg/detail/failsafe_flags__builder.hpp\n'}
[1.068003] (px4_msgs) StdoutLine: {'line': b'-- Up-to-date: /home/wei/fire_scout_ws/install/px4_msgs/include/px4_msgs/px4_msgs/msg/detail/led_control__traits.hpp\n'}
[1.068031] (px4_msgs) StdoutLine: {'line': b'-- Up-to-date: /home/wei/fire_scout_ws/install/px4_msgs/include/px4_msgs/px4_msgs/msg/detail/sensors_status_imu__struct.hpp\n'}
[1.068061] (px4_msgs) StdoutLine: {'line': b'-- Up-to-date: /home/wei/fire_scout_ws/install/px4_msgs/include/px4_msgs/px4_msgs/msg/detail/internal_combustion_engine_status__builder.hpp\n'}
[1.068103] (px4_msgs) StdoutLine: {'line': b'-- Up-to-date: /home/wei/fire_scout_ws/install/px4_msgs/include/px4_msgs/px4_msgs/msg/detail/parameter_set_value_response__builder.hpp\n'}
[1.068135] (px4_msgs) StdoutLine: {'line': b'-- Up-to-date: /home/wei/fire_scout_ws/install/px4_msgs/include/px4_msgs/px4_msgs/msg/detail/dataman_response__traits.hpp\n'}
[1.068165] (px4_msgs) StdoutLine: {'line': b'-- Up-to-date: /home/wei/fire_scout_ws/install/px4_msgs/include/px4_msgs/px4_msgs/msg/detail/adc_report__builder.hpp\n'}
[1.068196] (px4_msgs) StdoutLine: {'line': b'-- Up-to-date: /home/wei/fire_scout_ws/install/px4_msgs/include/px4_msgs/px4_msgs/msg/detail/system_power__struct.hpp\n'}
[1.068229] (px4_msgs) StdoutLine: {'line': b'-- Up-to-date: /home/wei/fire_scout_ws/install/px4_msgs/include/px4_msgs/px4_msgs/msg/detail/qshell_req__type_support.hpp\n'}
[1.068259] (px4_msgs) StdoutLine: {'line': b'-- Up-to-date: /home/wei/fire_scout_ws/install/px4_msgs/include/px4_msgs/px4_msgs/msg/detail/vehicle_thrust_setpoint__type_support.hpp\n'}
[1.068290] (px4_msgs) StdoutLine: {'line': b'-- Up-to-date: /home/wei/fire_scout_ws/install/px4_msgs/include/px4_msgs/px4_msgs/msg/detail/parameter_reset_request__builder.hpp\n'}
[1.068321] (px4_msgs) StdoutLine: {'line': b'-- Up-to-date: /home/wei/fire_scout_ws/install/px4_msgs/include/px4_msgs/px4_msgs/msg/detail/dataman_response__builder.hpp\n'}
[1.068352] (px4_msgs) StdoutLine: {'line': b'-- Up-to-date: /home/wei/fire_scout_ws/install/px4_msgs/include/px4_msgs/px4_msgs/msg/detail/estimator_aid_source1d__builder.hpp\n'}
[1.068386] (px4_msgs) StdoutLine: {'line': b'-- Up-to-date: /home/wei/fire_scout_ws/install/px4_msgs/include/px4_msgs/px4_msgs/msg/detail/debug_array__struct.hpp\n'}
[1.068432] (px4_msgs) StdoutLine: {'line': b'-- Up-to-date: /home/wei/fire_scout_ws/install/px4_msgs/include/px4_msgs/px4_msgs/msg/detail/satellite_info__type_support.hpp\n'}
[1.068462] (px4_msgs) StdoutLine: {'line': b'-- Up-to-date: /home/wei/fire_scout_ws/install/px4_msgs/include/px4_msgs/px4_msgs/msg/detail/estimator_status__builder.hpp\n'}
[1.068492] (px4_msgs) StdoutLine: {'line': b'-- Up-to-date: /home/wei/fire_scout_ws/install/px4_msgs/include/px4_msgs/px4_msgs/msg/detail/arming_check_reply__builder.hpp\n'}
[1.068521] (px4_msgs) StdoutLine: {'line': b'-- Up-to-date: /home/wei/fire_scout_ws/install/px4_msgs/include/px4_msgs/px4_msgs/msg/detail/vehicle_command__struct.hpp\n'}
[1.068553] (px4_msgs) StdoutLine: {'line': b'-- Up-to-date: /home/wei/fire_scout_ws/install/px4_msgs/include/px4_msgs/px4_msgs/msg/detail/log_message__builder.hpp\n'}
[1.068587] (px4_msgs) StdoutLine: {'line': b'-- Up-to-date: /home/wei/fire_scout_ws/install/px4_msgs/include/px4_msgs/px4_msgs/msg/detail/iridiumsbd_status__traits.hpp\n'}
[1.068632] (px4_msgs) StdoutLine: {'line': b'-- Up-to-date: /home/wei/fire_scout_ws/install/px4_msgs/include/px4_msgs/px4_msgs/msg/detail/sensor_uwb__type_support.hpp\n'}
[1.068666] (px4_msgs) StdoutLine: {'line': b'-- Up-to-date: /home/wei/fire_scout_ws/install/px4_msgs/include/px4_msgs/px4_msgs/msg/detail/actuator_test__builder.hpp\n'}
[1.068697] (px4_msgs) StdoutLine: {'line': b'-- Up-to-date: /home/wei/fire_scout_ws/install/px4_msgs/include/px4_msgs/px4_msgs/msg/detail/debug_vect__builder.hpp\n'}
[1.068728] (px4_msgs) StdoutLine: {'line': b'-- Up-to-date: /home/wei/fire_scout_ws/install/px4_msgs/include/px4_msgs/px4_msgs/msg/detail/satellite_info__traits.hpp\n'}
[1.068758] (px4_msgs) StdoutLine: {'line': b'-- Up-to-date: /home/wei/fire_scout_ws/install/px4_msgs/include/px4_msgs/px4_msgs/msg/detail/led_control__builder.hpp\n'}
[1.068791] (px4_msgs) StdoutLine: {'line': b'-- Up-to-date: /home/wei/fire_scout_ws/install/px4_msgs/include/px4_msgs/px4_msgs/msg/detail/can_interface_status__struct.hpp\n'}
[1.068836] (px4_msgs) StdoutLine: {'line': b'-- Up-to-date: /home/wei/fire_scout_ws/install/px4_msgs/include/px4_msgs/px4_msgs/msg/detail/rover_attitude_setpoint__type_support.hpp\n'}
[1.068866] (px4_msgs) StdoutLine: {'line': b'-- Up-to-date: /home/wei/fire_scout_ws/install/px4_msgs/include/px4_msgs/px4_msgs/msg/detail/follow_target_status__struct.hpp\n'}
[1.068897] (px4_msgs) StdoutLine: {'line': b'-- Up-to-date: /home/wei/fire_scout_ws/install/px4_msgs/include/px4_msgs/px4_msgs/msg/detail/sensor_combined__type_support.hpp\n'}
[1.068931] (px4_msgs) StdoutLine: {'line': b'-- Up-to-date: /home/wei/fire_scout_ws/install/px4_msgs/include/px4_msgs/px4_msgs/msg/detail/parameter_set_used_request__traits.hpp\n'}
[1.068961] (px4_msgs) StdoutLine: {'line': b'-- Up-to-date: /home/wei/fire_scout_ws/install/px4_msgs/include/px4_msgs/px4_msgs/msg/detail/irlock_report__type_support.hpp\n'}
[1.068991] (px4_msgs) StdoutLine: {'line': b'-- Up-to-date: /home/wei/fire_scout_ws/install/px4_msgs/include/px4_msgs/px4_msgs/msg/detail/ekf2_timestamps__type_support.hpp\n'}
[1.069025] (px4_msgs) StdoutLine: {'line': b'-- Up-to-date: /home/wei/fire_scout_ws/install/px4_msgs/include/px4_msgs/px4_msgs/msg/detail/vehicle_constraints__traits.hpp\n'}
[1.069059] (px4_msgs) StdoutLine: {'line': b'-- Up-to-date: /home/wei/fire_scout_ws/install/px4_msgs/include/px4_msgs/px4_msgs/msg/detail/parameter_update__builder.hpp\n'}
[1.069092] (px4_msgs) StdoutLine: {'line': b'-- Up-to-date: /home/wei/fire_scout_ws/install/px4_msgs/include/px4_msgs/px4_msgs/msg/detail/button_event__builder.hpp\n'}
[1.069135] (px4_msgs) StdoutLine: {'line': b'-- Up-to-date: /home/wei/fire_scout_ws/install/px4_msgs/include/px4_msgs/px4_msgs/msg/detail/mag_worker_data__builder.hpp\n'}
[1.069164] (px4_msgs) StdoutLine: {'line': b'-- Up-to-date: /home/wei/fire_scout_ws/install/px4_msgs/include/px4_msgs/px4_msgs/msg/detail/orb_test__type_support.hpp\n'}
[1.069194] (px4_msgs) StdoutLine: {'line': b'-- Up-to-date: /home/wei/fire_scout_ws/install/px4_msgs/include/px4_msgs/px4_msgs/msg/detail/vehicle_control_mode__traits.hpp\n'}
[1.069223] (px4_msgs) StdoutLine: {'line': b'-- Up-to-date: /home/wei/fire_scout_ws/install/px4_msgs/include/px4_msgs/px4_msgs/msg/detail/gimbal_controls__builder.hpp\n'}
[1.069255] (px4_msgs) StdoutLine: {'line': b'-- Up-to-date: /home/wei/fire_scout_ws/install/px4_msgs/include/px4_msgs/px4_msgs/msg/detail/estimator_aid_source2d__builder.hpp\n'}
[1.069285] (px4_msgs) StdoutLine: {'line': b'-- Up-to-date: /home/wei/fire_scout_ws/install/px4_msgs/include/px4_msgs/px4_msgs/msg/detail/ping__builder.hpp\n'}
[1.069316] (px4_msgs) StdoutLine: {'line': b'-- Up-to-date: /home/wei/fire_scout_ws/install/px4_msgs/include/px4_msgs/px4_msgs/msg/detail/sensor_gps__traits.hpp\n'}
[1.069360] (px4_msgs) StdoutLine: {'line': b'-- Up-to-date: /home/wei/fire_scout_ws/install/px4_msgs/include/px4_msgs/px4_msgs/msg/detail/longitudinal_control_configuration__traits.hpp\n'}
[1.069396] (px4_msgs) StdoutLine: {'line': b'-- Up-to-date: /home/wei/fire_scout_ws/install/px4_msgs/include/px4_msgs/px4_msgs/msg/detail/control_allocator_status__traits.hpp\n'}
[1.069427] (px4_msgs) StdoutLine: {'line': b'-- Up-to-date: /home/wei/fire_scout_ws/install/px4_msgs/include/px4_msgs/px4_msgs/msg/detail/sensor_gnss_relative__type_support.hpp\n'}
[1.069455] (px4_msgs) StdoutLine: {'line': b'-- Up-to-date: /home/wei/fire_scout_ws/install/px4_msgs/include/px4_msgs/px4_msgs/msg/detail/sensor_hygrometer__struct.hpp\n'}
[1.069503] (px4_msgs) StdoutLine: {'line': b'-- Up-to-date: /home/wei/fire_scout_ws/install/px4_msgs/include/px4_msgs/px4_msgs/msg/detail/ulog_stream__struct.hpp\n'}
[1.069533] (px4_msgs) StdoutLine: {'line': b'-- Up-to-date: /home/wei/fire_scout_ws/install/px4_msgs/include/px4_msgs/px4_msgs/msg/detail/obstacle_distance__struct.hpp\n'}
[1.069567] (px4_msgs) StdoutLine: {'line': b'-- Up-to-date: /home/wei/fire_scout_ws/install/px4_msgs/include/px4_msgs/px4_msgs/msg/detail/estimator_bias__struct.hpp\n'}
[1.069601] (px4_msgs) StdoutLine: {'line': b'-- Up-to-date: /home/wei/fire_scout_ws/install/px4_msgs/include/px4_msgs/px4_msgs/msg/detail/vehicle_angular_acceleration_setpoint__builder.hpp\n'}
[1.069647] (px4_msgs) StdoutLine: {'line': b'-- Up-to-date: /home/wei/fire_scout_ws/install/px4_msgs/include/px4_msgs/px4_msgs/msg/detail/vehicle_attitude_setpoint__builder.hpp\n'}
[1.069682] (px4_msgs) StdoutLine: {'line': b'-- Up-to-date: /home/wei/fire_scout_ws/install/px4_msgs/include/px4_msgs/px4_msgs/msg/detail/gps_inject_data__type_support.hpp\n'}
[1.069711] (px4_msgs) StdoutLine: {'line': b'-- Up-to-date: /home/wei/fire_scout_ws/install/px4_msgs/include/px4_msgs/px4_msgs/msg/detail/sensor_gyro_fft__traits.hpp\n'}
[1.069752] (px4_msgs) StdoutLine: {'line': b'-- Up-to-date: /home/wei/fire_scout_ws/install/px4_msgs/include/px4_msgs/px4_msgs/msg/open_drone_id_arm_status.hpp\n'}
[1.069782] (px4_msgs) StdoutLine: {'line': b'-- Up-to-date: /home/wei/fire_scout_ws/install/px4_msgs/include/px4_msgs/px4_msgs/msg/timesync_status.hpp\n'}
[1.069811] (px4_msgs) StdoutLine: {'line': b'-- Up-to-date: /home/wei/fire_scout_ws/install/px4_msgs/include/px4_msgs/px4_msgs/msg/estimator_states.hpp\n'}
[1.069841] (px4_msgs) StdoutLine: {'line': b'-- Up-to-date: /home/wei/fire_scout_ws/install/px4_msgs/include/px4_msgs/px4_msgs/msg/sensor_uwb.hpp\n'}
[1.069870] (px4_msgs) StdoutLine: {'line': b'-- Up-to-date: /home/wei/fire_scout_ws/install/px4_msgs/include/px4_msgs/px4_msgs/msg/pps_capture.hpp\n'}
[1.069900] (px4_msgs) StdoutLine: {'line': b'-- Up-to-date: /home/wei/fire_scout_ws/install/px4_msgs/include/px4_msgs/px4_msgs/msg/actuator_outputs.hpp\n'}
[1.069932] (px4_msgs) StdoutLine: {'line': b'-- Up-to-date: /home/wei/fire_scout_ws/install/px4_msgs/include/px4_msgs/px4_msgs/msg/vehicle_command_ack.hpp\n'}
[1.069972] (px4_msgs) StdoutLine: {'line': b'-- Up-to-date: /home/wei/fire_scout_ws/install/px4_msgs/include/px4_msgs/px4_msgs/msg/actuator_test.hpp\n'}
[1.070000] (px4_msgs) StdoutLine: {'line': b'-- Up-to-date: /home/wei/fire_scout_ws/install/px4_msgs/include/px4_msgs/px4_msgs/msg/mavlink_tunnel.hpp\n'}
[1.070030] (px4_msgs) StdoutLine: {'line': b'-- Up-to-date: /home/wei/fire_scout_ws/install/px4_msgs/include/px4_msgs/px4_msgs/msg/obstacle_distance.hpp\n'}
[1.070064] (px4_msgs) StdoutLine: {'line': b'-- Up-to-date: /home/wei/fire_scout_ws/install/px4_msgs/include/px4_msgs/px4_msgs/msg/estimator_bias.hpp\n'}
[1.070094] (px4_msgs) StdoutLine: {'line': b'-- Up-to-date: /home/wei/fire_scout_ws/install/px4_msgs/include/px4_msgs/px4_msgs/msg/neural_control.hpp\n'}
[1.070122] (px4_msgs) StdoutLine: {'line': b'-- Up-to-date: /home/wei/fire_scout_ws/install/px4_msgs/include/px4_msgs/px4_msgs/msg/fuel_tank_status.hpp\n'}
[1.070151] (px4_msgs) StdoutLine: {'line': b'-- Up-to-date: /home/wei/fire_scout_ws/install/px4_msgs/include/px4_msgs/px4_msgs/msg/px4io_status.hpp\n'}
[1.070182] (px4_msgs) StdoutLine: {'line': b'-- Up-to-date: /home/wei/fire_scout_ws/install/px4_msgs/include/px4_msgs/px4_msgs/msg/sensor_accel_fifo.hpp\n'}
[1.070211] (px4_msgs) StdoutLine: {'line': b'-- Up-to-date: /home/wei/fire_scout_ws/install/px4_msgs/include/px4_msgs/px4_msgs/msg/vehicle_angular_acceleration_setpoint.hpp\n'}
[1.070242] (px4_msgs) StdoutLine: {'line': b'-- Up-to-date: /home/wei/fire_scout_ws/install/px4_msgs/include/px4_msgs/px4_msgs/msg/rover_steering_setpoint.hpp\n'}
[1.070281] (px4_msgs) StdoutLine: {'line': b'-- Up-to-date: /home/wei/fire_scout_ws/install/px4_msgs/include/px4_msgs/px4_msgs/msg/input_rc.hpp\n'}
[1.070315] (px4_msgs) StdoutLine: {'line': b'-- Up-to-date: /home/wei/fire_scout_ws/install/px4_msgs/include/px4_msgs/px4_msgs/msg/longitudinal_control_configuration.hpp\n'}
[1.070348] (px4_msgs) StdoutLine: {'line': b'-- Up-to-date: /home/wei/fire_scout_ws/install/px4_msgs/include/px4_msgs/px4_msgs/msg/landing_gear_wheel.hpp\n'}
[1.070383] (px4_msgs) StdoutLine: {'line': b'-- Up-to-date: /home/wei/fire_scout_ws/install/px4_msgs/include/px4_msgs/px4_msgs/msg/estimator_aid_source3d.hpp\n'}
[1.070415] (px4_msgs) StdoutLine: {'line': b'-- Up-to-date: /home/wei/fire_scout_ws/install/px4_msgs/include/px4_msgs/px4_msgs/msg/vehicle_land_detected.hpp\n'}
[1.070450] (px4_msgs) StdoutLine: {'line': b'-- Up-to-date: /home/wei/fire_scout_ws/install/px4_msgs/include/px4_msgs/px4_msgs/msg/actuator_controls_status.hpp\n'}
[1.070518] (px4_msgs) StdoutLine: {'line': b'-- Up-to-date: /home/wei/fire_scout_ws/install/px4_msgs/include/px4_msgs/px4_msgs/msg/vehicle_imu_status.hpp\n'}
[1.070557] (px4_msgs) StdoutLine: {'line': b'-- Up-to-date: /home/wei/fire_scout_ws/install/px4_msgs/include/px4_msgs/px4_msgs/msg/control_allocator_status.hpp\n'}
[1.070590] (px4_msgs) StdoutLine: {'line': b'-- Up-to-date: /home/wei/fire_scout_ws/install/px4_msgs/include/px4_msgs/px4_msgs/msg/landing_target_innovations.hpp\n'}
[1.070625] (px4_msgs) StdoutLine: {'line': b'-- Up-to-date: /home/wei/fire_scout_ws/install/px4_msgs/include/px4_msgs/px4_msgs/msg/velocity_limits.hpp\n'}
[1.070672] (px4_msgs) StdoutLine: {'line': b'-- Up-to-date: /home/wei/fire_scout_ws/install/px4_msgs/include/px4_msgs/px4_msgs/msg/mission.hpp\n'}
[1.070703] (px4_msgs) StdoutLine: {'line': b'-- Up-to-date: /home/wei/fire_scout_ws/install/px4_msgs/include/px4_msgs/px4_msgs/msg/vehicle_attitude.hpp\n'}
[1.070733] (px4_msgs) StdoutLine: {'line': b'-- Up-to-date: /home/wei/fire_scout_ws/install/px4_msgs/include/px4_msgs/px4_msgs/msg/debug_key_value.hpp\n'}
[1.070762] (px4_msgs) StdoutLine: {'line': b'-- Up-to-date: /home/wei/fire_scout_ws/install/px4_msgs/include/px4_msgs/px4_msgs/msg/vehicle_acceleration.hpp\n'}
[1.070796] (px4_msgs) StdoutLine: {'line': b'-- Up-to-date: /home/wei/fire_scout_ws/install/px4_msgs/include/px4_msgs/px4_msgs/msg/sensor_hygrometer.hpp\n'}
[1.070827] (px4_msgs) StdoutLine: {'line': b'-- Up-to-date: /home/wei/fire_scout_ws/install/px4_msgs/include/px4_msgs/px4_msgs/msg/orb_test_medium.hpp\n'}
[1.070858] (px4_msgs) StdoutLine: {'line': b'-- Up-to-date: /home/wei/fire_scout_ws/install/px4_msgs/include/px4_msgs/px4_msgs/msg/position_controller_status.hpp\n'}
[1.070899] (px4_msgs) StdoutLine: {'line': b'-- Up-to-date: /home/wei/fire_scout_ws/install/px4_msgs/include/px4_msgs/px4_msgs/msg/estimator_aid_source1d.hpp\n'}
[1.070932] (px4_msgs) StdoutLine: {'line': b'-- Up-to-date: /home/wei/fire_scout_ws/install/px4_msgs/include/px4_msgs/px4_msgs/msg/sensor_gnss_relative.hpp\n'}
[1.070963] (px4_msgs) StdoutLine: {'line': b'-- Up-to-date: /home/wei/fire_scout_ws/install/px4_msgs/include/px4_msgs/px4_msgs/msg/estimator_status_flags.hpp\n'}
[1.070993] (px4_msgs) StdoutLine: {'line': b'-- Up-to-date: /home/wei/fire_scout_ws/install/px4_msgs/include/px4_msgs/px4_msgs/msg/follow_target_estimator.hpp\n'}
[1.071024] (px4_msgs) StdoutLine: {'line': b'-- Up-to-date: /home/wei/fire_scout_ws/install/px4_msgs/include/px4_msgs/px4_msgs/msg/health_report.hpp\n'}
[1.071053] (px4_msgs) StdoutLine: {'line': b'-- Up-to-date: /home/wei/fire_scout_ws/install/px4_msgs/include/px4_msgs/px4_msgs/msg/estimator_gps_status.hpp\n'}
[1.071085] (px4_msgs) StdoutLine: {'line': b'-- Up-to-date: /home/wei/fire_scout_ws/install/px4_msgs/include/px4_msgs/px4_msgs/msg/sensor_combined.hpp\n'}
[1.071114] (px4_msgs) StdoutLine: {'line': b'-- Up-to-date: /home/wei/fire_scout_ws/install/px4_msgs/include/px4_msgs/px4_msgs/msg/sensor_gyro_fft.hpp\n'}
[1.071145] (px4_msgs) StdoutLine: {'line': b'-- Up-to-date: /home/wei/fire_scout_ws/install/px4_msgs/include/px4_msgs/px4_msgs/msg/vehicle_control_mode.hpp\n'}
[1.071174] (px4_msgs) StdoutLine: {'line': b'-- Up-to-date: /home/wei/fire_scout_ws/install/px4_msgs/include/px4_msgs/px4_msgs/msg/actuator_servos.hpp\n'}
[1.071227] (px4_msgs) StdoutLine: {'line': b'-- Up-to-date: /home/wei/fire_scout_ws/install/px4_msgs/include/px4_msgs/px4_msgs/msg/parameter_set_used_request.hpp\n'}
[1.071257] (px4_msgs) StdoutLine: {'line': b'-- Up-to-date: /home/wei/fire_scout_ws/install/px4_msgs/include/px4_msgs/px4_msgs/msg/gimbal_manager_set_manual_control.hpp\n'}
[1.071288] (px4_msgs) StdoutLine: {'line': b'-- Up-to-date: /home/wei/fire_scout_ws/install/px4_msgs/include/px4_msgs/px4_msgs/msg/vehicle_command.hpp\n'}
[1.071324] (px4_msgs) StdoutLine: {'line': b'-- Up-to-date: /home/wei/fire_scout_ws/install/px4_msgs/include/px4_msgs/px4_msgs/msg/actuator_servos_trim.hpp\n'}
[1.071355] (px4_msgs) StdoutLine: {'line': b'-- Up-to-date: /home/wei/fire_scout_ws/install/px4_msgs/include/px4_msgs/px4_msgs/msg/parameter_update.hpp\n'}
[1.071391] (px4_msgs) StdoutLine: {'line': b'-- Up-to-date: /home/wei/fire_scout_ws/install/px4_msgs/include/px4_msgs/px4_msgs/msg/message_format_request.hpp\n'}
[1.071423] (px4_msgs) StdoutLine: {'line': b'-- Up-to-date: /home/wei/fire_scout_ws/install/px4_msgs/include/px4_msgs/px4_msgs/msg/sensor_preflight_mag.hpp\n'}
[1.071471] (px4_msgs) StdoutLine: {'line': b'-- Up-to-date: /home/wei/fire_scout_ws/install/px4_msgs/include/px4_msgs/px4_msgs/msg/battery_info.hpp\n'}
[1.071505] (px4_msgs) StdoutLine: {'line': b'-- Up-to-date: /home/wei/fire_scout_ws/install/px4_msgs/include/px4_msgs/px4_msgs/msg/vehicle_torque_setpoint.hpp\n'}
[1.071541] (px4_msgs) StdoutLine: {'line': b'-- Up-to-date: /home/wei/fire_scout_ws/install/px4_msgs/include/px4_msgs/px4_msgs/msg/vehicle_global_position.hpp\n'}
[1.071590] (px4_msgs) StdoutLine: {'line': b'-- Up-to-date: /home/wei/fire_scout_ws/install/px4_msgs/include/px4_msgs/px4_msgs/msg/camera_status.hpp\n'}
[1.071627] (px4_msgs) StdoutLine: {'line': b'-- Up-to-date: /home/wei/fire_scout_ws/install/px4_msgs/include/px4_msgs/px4_msgs/msg/gpio_config.hpp\n'}
[1.071664] (px4_msgs) StdoutLine: {'line': b'-- Up-to-date: /home/wei/fire_scout_ws/install/px4_msgs/include/px4_msgs/px4_msgs/msg/vehicle_air_data.hpp\n'}
[1.071719] (px4_msgs) StdoutLine: {'line': b'-- Up-to-date: /home/wei/fire_scout_ws/install/px4_msgs/include/px4_msgs/px4_msgs/msg/parameter_reset_request.hpp\n'}
[1.071749] (px4_msgs) StdoutLine: {'line': b'-- Up-to-date: /home/wei/fire_scout_ws/install/px4_msgs/include/px4_msgs/px4_msgs/msg/rover_rate_status.hpp\n'}
[1.071780] (px4_msgs) StdoutLine: {'line': b'-- Up-to-date: /home/wei/fire_scout_ws/install/px4_msgs/include/px4_msgs/px4_msgs/msg/geofence_result.hpp\n'}
[1.071810] (px4_msgs) StdoutLine: {'line': b'-- Up-to-date: /home/wei/fire_scout_ws/install/px4_msgs/include/px4_msgs/px4_msgs/msg/sensors_status_imu.hpp\n'}
[1.071841] (px4_msgs) StdoutLine: {'line': b'-- Up-to-date: /home/wei/fire_scout_ws/install/px4_msgs/include/px4_msgs/px4_msgs/msg/telemetry_status.hpp\n'}
[1.071872] (px4_msgs) StdoutLine: {'line': b'-- Up-to-date: /home/wei/fire_scout_ws/install/px4_msgs/include/px4_msgs/px4_msgs/msg/arming_check_request.hpp\n'}
[1.071903] (px4_msgs) StdoutLine: {'line': b'-- Up-to-date: /home/wei/fire_scout_ws/install/px4_msgs/include/px4_msgs/px4_msgs/msg/home_position.hpp\n'}
[1.071934] (px4_msgs) StdoutLine: {'line': b'-- Up-to-date: /home/wei/fire_scout_ws/install/px4_msgs/include/px4_msgs/px4_msgs/msg/tiltrotor_extra_controls.hpp\n'}
[1.071964] (px4_msgs) StdoutLine: {'line': b'-- Up-to-date: /home/wei/fire_scout_ws/install/px4_msgs/include/px4_msgs/px4_msgs/msg/landing_target_pose.hpp\n'}
[1.071998] (px4_msgs) StdoutLine: {'line': b'-- Up-to-date: /home/wei/fire_scout_ws/install/px4_msgs/include/px4_msgs/px4_msgs/msg/sensor_gps.hpp\n'}
[1.072046] (px4_msgs) StdoutLine: {'line': b'-- Up-to-date: /home/wei/fire_scout_ws/install/px4_msgs/include/px4_msgs/px4_msgs/msg/onboard_computer_status.hpp\n'}
[1.072078] (px4_msgs) StdoutLine: {'line': b'-- Up-to-date: /home/wei/fire_scout_ws/install/px4_msgs/include/px4_msgs/px4_msgs/msg/manual_control_switches.hpp\n'}
[1.072108] (px4_msgs) StdoutLine: {'line': b'-- Up-to-date: /home/wei/fire_scout_ws/install/px4_msgs/include/px4_msgs/px4_msgs/msg/ulog_stream_ack.hpp\n'}
[1.072137] (px4_msgs) StdoutLine: {'line': b'-- Up-to-date: /home/wei/fire_scout_ws/install/px4_msgs/include/px4_msgs/px4_msgs/msg/transponder_report.hpp\n'}
[1.072167] (px4_msgs) StdoutLine: {'line': b'-- Up-to-date: /home/wei/fire_scout_ws/install/px4_msgs/include/px4_msgs/px4_msgs/msg/sensor_mag.hpp\n'}
[1.072197] (px4_msgs) StdoutLine: {'line': b'-- Up-to-date: /home/wei/fire_scout_ws/install/px4_msgs/include/px4_msgs/px4_msgs/msg/parameter_set_value_request.hpp\n'}
[1.072227] (px4_msgs) StdoutLine: {'line': b'-- Up-to-date: /home/wei/fire_scout_ws/install/px4_msgs/include/px4_msgs/px4_msgs/msg/arming_check_reply.hpp\n'}
[1.072258] (px4_msgs) StdoutLine: {'line': b'-- Up-to-date: /home/wei/fire_scout_ws/install/px4_msgs/include/px4_msgs/px4_msgs/msg/debug_array.hpp\n'}
[1.072291] (px4_msgs) StdoutLine: {'line': b'-- Up-to-date: /home/wei/fire_scout_ws/install/px4_msgs/include/px4_msgs/px4_msgs/msg/tune_control.hpp\n'}
[1.072321] (px4_msgs) StdoutLine: {'line': b'-- Up-to-date: /home/wei/fire_scout_ws/install/px4_msgs/include/px4_msgs/px4_msgs/msg/sensor_airflow.hpp\n'}
[1.072380] (px4_msgs) StdoutLine: {'line': b'-- Up-to-date: /home/wei/fire_scout_ws/install/px4_msgs/include/px4_msgs/px4_msgs/msg/rover_rate_setpoint.hpp\n'}
[1.072415] (px4_msgs) StdoutLine: {'line': b'-- Up-to-date: /home/wei/fire_scout_ws/install/px4_msgs/include/px4_msgs/px4_msgs/msg/orbit_status.hpp\n'}
[1.072446] (px4_msgs) StdoutLine: {'line': b'-- Up-to-date: /home/wei/fire_scout_ws/install/px4_msgs/include/px4_msgs/px4_msgs/msg/rc_channels.hpp\n'}
[1.072503] (px4_msgs) StdoutLine: {'line': b'-- Up-to-date: /home/wei/fire_scout_ws/install/px4_msgs/include/px4_msgs/px4_msgs/msg/rate_ctrl_status.hpp\n'}
[1.072538] (px4_msgs) StdoutLine: {'line': b'-- Up-to-date: /home/wei/fire_scout_ws/install/px4_msgs/include/px4_msgs/px4_msgs/msg/gpio_in.hpp\n'}
[1.072588] (px4_msgs) StdoutLine: {'line': b'-- Up-to-date: /home/wei/fire_scout_ws/install/px4_msgs/include/px4_msgs/px4_msgs/msg/vehicle_thrust_setpoint.hpp\n'}
[1.072624] (px4_msgs) StdoutLine: {'line': b'-- Up-to-date: /home/wei/fire_scout_ws/install/px4_msgs/include/px4_msgs/px4_msgs/msg/satellite_info.hpp\n'}
[1.072656] (px4_msgs) StdoutLine: {'line': b'-- Up-to-date: /home/wei/fire_scout_ws/install/px4_msgs/include/px4_msgs/px4_msgs/msg/distance_sensor.hpp\n'}
[1.072700] (px4_msgs) StdoutLine: {'line': b'-- Up-to-date: /home/wei/fire_scout_ws/install/px4_msgs/include/px4_msgs/px4_msgs/msg/rover_attitude_status.hpp\n'}
[1.072731] (px4_msgs) StdoutLine: {'line': b'-- Up-to-date: /home/wei/fire_scout_ws/install/px4_msgs/include/px4_msgs/px4_msgs/msg/sensor_gyro_fifo.hpp\n'}
[1.072762] (px4_msgs) StdoutLine: {'line': b'-- Up-to-date: /home/wei/fire_scout_ws/install/px4_msgs/include/px4_msgs/px4_msgs/msg/battery_status.hpp\n'}
[1.072805] (px4_msgs) StdoutLine: {'line': b'-- Up-to-date: /home/wei/fire_scout_ws/install/px4_msgs/include/px4_msgs/px4_msgs/msg/airspeed_validated.hpp\n'}
[1.072836] (px4_msgs) StdoutLine: {'line': b'-- Up-to-date: /home/wei/fire_scout_ws/install/px4_msgs/include/px4_msgs/px4_msgs/msg/sensor_correction.hpp\n'}
[1.072864] (px4_msgs) StdoutLine: {'line': b'-- Up-to-date: /home/wei/fire_scout_ws/install/px4_msgs/include/px4_msgs/px4_msgs/msg/estimator_selector_status.hpp\n'}
[1.072893] (px4_msgs) StdoutLine: {'line': b'-- Up-to-date: /home/wei/fire_scout_ws/install/px4_msgs/include/px4_msgs/px4_msgs/msg/cpuload.hpp\n'}
[1.072924] (px4_msgs) StdoutLine: {'line': b'-- Up-to-date: /home/wei/fire_scout_ws/install/px4_msgs/include/px4_msgs/px4_msgs/msg/mag_worker_data.hpp\n'}
[1.072956] (px4_msgs) StdoutLine: {'line': b'-- Up-to-date: /home/wei/fire_scout_ws/install/px4_msgs/include/px4_msgs/px4_msgs/msg/takeoff_status.hpp\n'}
[1.073006] (px4_msgs) StdoutLine: {'line': b'-- Up-to-date: /home/wei/fire_scout_ws/install/px4_msgs/include/px4_msgs/px4_msgs/msg/vtol_vehicle_status.hpp\n'}
[1.073033] (px4_msgs) StdoutLine: {'line': b'-- Up-to-date: /home/wei/fire_scout_ws/install/px4_msgs/include/px4_msgs/px4_msgs/msg/dataman_request.hpp\n'}
[1.073064] (px4_msgs) StdoutLine: {'line': b'-- Up-to-date: /home/wei/fire_scout_ws/install/px4_msgs/include/px4_msgs/px4_msgs/msg/airspeed.hpp\n'}
[1.073092] (px4_msgs) StdoutLine: {'line': b'-- Up-to-date: /home/wei/fire_scout_ws/install/px4_msgs/include/px4_msgs/px4_msgs/msg/sensors_status.hpp\n'}
[1.073123] (px4_msgs) StdoutLine: {'line': b'-- Up-to-date: /home/wei/fire_scout_ws/install/px4_msgs/include/px4_msgs/px4_msgs/msg/orb_test_large.hpp\n'}
[1.073151] (px4_msgs) StdoutLine: {'line': b'-- Up-to-date: /home/wei/fire_scout_ws/install/px4_msgs/include/px4_msgs/px4_msgs/msg/esc_report.hpp\n'}
[1.073180] (px4_msgs) StdoutLine: {'line': b'-- Up-to-date: /home/wei/fire_scout_ws/install/px4_msgs/include/px4_msgs/px4_msgs/msg/launch_detection_status.hpp\n'}
[1.073208] (px4_msgs) StdoutLine: {'line': b'-- Up-to-date: /home/wei/fire_scout_ws/install/px4_msgs/include/px4_msgs/px4_msgs/msg/rover_position_setpoint.hpp\n'}
[1.073237] (px4_msgs) StdoutLine: {'line': b'-- Up-to-date: /home/wei/fire_scout_ws/install/px4_msgs/include/px4_msgs/px4_msgs/srv\n'}
[1.073268] (px4_msgs) StdoutLine: {'line': b'-- Up-to-date: /home/wei/fire_scout_ws/install/px4_msgs/include/px4_msgs/px4_msgs/srv/detail\n'}
[1.073309] (px4_msgs) StdoutLine: {'line': b'-- Up-to-date: /home/wei/fire_scout_ws/install/px4_msgs/include/px4_msgs/px4_msgs/srv/detail/vehicle_command__type_support.hpp\n'}
[1.073341] (px4_msgs) StdoutLine: {'line': b'-- Up-to-date: /home/wei/fire_scout_ws/install/px4_msgs/include/px4_msgs/px4_msgs/srv/detail/vehicle_command__traits.hpp\n'}
[1.073371] (px4_msgs) StdoutLine: {'line': b'-- Up-to-date: /home/wei/fire_scout_ws/install/px4_msgs/include/px4_msgs/px4_msgs/srv/detail/vehicle_command__builder.hpp\n'}
[1.073405] (px4_msgs) StdoutLine: {'line': b'-- Up-to-date: /home/wei/fire_scout_ws/install/px4_msgs/include/px4_msgs/px4_msgs/srv/detail/vehicle_command__struct.hpp\n'}
[1.073435] (px4_msgs) StdoutLine: {'line': b'-- Up-to-date: /home/wei/fire_scout_ws/install/px4_msgs/include/px4_msgs/px4_msgs/srv/vehicle_command.hpp\n'}
[1.073471] (px4_msgs) StdoutLine: {'line': b'-- Up-to-date: /home/wei/fire_scout_ws/install/px4_msgs/include/px4_msgs/px4_msgs\n'}
[1.073504] (px4_msgs) StdoutLine: {'line': b'-- Up-to-date: /home/wei/fire_scout_ws/install/px4_msgs/include/px4_msgs/px4_msgs/msg\n'}
[1.073547] (px4_msgs) StdoutLine: {'line': b'-- Up-to-date: /home/wei/fire_scout_ws/install/px4_msgs/include/px4_msgs/px4_msgs/msg/rosidl_typesupport_fastrtps_cpp__visibility_control.h\n'}
[1.073580] (px4_msgs) StdoutLine: {'line': b'-- Up-to-date: /home/wei/fire_scout_ws/install/px4_msgs/include/px4_msgs/px4_msgs/msg/detail\n'}
[1.073613] (px4_msgs) StdoutLine: {'line': b'-- Up-to-date: /home/wei/fire_scout_ws/install/px4_msgs/include/px4_msgs/px4_msgs/msg/detail/estimator_event_flags__rosidl_typesupport_fastrtps_cpp.hpp\n'}
[1.073645] (px4_msgs) StdoutLine: {'line': b'-- Up-to-date: /home/wei/fire_scout_ws/install/px4_msgs/include/px4_msgs/px4_msgs/msg/detail/px4io_status__rosidl_typesupport_fastrtps_cpp.hpp\n'}
[1.073683] (px4_msgs) StdoutLine: {'line': b'-- Up-to-date: /home/wei/fire_scout_ws/install/px4_msgs/include/px4_msgs/px4_msgs/msg/detail/home_position__rosidl_typesupport_fastrtps_cpp.hpp\n'}
[1.073713] (px4_msgs) StdoutLine: {'line': b'-- Up-to-date: /home/wei/fire_scout_ws/install/px4_msgs/include/px4_msgs/px4_msgs/msg/detail/fixed_wing_longitudinal_setpoint__rosidl_typesupport_fastrtps_cpp.hpp\n'}
[1.073746] (px4_msgs) StdoutLine: {'line': b'-- Up-to-date: /home/wei/fire_scout_ws/install/px4_msgs/include/px4_msgs/px4_msgs/msg/detail/estimator_aid_source2d__rosidl_typesupport_fastrtps_cpp.hpp\n'}
[1.073776] (px4_msgs) StdoutLine: {'line': b'-- Up-to-date: /home/wei/fire_scout_ws/install/px4_msgs/include/px4_msgs/px4_msgs/msg/detail/orb_test_large__rosidl_typesupport_fastrtps_cpp.hpp\n'}
[1.073804] (px4_msgs) StdoutLine: {'line': b'-- Up-to-date: /home/wei/fire_scout_ws/install/px4_msgs/include/px4_msgs/px4_msgs/msg/detail/normalized_unsigned_setpoint__rosidl_typesupport_fastrtps_cpp.hpp\n'}
[1.073833] (px4_msgs) StdoutLine: {'line': b'-- Up-to-date: /home/wei/fire_scout_ws/install/px4_msgs/include/px4_msgs/px4_msgs/msg/detail/sensor_gps__rosidl_typesupport_fastrtps_cpp.hpp\n'}
[1.073874] (px4_msgs) StdoutLine: {'line': b'-- Up-to-date: /home/wei/fire_scout_ws/install/px4_msgs/include/px4_msgs/px4_msgs/msg/detail/wheel_encoders__rosidl_typesupport_fastrtps_cpp.hpp\n'}
[1.073913] (px4_msgs) StdoutLine: {'line': b'-- Up-to-date: /home/wei/fire_scout_ws/install/px4_msgs/include/px4_msgs/px4_msgs/msg/detail/sensor_baro__rosidl_typesupport_fastrtps_cpp.hpp\n'}
[1.073942] (px4_msgs) StdoutLine: {'line': b'-- Up-to-date: /home/wei/fire_scout_ws/install/px4_msgs/include/px4_msgs/px4_msgs/msg/detail/rover_speed_status__rosidl_typesupport_fastrtps_cpp.hpp\n'}
[1.073970] (px4_msgs) StdoutLine: {'line': b'-- Up-to-date: /home/wei/fire_scout_ws/install/px4_msgs/include/px4_msgs/px4_msgs/msg/detail/vtol_vehicle_status__rosidl_typesupport_fastrtps_cpp.hpp\n'}
[1.073999] (px4_msgs) StdoutLine: {'line': b'-- Up-to-date: /home/wei/fire_scout_ws/install/px4_msgs/include/px4_msgs/px4_msgs/msg/detail/vehicle_command__rosidl_typesupport_fastrtps_cpp.hpp\n'}
[1.074026] (px4_msgs) StdoutLine: {'line': b'-- Up-to-date: /home/wei/fire_scout_ws/install/px4_msgs/include/px4_msgs/px4_msgs/msg/detail/parameter_set_value_request__rosidl_typesupport_fastrtps_cpp.hpp\n'}
[1.074055] (px4_msgs) StdoutLine: {'line': b'-- Up-to-date: /home/wei/fire_scout_ws/install/px4_msgs/include/px4_msgs/px4_msgs/msg/detail/transponder_report__rosidl_typesupport_fastrtps_cpp.hpp\n'}
[1.074083] (px4_msgs) StdoutLine: {'line': b'-- Up-to-date: /home/wei/fire_scout_ws/install/px4_msgs/include/px4_msgs/px4_msgs/msg/detail/orb_test__rosidl_typesupport_fastrtps_cpp.hpp\n'}
[1.074110] (px4_msgs) StdoutLine: {'line': b'-- Up-to-date: /home/wei/fire_scout_ws/install/px4_msgs/include/px4_msgs/px4_msgs/msg/detail/gimbal_manager_status__rosidl_typesupport_fastrtps_cpp.hpp\n'}
[1.074138] (px4_msgs) StdoutLine: {'line': b'-- Up-to-date: /home/wei/fire_scout_ws/install/px4_msgs/include/px4_msgs/px4_msgs/msg/detail/gimbal_manager_information__rosidl_typesupport_fastrtps_cpp.hpp\n'}
[1.074167] (px4_msgs) StdoutLine: {'line': b'-- Up-to-date: /home/wei/fire_scout_ws/install/px4_msgs/include/px4_msgs/px4_msgs/msg/detail/sensor_accel__rosidl_typesupport_fastrtps_cpp.hpp\n'}
[1.074207] (px4_msgs) StdoutLine: {'line': b'-- Up-to-date: /home/wei/fire_scout_ws/install/px4_msgs/include/px4_msgs/px4_msgs/msg/detail/distance_sensor_mode_change_request__rosidl_typesupport_fastrtps_cpp.hpp\n'}
[1.074237] (px4_msgs) StdoutLine: {'line': b'-- Up-to-date: /home/wei/fire_scout_ws/install/px4_msgs/include/px4_msgs/px4_msgs/msg/detail/ping__rosidl_typesupport_fastrtps_cpp.hpp\n'}
[1.074269] (px4_msgs) StdoutLine: {'line': b'-- Up-to-date: /home/wei/fire_scout_ws/install/px4_msgs/include/px4_msgs/px4_msgs/msg/detail/mount_orientation__rosidl_typesupport_fastrtps_cpp.hpp\n'}
[1.074297] (px4_msgs) StdoutLine: {'line': b'-- Up-to-date: /home/wei/fire_scout_ws/install/px4_msgs/include/px4_msgs/px4_msgs/msg/detail/wind__rosidl_typesupport_fastrtps_cpp.hpp\n'}
[1.074326] (px4_msgs) StdoutLine: {'line': b'-- Up-to-date: /home/wei/fire_scout_ws/install/px4_msgs/include/px4_msgs/px4_msgs/msg/detail/estimator_bias3d__rosidl_typesupport_fastrtps_cpp.hpp\n'}
[1.074354] (px4_msgs) StdoutLine: {'line': b'-- Up-to-date: /home/wei/fire_scout_ws/install/px4_msgs/include/px4_msgs/px4_msgs/msg/detail/sensor_gnss_relative__rosidl_typesupport_fastrtps_cpp.hpp\n'}
[1.074398] (px4_msgs) StdoutLine: {'line': b'-- Up-to-date: /home/wei/fire_scout_ws/install/px4_msgs/include/px4_msgs/px4_msgs/msg/detail/gpio_config__rosidl_typesupport_fastrtps_cpp.hpp\n'}
[1.074428] (px4_msgs) StdoutLine: {'line': b'-- Up-to-date: /home/wei/fire_scout_ws/install/px4_msgs/include/px4_msgs/px4_msgs/msg/detail/internal_combustion_engine_control__rosidl_typesupport_fastrtps_cpp.hpp\n'}
[1.074458] (px4_msgs) StdoutLine: {'line': b'-- Up-to-date: /home/wei/fire_scout_ws/install/px4_msgs/include/px4_msgs/px4_msgs/msg/detail/orb_test_medium__rosidl_typesupport_fastrtps_cpp.hpp\n'}
[1.074488] (px4_msgs) StdoutLine: {'line': b'-- Up-to-date: /home/wei/fire_scout_ws/install/px4_msgs/include/px4_msgs/px4_msgs/msg/detail/radio_status__rosidl_typesupport_fastrtps_cpp.hpp\n'}
[1.074518] (px4_msgs) StdoutLine: {'line': b'-- Up-to-date: /home/wei/fire_scout_ws/install/px4_msgs/include/px4_msgs/px4_msgs/msg/detail/timesync_status__rosidl_typesupport_fastrtps_cpp.hpp\n'}
[1.074549] (px4_msgs) StdoutLine: {'line': b'-- Up-to-date: /home/wei/fire_scout_ws/install/px4_msgs/include/px4_msgs/px4_msgs/msg/detail/follow_target__rosidl_typesupport_fastrtps_cpp.hpp\n'}
[1.074590] (px4_msgs) StdoutLine: {'line': b'-- Up-to-date: /home/wei/fire_scout_ws/install/px4_msgs/include/px4_msgs/px4_msgs/msg/detail/arming_check_reply__rosidl_typesupport_fastrtps_cpp.hpp\n'}
[1.074643] (px4_msgs) StdoutLine: {'line': b'-- Up-to-date: /home/wei/fire_scout_ws/install/px4_msgs/include/px4_msgs/px4_msgs/msg/detail/actuator_armed__rosidl_typesupport_fastrtps_cpp.hpp\n'}
[1.074673] (px4_msgs) StdoutLine: {'line': b'-- Up-to-date: /home/wei/fire_scout_ws/install/px4_msgs/include/px4_msgs/px4_msgs/msg/detail/airspeed__rosidl_typesupport_fastrtps_cpp.hpp\n'}
[1.074704] (px4_msgs) StdoutLine: {'line': b'-- Up-to-date: /home/wei/fire_scout_ws/install/px4_msgs/include/px4_msgs/px4_msgs/msg/detail/actuator_test__rosidl_typesupport_fastrtps_cpp.hpp\n'}
[1.074735] (px4_msgs) StdoutLine: {'line': b'-- Up-to-date: /home/wei/fire_scout_ws/install/px4_msgs/include/px4_msgs/px4_msgs/msg/detail/sensor_airflow__rosidl_typesupport_fastrtps_cpp.hpp\n'}
[1.074769] (px4_msgs) StdoutLine: {'line': b'-- Up-to-date: /home/wei/fire_scout_ws/install/px4_msgs/include/px4_msgs/px4_msgs/msg/detail/estimator_gps_status__rosidl_typesupport_fastrtps_cpp.hpp\n'}
[1.074804] (px4_msgs) StdoutLine: {'line': b'-- Up-to-date: /home/wei/fire_scout_ws/install/px4_msgs/include/px4_msgs/px4_msgs/msg/detail/fixed_wing_lateral_guidance_status__rosidl_typesupport_fastrtps_cpp.hpp\n'}
[1.074851] (px4_msgs) StdoutLine: {'line': b'-- Up-to-date: /home/wei/fire_scout_ws/install/px4_msgs/include/px4_msgs/px4_msgs/msg/detail/debug_array__rosidl_typesupport_fastrtps_cpp.hpp\n'}
[1.074882] (px4_msgs) StdoutLine: {'line': b'-- Up-to-date: /home/wei/fire_scout_ws/install/px4_msgs/include/px4_msgs/px4_msgs/msg/detail/sensor_gyro_fifo__rosidl_typesupport_fastrtps_cpp.hpp\n'}
[1.074916] (px4_msgs) StdoutLine: {'line': b'-- Up-to-date: /home/wei/fire_scout_ws/install/px4_msgs/include/px4_msgs/px4_msgs/msg/detail/debug_vect__rosidl_typesupport_fastrtps_cpp.hpp\n'}
[1.074947] (px4_msgs) StdoutLine: {'line': b'-- Up-to-date: /home/wei/fire_scout_ws/install/px4_msgs/include/px4_msgs/px4_msgs/msg/detail/tune_control__rosidl_typesupport_fastrtps_cpp.hpp\n'}
[1.074978] (px4_msgs) StdoutLine: {'line': b'-- Up-to-date: /home/wei/fire_scout_ws/install/px4_msgs/include/px4_msgs/px4_msgs/msg/detail/trajectory_setpoint6dof__rosidl_typesupport_fastrtps_cpp.hpp\n'}
[1.075011] (px4_msgs) StdoutLine: {'line': b'-- Up-to-date: /home/wei/fire_scout_ws/install/px4_msgs/include/px4_msgs/px4_msgs/msg/detail/rover_rate_status__rosidl_typesupport_fastrtps_cpp.hpp\n'}
[1.075043] (px4_msgs) StdoutLine: {'line': b'-- Up-to-date: /home/wei/fire_scout_ws/install/px4_msgs/include/px4_msgs/px4_msgs/msg/detail/iridiumsbd_status__rosidl_typesupport_fastrtps_cpp.hpp\n'}
[1.075075] (px4_msgs) StdoutLine: {'line': b'-- Up-to-date: /home/wei/fire_scout_ws/install/px4_msgs/include/px4_msgs/px4_msgs/msg/detail/actuator_controls_status__rosidl_typesupport_fastrtps_cpp.hpp\n'}
[1.075108] (px4_msgs) StdoutLine: {'line': b'-- Up-to-date: /home/wei/fire_scout_ws/install/px4_msgs/include/px4_msgs/px4_msgs/msg/detail/airspeed_wind__rosidl_typesupport_fastrtps_cpp.hpp\n'}
[1.075145] (px4_msgs) StdoutLine: {'line': b'-- Up-to-date: /home/wei/fire_scout_ws/install/px4_msgs/include/px4_msgs/px4_msgs/msg/detail/register_ext_component_reply__rosidl_typesupport_fastrtps_cpp.hpp\n'}
[1.075199] (px4_msgs) StdoutLine: {'line': b'-- Up-to-date: /home/wei/fire_scout_ws/install/px4_msgs/include/px4_msgs/px4_msgs/msg/detail/sensor_uwb__rosidl_typesupport_fastrtps_cpp.hpp\n'}
[1.075228] (px4_msgs) StdoutLine: {'line': b'-- Up-to-date: /home/wei/fire_scout_ws/install/px4_msgs/include/px4_msgs/px4_msgs/msg/detail/rover_throttle_setpoint__rosidl_typesupport_fastrtps_cpp.hpp\n'}
[1.075256] (px4_msgs) StdoutLine: {'line': b'-- Up-to-date: /home/wei/fire_scout_ws/install/px4_msgs/include/px4_msgs/px4_msgs/msg/detail/landing_target_innovations__rosidl_typesupport_fastrtps_cpp.hpp\n'}
[1.075285] (px4_msgs) StdoutLine: {'line': b'-- Up-to-date: /home/wei/fire_scout_ws/install/px4_msgs/include/px4_msgs/px4_msgs/msg/detail/dronecan_node_status__rosidl_typesupport_fastrtps_cpp.hpp\n'}
[1.075324] (px4_msgs) StdoutLine: {'line': b'-- Up-to-date: /home/wei/fire_scout_ws/install/px4_msgs/include/px4_msgs/px4_msgs/msg/detail/sensors_status__rosidl_typesupport_fastrtps_cpp.hpp\n'}
[1.075353] (px4_msgs) StdoutLine: {'line': b'-- Up-to-date: /home/wei/fire_scout_ws/install/px4_msgs/include/px4_msgs/px4_msgs/msg/detail/longitudinal_control_configuration__rosidl_typesupport_fastrtps_cpp.hpp\n'}
[1.075386] (px4_msgs) StdoutLine: {'line': b'-- Up-to-date: /home/wei/fire_scout_ws/install/px4_msgs/include/px4_msgs/px4_msgs/msg/detail/dataman_request__rosidl_typesupport_fastrtps_cpp.hpp\n'}
[1.075416] (px4_msgs) StdoutLine: {'line': b'-- Up-to-date: /home/wei/fire_scout_ws/install/px4_msgs/include/px4_msgs/px4_msgs/msg/detail/actuator_motors__rosidl_typesupport_fastrtps_cpp.hpp\n'}
[1.075444] (px4_msgs) StdoutLine: {'line': b'-- Up-to-date: /home/wei/fire_scout_ws/install/px4_msgs/include/px4_msgs/px4_msgs/msg/detail/open_drone_id_arm_status__rosidl_typesupport_fastrtps_cpp.hpp\n'}
[1.075472] (px4_msgs) StdoutLine: {'line': b'-- Up-to-date: /home/wei/fire_scout_ws/install/px4_msgs/include/px4_msgs/px4_msgs/msg/detail/dds_fastrtps\n'}
[1.075513] (px4_msgs) StdoutLine: {'line': b'-- Up-to-date: /home/wei/fire_scout_ws/install/px4_msgs/include/px4_msgs/px4_msgs/msg/detail/estimator_selector_status__rosidl_typesupport_fastrtps_cpp.hpp\n'}
[1.075543] (px4_msgs) StdoutLine: {'line': b'-- Up-to-date: /home/wei/fire_scout_ws/install/px4_msgs/include/px4_msgs/px4_msgs/msg/detail/rover_attitude_setpoint__rosidl_typesupport_fastrtps_cpp.hpp\n'}
[1.075577] (px4_msgs) StdoutLine: {'line': b'-- Up-to-date: /home/wei/fire_scout_ws/install/px4_msgs/include/px4_msgs/px4_msgs/msg/detail/position_controller_status__rosidl_typesupport_fastrtps_cpp.hpp\n'}
[1.075608] (px4_msgs) StdoutLine: {'line': b'-- Up-to-date: /home/wei/fire_scout_ws/install/px4_msgs/include/px4_msgs/px4_msgs/msg/detail/differential_pressure__rosidl_typesupport_fastrtps_cpp.hpp\n'}
[1.075639] (px4_msgs) StdoutLine: {'line': b'-- Up-to-date: /home/wei/fire_scout_ws/install/px4_msgs/include/px4_msgs/px4_msgs/msg/detail/log_message__rosidl_typesupport_fastrtps_cpp.hpp\n'}
[1.075673] (px4_msgs) StdoutLine: {'line': b'-- Up-to-date: /home/wei/fire_scout_ws/install/px4_msgs/include/px4_msgs/px4_msgs/msg/detail/vehicle_torque_setpoint__rosidl_typesupport_fastrtps_cpp.hpp\n'}
[1.075705] (px4_msgs) StdoutLine: {'line': b'-- Up-to-date: /home/wei/fire_scout_ws/install/px4_msgs/include/px4_msgs/px4_msgs/msg/detail/rc_channels__rosidl_typesupport_fastrtps_cpp.hpp\n'}
[1.075746] (px4_msgs) StdoutLine: {'line': b'-- Up-to-date: /home/wei/fire_scout_ws/install/px4_msgs/include/px4_msgs/px4_msgs/msg/detail/navigator_mission_item__rosidl_typesupport_fastrtps_cpp.hpp\n'}
[1.075776] (px4_msgs) StdoutLine: {'line': b'-- Up-to-date: /home/wei/fire_scout_ws/install/px4_msgs/include/px4_msgs/px4_msgs/msg/detail/can_interface_status__rosidl_typesupport_fastrtps_cpp.hpp\n'}
[1.075808] (px4_msgs) StdoutLine: {'line': b'-- Up-to-date: /home/wei/fire_scout_ws/install/px4_msgs/include/px4_msgs/px4_msgs/msg/detail/qshell_retval__rosidl_typesupport_fastrtps_cpp.hpp\n'}
[1.075838] (px4_msgs) StdoutLine: {'line': b'-- Up-to-date: /home/wei/fire_scout_ws/install/px4_msgs/include/px4_msgs/px4_msgs/msg/detail/vehicle_command_ack__rosidl_typesupport_fastrtps_cpp.hpp\n'}
[1.075869] (px4_msgs) StdoutLine: {'line': b'-- Up-to-date: /home/wei/fire_scout_ws/install/px4_msgs/include/px4_msgs/px4_msgs/msg/detail/open_drone_id_operator_id__rosidl_typesupport_fastrtps_cpp.hpp\n'}
[1.075898] (px4_msgs) StdoutLine: {'line': b'-- Up-to-date: /home/wei/fire_scout_ws/install/px4_msgs/include/px4_msgs/px4_msgs/msg/detail/airspeed_validated__rosidl_typesupport_fastrtps_cpp.hpp\n'}
[1.075927] (px4_msgs) StdoutLine: {'line': b'-- Up-to-date: /home/wei/fire_scout_ws/install/px4_msgs/include/px4_msgs/px4_msgs/msg/detail/internal_combustion_engine_status__rosidl_typesupport_fastrtps_cpp.hpp\n'}
[1.075960] (px4_msgs) StdoutLine: {'line': b'-- Up-to-date: /home/wei/fire_scout_ws/install/px4_msgs/include/px4_msgs/px4_msgs/msg/detail/mode_completed__rosidl_typesupport_fastrtps_cpp.hpp\n'}
[1.075992] (px4_msgs) StdoutLine: {'line': b'-- Up-to-date: /home/wei/fire_scout_ws/install/px4_msgs/include/px4_msgs/px4_msgs/msg/detail/sensor_gyro__rosidl_typesupport_fastrtps_cpp.hpp\n'}
[1.076036] (px4_msgs) StdoutLine: {'line': b'-- Up-to-date: /home/wei/fire_scout_ws/install/px4_msgs/include/px4_msgs/px4_msgs/msg/detail/rover_rate_setpoint__rosidl_typesupport_fastrtps_cpp.hpp\n'}
[1.076067] (px4_msgs) StdoutLine: {'line': b'-- Up-to-date: /home/wei/fire_scout_ws/install/px4_msgs/include/px4_msgs/px4_msgs/msg/detail/failure_detector_status__rosidl_typesupport_fastrtps_cpp.hpp\n'}
[1.076099] (px4_msgs) StdoutLine: {'line': b'-- Up-to-date: /home/wei/fire_scout_ws/install/px4_msgs/include/px4_msgs/px4_msgs/msg/detail/figure_eight_status__rosidl_typesupport_fastrtps_cpp.hpp\n'}
[1.076127] (px4_msgs) StdoutLine: {'line': b'-- Up-to-date: /home/wei/fire_scout_ws/install/px4_msgs/include/px4_msgs/px4_msgs/msg/detail/vehicle_roi__rosidl_typesupport_fastrtps_cpp.hpp\n'}
[1.076156] (px4_msgs) StdoutLine: {'line': b'-- Up-to-date: /home/wei/fire_scout_ws/install/px4_msgs/include/px4_msgs/px4_msgs/msg/detail/gpio_out__rosidl_typesupport_fastrtps_cpp.hpp\n'}
[1.076203] (px4_msgs) StdoutLine: {'line': b'-- Up-to-date: /home/wei/fire_scout_ws/install/px4_msgs/include/px4_msgs/px4_msgs/msg/detail/qshell_req__rosidl_typesupport_fastrtps_cpp.hpp\n'}
[1.076234] (px4_msgs) StdoutLine: {'line': b'-- Up-to-date: /home/wei/fire_scout_ws/install/px4_msgs/include/px4_msgs/px4_msgs/msg/detail/vehicle_thrust_setpoint__rosidl_typesupport_fastrtps_cpp.hpp\n'}
[1.076266] (px4_msgs) StdoutLine: {'line': b'-- Up-to-date: /home/wei/fire_scout_ws/install/px4_msgs/include/px4_msgs/px4_msgs/msg/detail/vehicle_magnetometer__rosidl_typesupport_fastrtps_cpp.hpp\n'}
[1.076300] (px4_msgs) StdoutLine: {'line': b'-- Up-to-date: /home/wei/fire_scout_ws/install/px4_msgs/include/px4_msgs/px4_msgs/msg/detail/uavcan_parameter_request__rosidl_typesupport_fastrtps_cpp.hpp\n'}
[1.076329] (px4_msgs) StdoutLine: {'line': b'-- Up-to-date: /home/wei/fire_scout_ws/install/px4_msgs/include/px4_msgs/px4_msgs/msg/detail/control_allocator_status__rosidl_typesupport_fastrtps_cpp.hpp\n'}
[1.076358] (px4_msgs) StdoutLine: {'line': b'-- Up-to-date: /home/wei/fire_scout_ws/install/px4_msgs/include/px4_msgs/px4_msgs/msg/detail/trajectory_setpoint__rosidl_typesupport_fastrtps_cpp.hpp\n'}
[1.076404] (px4_msgs) StdoutLine: {'line': b'-- Up-to-date: /home/wei/fire_scout_ws/install/px4_msgs/include/px4_msgs/px4_msgs/msg/detail/gimbal_manager_set_attitude__rosidl_typesupport_fastrtps_cpp.hpp\n'}
[1.076436] (px4_msgs) StdoutLine: {'line': b'-- Up-to-date: /home/wei/fire_scout_ws/install/px4_msgs/include/px4_msgs/px4_msgs/msg/detail/sensors_status_imu__rosidl_typesupport_fastrtps_cpp.hpp\n'}
[1.076468] (px4_msgs) StdoutLine: {'line': b'-- Up-to-date: /home/wei/fire_scout_ws/install/px4_msgs/include/px4_msgs/px4_msgs/msg/detail/mavlink_log__rosidl_typesupport_fastrtps_cpp.hpp\n'}
[1.076498] (px4_msgs) StdoutLine: {'line': b'-- Up-to-date: /home/wei/fire_scout_ws/install/px4_msgs/include/px4_msgs/px4_msgs/msg/detail/parameter_set_used_request__rosidl_typesupport_fastrtps_cpp.hpp\n'}
[1.076529] (px4_msgs) StdoutLine: {'line': b'-- Up-to-date: /home/wei/fire_scout_ws/install/px4_msgs/include/px4_msgs/px4_msgs/msg/detail/unregister_ext_component__rosidl_typesupport_fastrtps_cpp.hpp\n'}
[1.076565] (px4_msgs) StdoutLine: {'line': b'-- Up-to-date: /home/wei/fire_scout_ws/install/px4_msgs/include/px4_msgs/px4_msgs/msg/detail/parameter_set_value_response__rosidl_typesupport_fastrtps_cpp.hpp\n'}
[1.076631] (px4_msgs) StdoutLine: {'line': b'-- Up-to-date: /home/wei/fire_scout_ws/install/px4_msgs/include/px4_msgs/px4_msgs/msg/detail/button_event__rosidl_typesupport_fastrtps_cpp.hpp\n'}
[1.076660] (px4_msgs) StdoutLine: {'line': b'-- Up-to-date: /home/wei/fire_scout_ws/install/px4_msgs/include/px4_msgs/px4_msgs/msg/detail/estimator_sensor_bias__rosidl_typesupport_fastrtps_cpp.hpp\n'}
[1.076689] (px4_msgs) StdoutLine: {'line': b'-- Up-to-date: /home/wei/fire_scout_ws/install/px4_msgs/include/px4_msgs/px4_msgs/msg/detail/position_setpoint_triplet__rosidl_typesupport_fastrtps_cpp.hpp\n'}
[1.076726] (px4_msgs) StdoutLine: {'line': b'-- Up-to-date: /home/wei/fire_scout_ws/install/px4_msgs/include/px4_msgs/px4_msgs/msg/detail/generator_status__rosidl_typesupport_fastrtps_cpp.hpp\n'}
[1.076757] (px4_msgs) StdoutLine: {'line': b'-- Up-to-date: /home/wei/fire_scout_ws/install/px4_msgs/include/px4_msgs/px4_msgs/msg/detail/led_control__rosidl_typesupport_fastrtps_cpp.hpp\n'}
[1.076787] (px4_msgs) StdoutLine: {'line': b'-- Up-to-date: /home/wei/fire_scout_ws/install/px4_msgs/include/px4_msgs/px4_msgs/msg/detail/vehicle_optical_flow_vel__rosidl_typesupport_fastrtps_cpp.hpp\n'}
[1.076818] (px4_msgs) StdoutLine: {'line': b'-- Up-to-date: /home/wei/fire_scout_ws/install/px4_msgs/include/px4_msgs/px4_msgs/msg/detail/rpm__rosidl_typesupport_fastrtps_cpp.hpp\n'}
[1.076847] (px4_msgs) StdoutLine: {'line': b'-- Up-to-date: /home/wei/fire_scout_ws/install/px4_msgs/include/px4_msgs/px4_msgs/msg/detail/autotune_attitude_control_status__rosidl_typesupport_fastrtps_cpp.hpp\n'}
[1.076876] (px4_msgs) StdoutLine: {'line': b'-- Up-to-date: /home/wei/fire_scout_ws/install/px4_msgs/include/px4_msgs/px4_msgs/msg/detail/vehicle_local_position_setpoint__rosidl_typesupport_fastrtps_cpp.hpp\n'}
[1.076906] (px4_msgs) StdoutLine: {'line': b'-- Up-to-date: /home/wei/fire_scout_ws/install/px4_msgs/include/px4_msgs/px4_msgs/msg/detail/actuator_outputs__rosidl_typesupport_fastrtps_cpp.hpp\n'}
[1.076948] (px4_msgs) StdoutLine: {'line': b'-- Up-to-date: /home/wei/fire_scout_ws/install/px4_msgs/include/px4_msgs/px4_msgs/msg/detail/camera_trigger__rosidl_typesupport_fastrtps_cpp.hpp\n'}
[1.076979] (px4_msgs) StdoutLine: {'line': b'-- Up-to-date: /home/wei/fire_scout_ws/install/px4_msgs/include/px4_msgs/px4_msgs/msg/detail/ekf2_timestamps__rosidl_typesupport_fastrtps_cpp.hpp\n'}
[1.077008] (px4_msgs) StdoutLine: {'line': b'-- Up-to-date: /home/wei/fire_scout_ws/install/px4_msgs/include/px4_msgs/px4_msgs/msg/detail/sensor_gyro_fft__rosidl_typesupport_fastrtps_cpp.hpp\n'}
[1.077037] (px4_msgs) StdoutLine: {'line': b'-- Up-to-date: /home/wei/fire_scout_ws/install/px4_msgs/include/px4_msgs/px4_msgs/msg/detail/esc_report__rosidl_typesupport_fastrtps_cpp.hpp\n'}
[1.077066] (px4_msgs) StdoutLine: {'line': b'-- Up-to-date: /home/wei/fire_scout_ws/install/px4_msgs/include/px4_msgs/px4_msgs/msg/detail/esc_status__rosidl_typesupport_fastrtps_cpp.hpp\n'}
[1.077095] (px4_msgs) StdoutLine: {'line': b'-- Up-to-date: /home/wei/fire_scout_ws/install/px4_msgs/include/px4_msgs/px4_msgs/msg/detail/pps_capture__rosidl_typesupport_fastrtps_cpp.hpp\n'}
[1.077128] (px4_msgs) StdoutLine: {'line': b'-- Up-to-date: /home/wei/fire_scout_ws/install/px4_msgs/include/px4_msgs/px4_msgs/msg/detail/orbit_status__rosidl_typesupport_fastrtps_cpp.hpp\n'}
[1.077161] (px4_msgs) StdoutLine: {'line': b'-- Up-to-date: /home/wei/fire_scout_ws/install/px4_msgs/include/px4_msgs/px4_msgs/msg/detail/geofence_result__rosidl_typesupport_fastrtps_cpp.hpp\n'}
[1.077191] (px4_msgs) StdoutLine: {'line': b'-- Up-to-date: /home/wei/fire_scout_ws/install/px4_msgs/include/px4_msgs/px4_msgs/msg/detail/rover_position_setpoint__rosidl_typesupport_fastrtps_cpp.hpp\n'}
[1.077221] (px4_msgs) StdoutLine: {'line': b'-- Up-to-date: /home/wei/fire_scout_ws/install/px4_msgs/include/px4_msgs/px4_msgs/msg/detail/actuator_servos_trim__rosidl_typesupport_fastrtps_cpp.hpp\n'}
[1.077253] (px4_msgs) StdoutLine: {'line': b'-- Up-to-date: /home/wei/fire_scout_ws/install/px4_msgs/include/px4_msgs/px4_msgs/msg/detail/sensor_mag__rosidl_typesupport_fastrtps_cpp.hpp\n'}
[1.077296] (px4_msgs) StdoutLine: {'line': b'-- Up-to-date: /home/wei/fire_scout_ws/install/px4_msgs/include/px4_msgs/px4_msgs/msg/detail/position_setpoint__rosidl_typesupport_fastrtps_cpp.hpp\n'}
[1.077333] (px4_msgs) StdoutLine: {'line': b'-- Up-to-date: /home/wei/fire_scout_ws/install/px4_msgs/include/px4_msgs/px4_msgs/msg/detail/estimator_states__rosidl_typesupport_fastrtps_cpp.hpp\n'}
[1.077394] (px4_msgs) StdoutLine: {'line': b'-- Up-to-date: /home/wei/fire_scout_ws/install/px4_msgs/include/px4_msgs/px4_msgs/msg/detail/vehicle_imu_status__rosidl_typesupport_fastrtps_cpp.hpp\n'}
[1.077428] (px4_msgs) StdoutLine: {'line': b'-- Up-to-date: /home/wei/fire_scout_ws/install/px4_msgs/include/px4_msgs/px4_msgs/msg/detail/rover_attitude_status__rosidl_typesupport_fastrtps_cpp.hpp\n'}
[1.077466] (px4_msgs) StdoutLine: {'line': b'-- Up-to-date: /home/wei/fire_scout_ws/install/px4_msgs/include/px4_msgs/px4_msgs/msg/detail/cpuload__rosidl_typesupport_fastrtps_cpp.hpp\n'}
[1.077501] (px4_msgs) StdoutLine: {'line': b'-- Up-to-date: /home/wei/fire_scout_ws/install/px4_msgs/include/px4_msgs/px4_msgs/msg/detail/cellular_status__rosidl_typesupport_fastrtps_cpp.hpp\n'}
[1.077540] (px4_msgs) StdoutLine: {'line': b'-- Up-to-date: /home/wei/fire_scout_ws/install/px4_msgs/include/px4_msgs/px4_msgs/msg/detail/sensor_optical_flow__rosidl_typesupport_fastrtps_cpp.hpp\n'}
[1.077572] (px4_msgs) StdoutLine: {'line': b'-- Up-to-date: /home/wei/fire_scout_ws/install/px4_msgs/include/px4_msgs/px4_msgs/msg/detail/irlock_report__rosidl_typesupport_fastrtps_cpp.hpp\n'}
[1.077605] (px4_msgs) StdoutLine: {'line': b'-- Up-to-date: /home/wei/fire_scout_ws/install/px4_msgs/include/px4_msgs/px4_msgs/msg/detail/health_report__rosidl_typesupport_fastrtps_cpp.hpp\n'}
[1.077638] (px4_msgs) StdoutLine: {'line': b'-- Up-to-date: /home/wei/fire_scout_ws/install/px4_msgs/include/px4_msgs/px4_msgs/msg/detail/system_power__rosidl_typesupport_fastrtps_cpp.hpp\n'}
[1.077668] (px4_msgs) StdoutLine: {'line': b'-- Up-to-date: /home/wei/fire_scout_ws/install/px4_msgs/include/px4_msgs/px4_msgs/msg/detail/neural_control__rosidl_typesupport_fastrtps_cpp.hpp\n'}
[1.077711] (px4_msgs) StdoutLine: {'line': b'-- Up-to-date: /home/wei/fire_scout_ws/install/px4_msgs/include/px4_msgs/px4_msgs/msg/detail/gps_inject_data__rosidl_typesupport_fastrtps_cpp.hpp\n'}
[1.077745] (px4_msgs) StdoutLine: {'line': b'-- Up-to-date: /home/wei/fire_scout_ws/install/px4_msgs/include/px4_msgs/px4_msgs/msg/detail/distance_sensor__rosidl_typesupport_fastrtps_cpp.hpp\n'}
[1.077774] (px4_msgs) StdoutLine: {'line': b'-- Up-to-date: /home/wei/fire_scout_ws/install/px4_msgs/include/px4_msgs/px4_msgs/msg/detail/camera_status__rosidl_typesupport_fastrtps_cpp.hpp\n'}
[1.077802] (px4_msgs) StdoutLine: {'line': b'-- Up-to-date: /home/wei/fire_scout_ws/install/px4_msgs/include/px4_msgs/px4_msgs/msg/detail/fixed_wing_runway_control__rosidl_typesupport_fastrtps_cpp.hpp\n'}
[1.077836] (px4_msgs) StdoutLine: {'line': b'-- Up-to-date: /home/wei/fire_scout_ws/install/px4_msgs/include/px4_msgs/px4_msgs/msg/detail/gimbal_manager_set_manual_control__rosidl_typesupport_fastrtps_cpp.hpp\n'}
[1.077867] (px4_msgs) StdoutLine: {'line': b'-- Up-to-date: /home/wei/fire_scout_ws/install/px4_msgs/include/px4_msgs/px4_msgs/msg/detail/rc_parameter_map__rosidl_typesupport_fastrtps_cpp.hpp\n'}
[1.077899] (px4_msgs) StdoutLine: {'line': b'-- Up-to-date: /home/wei/fire_scout_ws/install/px4_msgs/include/px4_msgs/px4_msgs/msg/detail/vehicle_acceleration__rosidl_typesupport_fastrtps_cpp.hpp\n'}
[1.077930] (px4_msgs) StdoutLine: {'line': b'-- Up-to-date: /home/wei/fire_scout_ws/install/px4_msgs/include/px4_msgs/px4_msgs/msg/detail/rover_speed_setpoint__rosidl_typesupport_fastrtps_cpp.hpp\n'}
[1.077960] (px4_msgs) StdoutLine: {'line': b'-- Up-to-date: /home/wei/fire_scout_ws/install/px4_msgs/include/px4_msgs/px4_msgs/msg/detail/gimbal_device_information__rosidl_typesupport_fastrtps_cpp.hpp\n'}
[1.078000] (px4_msgs) StdoutLine: {'line': b'-- Up-to-date: /home/wei/fire_scout_ws/install/px4_msgs/include/px4_msgs/px4_msgs/msg/detail/mavlink_tunnel__rosidl_typesupport_fastrtps_cpp.hpp\n'}
[1.078033] (px4_msgs) StdoutLine: {'line': b'-- Up-to-date: /home/wei/fire_scout_ws/install/px4_msgs/include/px4_msgs/px4_msgs/msg/detail/goto_setpoint__rosidl_typesupport_fastrtps_cpp.hpp\n'}
[1.078062] (px4_msgs) StdoutLine: {'line': b'-- Up-to-date: /home/wei/fire_scout_ws/install/px4_msgs/include/px4_msgs/px4_msgs/msg/detail/mag_worker_data__rosidl_typesupport_fastrtps_cpp.hpp\n'}
[1.078090] (px4_msgs) StdoutLine: {'line': b'-- Up-to-date: /home/wei/fire_scout_ws/install/px4_msgs/include/px4_msgs/px4_msgs/msg/detail/power_monitor__rosidl_typesupport_fastrtps_cpp.hpp\n'}
[1.078119] (px4_msgs) StdoutLine: {'line': b'-- Up-to-date: /home/wei/fire_scout_ws/install/px4_msgs/include/px4_msgs/px4_msgs/msg/detail/vehicle_odometry__rosidl_typesupport_fastrtps_cpp.hpp\n'}
[1.078146] (px4_msgs) StdoutLine: {'line': b'-- Up-to-date: /home/wei/fire_scout_ws/install/px4_msgs/include/px4_msgs/px4_msgs/msg/detail/sensor_selection__rosidl_typesupport_fastrtps_cpp.hpp\n'}
[1.078198] (px4_msgs) StdoutLine: {'line': b'-- Up-to-date: /home/wei/fire_scout_ws/install/px4_msgs/include/px4_msgs/px4_msgs/msg/detail/vehicle_attitude_setpoint__rosidl_typesupport_fastrtps_cpp.hpp\n'}
[1.078227] (px4_msgs) StdoutLine: {'line': b'-- Up-to-date: /home/wei/fire_scout_ws/install/px4_msgs/include/px4_msgs/px4_msgs/msg/detail/tecs_status__rosidl_typesupport_fastrtps_cpp.hpp\n'}
[1.078258] (px4_msgs) StdoutLine: {'line': b'-- Up-to-date: /home/wei/fire_scout_ws/install/px4_msgs/include/px4_msgs/px4_msgs/msg/detail/battery_status__rosidl_typesupport_fastrtps_cpp.hpp\n'}
[1.078289] (px4_msgs) StdoutLine: {'line': b'-- Up-to-date: /home/wei/fire_scout_ws/install/px4_msgs/include/px4_msgs/px4_msgs/msg/detail/obstacle_distance__rosidl_typesupport_fastrtps_cpp.hpp\n'}
[1.078319] (px4_msgs) StdoutLine: {'line': b'-- Up-to-date: /home/wei/fire_scout_ws/install/px4_msgs/include/px4_msgs/px4_msgs/msg/detail/ulog_stream__rosidl_typesupport_fastrtps_cpp.hpp\n'}
[1.078350] (px4_msgs) StdoutLine: {'line': b'-- Up-to-date: /home/wei/fire_scout_ws/install/px4_msgs/include/px4_msgs/px4_msgs/msg/detail/power_button_state__rosidl_typesupport_fastrtps_cpp.hpp\n'}
[1.078396] (px4_msgs) StdoutLine: {'line': b'-- Up-to-date: /home/wei/fire_scout_ws/install/px4_msgs/include/px4_msgs/px4_msgs/msg/detail/landing_gear__rosidl_typesupport_fastrtps_cpp.hpp\n'}
[1.078429] (px4_msgs) StdoutLine: {'line': b'-- Up-to-date: /home/wei/fire_scout_ws/install/px4_msgs/include/px4_msgs/px4_msgs/msg/detail/lateral_control_configuration__rosidl_typesupport_fastrtps_cpp.hpp\n'}
[1.078465] (px4_msgs) StdoutLine: {'line': b'-- Up-to-date: /home/wei/fire_scout_ws/install/px4_msgs/include/px4_msgs/px4_msgs/msg/detail/message_format_request__rosidl_typesupport_fastrtps_cpp.hpp\n'}
[1.078512] (px4_msgs) StdoutLine: {'line': b'-- Up-to-date: /home/wei/fire_scout_ws/install/px4_msgs/include/px4_msgs/px4_msgs/msg/detail/heater_status__rosidl_typesupport_fastrtps_cpp.hpp\n'}
[1.078544] (px4_msgs) StdoutLine: {'line': b'-- Up-to-date: /home/wei/fire_scout_ws/install/px4_msgs/include/px4_msgs/px4_msgs/msg/detail/rtl_status__rosidl_typesupport_fastrtps_cpp.hpp\n'}
[1.078579] (px4_msgs) StdoutLine: {'line': b'-- Up-to-date: /home/wei/fire_scout_ws/install/px4_msgs/include/px4_msgs/px4_msgs/msg/detail/gimbal_device_attitude_status__rosidl_typesupport_fastrtps_cpp.hpp\n'}
[1.078623] (px4_msgs) StdoutLine: {'line': b'-- Up-to-date: /home/wei/fire_scout_ws/install/px4_msgs/include/px4_msgs/px4_msgs/msg/detail/dataman_response__rosidl_typesupport_fastrtps_cpp.hpp\n'}
[1.078655] (px4_msgs) StdoutLine: {'line': b'-- Up-to-date: /home/wei/fire_scout_ws/install/px4_msgs/include/px4_msgs/px4_msgs/msg/detail/sensor_gnss_status__rosidl_typesupport_fastrtps_cpp.hpp\n'}
[1.078697] (px4_msgs) StdoutLine: {'line': b'-- Up-to-date: /home/wei/fire_scout_ws/install/px4_msgs/include/px4_msgs/px4_msgs/msg/detail/rate_ctrl_status__rosidl_typesupport_fastrtps_cpp.hpp\n'}
[1.078732] (px4_msgs) StdoutLine: {'line': b'-- Up-to-date: /home/wei/fire_scout_ws/install/px4_msgs/include/px4_msgs/px4_msgs/msg/detail/camera_capture__rosidl_typesupport_fastrtps_cpp.hpp\n'}
[1.078765] (px4_msgs) StdoutLine: {'line': b'-- Up-to-date: /home/wei/fire_scout_ws/install/px4_msgs/include/px4_msgs/px4_msgs/msg/detail/vehicle_status__rosidl_typesupport_fastrtps_cpp.hpp\n'}
[1.078798] (px4_msgs) StdoutLine: {'line': b'-- Up-to-date: /home/wei/fire_scout_ws/install/px4_msgs/include/px4_msgs/px4_msgs/msg/detail/sensor_accel_fifo__rosidl_typesupport_fastrtps_cpp.hpp\n'}
[1.078828] (px4_msgs) StdoutLine: {'line': b'-- Up-to-date: /home/wei/fire_scout_ws/install/px4_msgs/include/px4_msgs/px4_msgs/msg/detail/follow_target_status__rosidl_typesupport_fastrtps_cpp.hpp\n'}
[1.078860] (px4_msgs) StdoutLine: {'line': b'-- Up-to-date: /home/wei/fire_scout_ws/install/px4_msgs/include/px4_msgs/px4_msgs/msg/detail/action_request__rosidl_typesupport_fastrtps_cpp.hpp\n'}
[1.078891] (px4_msgs) StdoutLine: {'line': b'-- Up-to-date: /home/wei/fire_scout_ws/install/px4_msgs/include/px4_msgs/px4_msgs/msg/detail/estimator_aid_source1d__rosidl_typesupport_fastrtps_cpp.hpp\n'}
[1.078926] (px4_msgs) StdoutLine: {'line': b'-- Up-to-date: /home/wei/fire_scout_ws/install/px4_msgs/include/px4_msgs/px4_msgs/msg/detail/vehicle_air_data__rosidl_typesupport_fastrtps_cpp.hpp\n'}
[1.078959] (px4_msgs) StdoutLine: {'line': b'-- Up-to-date: /home/wei/fire_scout_ws/install/px4_msgs/include/px4_msgs/px4_msgs/msg/detail/arming_check_request__rosidl_typesupport_fastrtps_cpp.hpp\n'}
[1.079015] (px4_msgs) StdoutLine: {'line': b'-- Up-to-date: /home/wei/fire_scout_ws/install/px4_msgs/include/px4_msgs/px4_msgs/msg/detail/vehicle_land_detected__rosidl_typesupport_fastrtps_cpp.hpp\n'}
[1.079045] (px4_msgs) StdoutLine: {'line': b'-- Up-to-date: /home/wei/fire_scout_ws/install/px4_msgs/include/px4_msgs/px4_msgs/msg/detail/battery_info__rosidl_typesupport_fastrtps_cpp.hpp\n'}
[1.079073] (px4_msgs) StdoutLine: {'line': b'-- Up-to-date: /home/wei/fire_scout_ws/install/px4_msgs/include/px4_msgs/px4_msgs/msg/detail/logger_status__rosidl_typesupport_fastrtps_cpp.hpp\n'}
[1.079103] (px4_msgs) StdoutLine: {'line': b'-- Up-to-date: /home/wei/fire_scout_ws/install/px4_msgs/include/px4_msgs/px4_msgs/msg/detail/actuator_servos__rosidl_typesupport_fastrtps_cpp.hpp\n'}
[1.079133] (px4_msgs) StdoutLine: {'line': b'-- Up-to-date: /home/wei/fire_scout_ws/install/px4_msgs/include/px4_msgs/px4_msgs/msg/detail/debug_value__rosidl_typesupport_fastrtps_cpp.hpp\n'}
[1.079164] (px4_msgs) StdoutLine: {'line': b'-- Up-to-date: /home/wei/fire_scout_ws/install/px4_msgs/include/px4_msgs/px4_msgs/msg/detail/gimbal_controls__rosidl_typesupport_fastrtps_cpp.hpp\n'}
[1.079208] (px4_msgs) StdoutLine: {'line': b'-- Up-to-date: /home/wei/fire_scout_ws/install/px4_msgs/include/px4_msgs/px4_msgs/msg/detail/estimator_status_flags__rosidl_typesupport_fastrtps_cpp.hpp\n'}
[1.079243] (px4_msgs) StdoutLine: {'line': b'-- Up-to-date: /home/wei/fire_scout_ws/install/px4_msgs/include/px4_msgs/px4_msgs/msg/detail/mission__rosidl_typesupport_fastrtps_cpp.hpp\n'}
[1.079276] (px4_msgs) StdoutLine: {'line': b'-- Up-to-date: /home/wei/fire_scout_ws/install/px4_msgs/include/px4_msgs/px4_msgs/msg/detail/gps_dump__rosidl_typesupport_fastrtps_cpp.hpp\n'}
[1.079310] (px4_msgs) StdoutLine: {'line': b'-- Up-to-date: /home/wei/fire_scout_ws/install/px4_msgs/include/px4_msgs/px4_msgs/msg/detail/manual_control_setpoint__rosidl_typesupport_fastrtps_cpp.hpp\n'}
[1.079354] (px4_msgs) StdoutLine: {'line': b'-- Up-to-date: /home/wei/fire_scout_ws/install/px4_msgs/include/px4_msgs/px4_msgs/msg/detail/sensor_correction__rosidl_typesupport_fastrtps_cpp.hpp\n'}
[1.079391] (px4_msgs) StdoutLine: {'line': b'-- Up-to-date: /home/wei/fire_scout_ws/install/px4_msgs/include/px4_msgs/px4_msgs/msg/detail/estimator_status__rosidl_typesupport_fastrtps_cpp.hpp\n'}
[1.079424] (px4_msgs) StdoutLine: {'line': b'-- Up-to-date: /home/wei/fire_scout_ws/install/px4_msgs/include/px4_msgs/px4_msgs/msg/detail/open_drone_id_self_id__rosidl_typesupport_fastrtps_cpp.hpp\n'}
[1.079481] (px4_msgs) StdoutLine: {'line': b'-- Up-to-date: /home/wei/fire_scout_ws/install/px4_msgs/include/px4_msgs/px4_msgs/msg/detail/gripper__rosidl_typesupport_fastrtps_cpp.hpp\n'}
[1.079514] (px4_msgs) StdoutLine: {'line': b'-- Up-to-date: /home/wei/fire_scout_ws/install/px4_msgs/include/px4_msgs/px4_msgs/msg/detail/takeoff_status__rosidl_typesupport_fastrtps_cpp.hpp\n'}
[1.079545] (px4_msgs) StdoutLine: {'line': b'-- Up-to-date: /home/wei/fire_scout_ws/install/px4_msgs/include/px4_msgs/px4_msgs/msg/detail/yaw_estimator_status__rosidl_typesupport_fastrtps_cpp.hpp\n'}
[1.079575] (px4_msgs) StdoutLine: {'line': b'-- Up-to-date: /home/wei/fire_scout_ws/install/px4_msgs/include/px4_msgs/px4_msgs/msg/detail/event__rosidl_typesupport_fastrtps_cpp.hpp\n'}
[1.079615] (px4_msgs) StdoutLine: {'line': b'-- Up-to-date: /home/wei/fire_scout_ws/install/px4_msgs/include/px4_msgs/px4_msgs/msg/detail/fixed_wing_lateral_setpoint__rosidl_typesupport_fastrtps_cpp.hpp\n'}
[1.079646] (px4_msgs) StdoutLine: {'line': b'-- Up-to-date: /home/wei/fire_scout_ws/install/px4_msgs/include/px4_msgs/px4_msgs/msg/detail/open_drone_id_system__rosidl_typesupport_fastrtps_cpp.hpp\n'}
[1.079676] (px4_msgs) StdoutLine: {'line': b'-- Up-to-date: /home/wei/fire_scout_ws/install/px4_msgs/include/px4_msgs/px4_msgs/msg/detail/config_overrides__rosidl_typesupport_fastrtps_cpp.hpp\n'}
[1.079705] (px4_msgs) StdoutLine: {'line': b'-- Up-to-date: /home/wei/fire_scout_ws/install/px4_msgs/include/px4_msgs/px4_msgs/msg/detail/tiltrotor_extra_controls__rosidl_typesupport_fastrtps_cpp.hpp\n'}
[1.079734] (px4_msgs) StdoutLine: {'line': b'-- Up-to-date: /home/wei/fire_scout_ws/install/px4_msgs/include/px4_msgs/px4_msgs/msg/detail/parameter_reset_request__rosidl_typesupport_fastrtps_cpp.hpp\n'}
[1.079764] (px4_msgs) StdoutLine: {'line': b'-- Up-to-date: /home/wei/fire_scout_ws/install/px4_msgs/include/px4_msgs/px4_msgs/msg/detail/velocity_limits__rosidl_typesupport_fastrtps_cpp.hpp\n'}
[1.079793] (px4_msgs) StdoutLine: {'line': b'-- Up-to-date: /home/wei/fire_scout_ws/install/px4_msgs/include/px4_msgs/px4_msgs/msg/detail/sensor_combined__rosidl_typesupport_fastrtps_cpp.hpp\n'}
[1.079821] (px4_msgs) StdoutLine: {'line': b'-- Up-to-date: /home/wei/fire_scout_ws/install/px4_msgs/include/px4_msgs/px4_msgs/msg/detail/task_stack_info__rosidl_typesupport_fastrtps_cpp.hpp\n'}
[1.079849] (px4_msgs) StdoutLine: {'line': b'-- Up-to-date: /home/wei/fire_scout_ws/install/px4_msgs/include/px4_msgs/px4_msgs/msg/detail/vehicle_constraints__rosidl_typesupport_fastrtps_cpp.hpp\n'}
[1.079878] (px4_msgs) StdoutLine: {'line': b'-- Up-to-date: /home/wei/fire_scout_ws/install/px4_msgs/include/px4_msgs/px4_msgs/msg/detail/pwm_input__rosidl_typesupport_fastrtps_cpp.hpp\n'}
[1.079918] (px4_msgs) StdoutLine: {'line': b'-- Up-to-date: /home/wei/fire_scout_ws/install/px4_msgs/include/px4_msgs/px4_msgs/msg/detail/adc_report__rosidl_typesupport_fastrtps_cpp.hpp\n'}
[1.079948] (px4_msgs) StdoutLine: {'line': b'-- Up-to-date: /home/wei/fire_scout_ws/install/px4_msgs/include/px4_msgs/px4_msgs/msg/detail/register_ext_component_request__rosidl_typesupport_fastrtps_cpp.hpp\n'}
[1.079979] (px4_msgs) StdoutLine: {'line': b'-- Up-to-date: /home/wei/fire_scout_ws/install/px4_msgs/include/px4_msgs/px4_msgs/msg/detail/vehicle_angular_acceleration_setpoint__rosidl_typesupport_fastrtps_cpp.hpp\n'}
[1.080012] (px4_msgs) StdoutLine: {'line': b'-- Up-to-date: /home/wei/fire_scout_ws/install/px4_msgs/include/px4_msgs/px4_msgs/msg/detail/collision_constraints__rosidl_typesupport_fastrtps_cpp.hpp\n'}
[1.080041] (px4_msgs) StdoutLine: {'line': b'-- Up-to-date: /home/wei/fire_scout_ws/install/px4_msgs/include/px4_msgs/px4_msgs/msg/detail/landing_gear_wheel__rosidl_typesupport_fastrtps_cpp.hpp\n'}
[1.080080] (px4_msgs) StdoutLine: {'line': b'-- Up-to-date: /home/wei/fire_scout_ws/install/px4_msgs/include/px4_msgs/px4_msgs/msg/detail/estimator_aid_source3d__rosidl_typesupport_fastrtps_cpp.hpp\n'}
[1.080109] (px4_msgs) StdoutLine: {'line': b'-- Up-to-date: /home/wei/fire_scout_ws/install/px4_msgs/include/px4_msgs/px4_msgs/msg/detail/gpio_in__rosidl_typesupport_fastrtps_cpp.hpp\n'}
[1.080140] (px4_msgs) StdoutLine: {'line': b'-- Up-to-date: /home/wei/fire_scout_ws/install/px4_msgs/include/px4_msgs/px4_msgs/msg/detail/rtl_time_estimate__rosidl_typesupport_fastrtps_cpp.hpp\n'}
[1.080167] (px4_msgs) StdoutLine: {'line': b'-- Up-to-date: /home/wei/fire_scout_ws/install/px4_msgs/include/px4_msgs/px4_msgs/msg/detail/position_controller_landing_status__rosidl_typesupport_fastrtps_cpp.hpp\n'}
[1.080195] (px4_msgs) StdoutLine: {'line': b'-- Up-to-date: /home/wei/fire_scout_ws/install/px4_msgs/include/px4_msgs/px4_msgs/msg/detail/mission_result__rosidl_typesupport_fastrtps_cpp.hpp\n'}
[1.080223] (px4_msgs) StdoutLine: {'line': b'-- Up-to-date: /home/wei/fire_scout_ws/install/px4_msgs/include/px4_msgs/px4_msgs/msg/detail/input_rc__rosidl_typesupport_fastrtps_cpp.hpp\n'}
[1.080252] (px4_msgs) StdoutLine: {'line': b'-- Up-to-date: /home/wei/fire_scout_ws/install/px4_msgs/include/px4_msgs/px4_msgs/msg/detail/fuel_tank_status__rosidl_typesupport_fastrtps_cpp.hpp\n'}
[1.080285] (px4_msgs) StdoutLine: {'line': b'-- Up-to-date: /home/wei/fire_scout_ws/install/px4_msgs/include/px4_msgs/px4_msgs/msg/detail/vehicle_attitude__rosidl_typesupport_fastrtps_cpp.hpp\n'}
[1.080325] (px4_msgs) StdoutLine: {'line': b'-- Up-to-date: /home/wei/fire_scout_ws/install/px4_msgs/include/px4_msgs/px4_msgs/msg/detail/uavcan_parameter_value__rosidl_typesupport_fastrtps_cpp.hpp\n'}
[1.080357] (px4_msgs) StdoutLine: {'line': b'-- Up-to-date: /home/wei/fire_scout_ws/install/px4_msgs/include/px4_msgs/px4_msgs/msg/detail/vehicle_optical_flow__rosidl_typesupport_fastrtps_cpp.hpp\n'}
[1.080391] (px4_msgs) StdoutLine: {'line': b'-- Up-to-date: /home/wei/fire_scout_ws/install/px4_msgs/include/px4_msgs/px4_msgs/msg/detail/estimator_innovations__rosidl_typesupport_fastrtps_cpp.hpp\n'}
[1.080422] (px4_msgs) StdoutLine: {'line': b'-- Up-to-date: /home/wei/fire_scout_ws/install/px4_msgs/include/px4_msgs/px4_msgs/msg/detail/telemetry_status__rosidl_typesupport_fastrtps_cpp.hpp\n'}
[1.080451] (px4_msgs) StdoutLine: {'line': b'-- Up-to-date: /home/wei/fire_scout_ws/install/px4_msgs/include/px4_msgs/px4_msgs/msg/detail/manual_control_switches__rosidl_typesupport_fastrtps_cpp.hpp\n'}
[1.080498] (px4_msgs) StdoutLine: {'line': b'-- Up-to-date: /home/wei/fire_scout_ws/install/px4_msgs/include/px4_msgs/px4_msgs/msg/detail/debug_key_value__rosidl_typesupport_fastrtps_cpp.hpp\n'}
[1.080545] (px4_msgs) StdoutLine: {'line': b'-- Up-to-date: /home/wei/fire_scout_ws/install/px4_msgs/include/px4_msgs/px4_msgs/msg/detail/hover_thrust_estimate__rosidl_typesupport_fastrtps_cpp.hpp\n'}
[1.080582] (px4_msgs) StdoutLine: {'line': b'-- Up-to-date: /home/wei/fire_scout_ws/install/px4_msgs/include/px4_msgs/px4_msgs/msg/detail/geofence_status__rosidl_typesupport_fastrtps_cpp.hpp\n'}
[1.080618] (px4_msgs) StdoutLine: {'line': b'-- Up-to-date: /home/wei/fire_scout_ws/install/px4_msgs/include/px4_msgs/px4_msgs/msg/detail/satellite_info__rosidl_typesupport_fastrtps_cpp.hpp\n'}
[1.080652] (px4_msgs) StdoutLine: {'line': b'-- Up-to-date: /home/wei/fire_scout_ws/install/px4_msgs/include/px4_msgs/px4_msgs/msg/detail/launch_detection_status__rosidl_typesupport_fastrtps_cpp.hpp\n'}
[1.080684] (px4_msgs) StdoutLine: {'line': b'-- Up-to-date: /home/wei/fire_scout_ws/install/px4_msgs/include/px4_msgs/px4_msgs/msg/detail/vehicle_control_mode__rosidl_typesupport_fastrtps_cpp.hpp\n'}
[1.080718] (px4_msgs) StdoutLine: {'line': b'-- Up-to-date: /home/wei/fire_scout_ws/install/px4_msgs/include/px4_msgs/px4_msgs/msg/detail/landing_target_pose__rosidl_typesupport_fastrtps_cpp.hpp\n'}
[1.080748] (px4_msgs) StdoutLine: {'line': b'-- Up-to-date: /home/wei/fire_scout_ws/install/px4_msgs/include/px4_msgs/px4_msgs/msg/detail/fixed_wing_lateral_status__rosidl_typesupport_fastrtps_cpp.hpp\n'}
[1.080781] (px4_msgs) StdoutLine: {'line': b'-- Up-to-date: /home/wei/fire_scout_ws/install/px4_msgs/include/px4_msgs/px4_msgs/msg/detail/gimbal_device_set_attitude__rosidl_typesupport_fastrtps_cpp.hpp\n'}
[1.080811] (px4_msgs) StdoutLine: {'line': b'-- Up-to-date: /home/wei/fire_scout_ws/install/px4_msgs/include/px4_msgs/px4_msgs/msg/detail/vehicle_imu__rosidl_typesupport_fastrtps_cpp.hpp\n'}
[1.080843] (px4_msgs) StdoutLine: {'line': b'-- Up-to-date: /home/wei/fire_scout_ws/install/px4_msgs/include/px4_msgs/px4_msgs/msg/detail/ulog_stream_ack__rosidl_typesupport_fastrtps_cpp.hpp\n'}
[1.080874] (px4_msgs) StdoutLine: {'line': b'-- Up-to-date: /home/wei/fire_scout_ws/install/px4_msgs/include/px4_msgs/px4_msgs/msg/detail/magnetometer_bias_estimate__rosidl_typesupport_fastrtps_cpp.hpp\n'}
[1.080904] (px4_msgs) StdoutLine: {'line': b'-- Up-to-date: /home/wei/fire_scout_ws/install/px4_msgs/include/px4_msgs/px4_msgs/msg/detail/follow_target_estimator__rosidl_typesupport_fastrtps_cpp.hpp\n'}
[1.080932] (px4_msgs) StdoutLine: {'line': b'-- Up-to-date: /home/wei/fire_scout_ws/install/px4_msgs/include/px4_msgs/px4_msgs/msg/detail/vehicle_global_position__rosidl_typesupport_fastrtps_cpp.hpp\n'}
[1.080962] (px4_msgs) StdoutLine: {'line': b'-- Up-to-date: /home/wei/fire_scout_ws/install/px4_msgs/include/px4_msgs/px4_msgs/msg/detail/rover_steering_setpoint__rosidl_typesupport_fastrtps_cpp.hpp\n'}
[1.080991] (px4_msgs) StdoutLine: {'line': b'-- Up-to-date: /home/wei/fire_scout_ws/install/px4_msgs/include/px4_msgs/px4_msgs/msg/detail/vehicle_rates_setpoint__rosidl_typesupport_fastrtps_cpp.hpp\n'}
[1.081025] (px4_msgs) StdoutLine: {'line': b'-- Up-to-date: /home/wei/fire_scout_ws/install/px4_msgs/include/px4_msgs/px4_msgs/msg/detail/sensor_hygrometer__rosidl_typesupport_fastrtps_cpp.hpp\n'}
[1.081080] (px4_msgs) StdoutLine: {'line': b'-- Up-to-date: /home/wei/fire_scout_ws/install/px4_msgs/include/px4_msgs/px4_msgs/msg/detail/navigator_status__rosidl_typesupport_fastrtps_cpp.hpp\n'}
[1.081121] (px4_msgs) StdoutLine: {'line': b'-- Up-to-date: /home/wei/fire_scout_ws/install/px4_msgs/include/px4_msgs/px4_msgs/msg/detail/estimator_bias__rosidl_typesupport_fastrtps_cpp.hpp\n'}
[1.081151] (px4_msgs) StdoutLine: {'line': b'-- Up-to-date: /home/wei/fire_scout_ws/install/px4_msgs/include/px4_msgs/px4_msgs/msg/detail/message_format_response__rosidl_typesupport_fastrtps_cpp.hpp\n'}
[1.081181] (px4_msgs) StdoutLine: {'line': b'-- Up-to-date: /home/wei/fire_scout_ws/install/px4_msgs/include/px4_msgs/px4_msgs/msg/detail/offboard_control_mode__rosidl_typesupport_fastrtps_cpp.hpp\n'}
[1.081211] (px4_msgs) StdoutLine: {'line': b'-- Up-to-date: /home/wei/fire_scout_ws/install/px4_msgs/include/px4_msgs/px4_msgs/msg/detail/vehicle_local_position__rosidl_typesupport_fastrtps_cpp.hpp\n'}
[1.081253] (px4_msgs) StdoutLine: {'line': b'-- Up-to-date: /home/wei/fire_scout_ws/install/px4_msgs/include/px4_msgs/px4_msgs/msg/detail/flight_phase_estimation__rosidl_typesupport_fastrtps_cpp.hpp\n'}
[1.081281] (px4_msgs) StdoutLine: {'line': b'-- Up-to-date: /home/wei/fire_scout_ws/install/px4_msgs/include/px4_msgs/px4_msgs/msg/detail/failsafe_flags__rosidl_typesupport_fastrtps_cpp.hpp\n'}
[1.081310] (px4_msgs) StdoutLine: {'line': b'-- Up-to-date: /home/wei/fire_scout_ws/install/px4_msgs/include/px4_msgs/px4_msgs/msg/detail/parameter_update__rosidl_typesupport_fastrtps_cpp.hpp\n'}
[1.081338] (px4_msgs) StdoutLine: {'line': b'-- Up-to-date: /home/wei/fire_scout_ws/install/px4_msgs/include/px4_msgs/px4_msgs/msg/detail/vehicle_angular_velocity__rosidl_typesupport_fastrtps_cpp.hpp\n'}
[1.081374] (px4_msgs) StdoutLine: {'line': b'-- Up-to-date: /home/wei/fire_scout_ws/install/px4_msgs/include/px4_msgs/px4_msgs/msg/detail/gpio_request__rosidl_typesupport_fastrtps_cpp.hpp\n'}
[1.081404] (px4_msgs) StdoutLine: {'line': b'-- Up-to-date: /home/wei/fire_scout_ws/install/px4_msgs/include/px4_msgs/px4_msgs/msg/detail/sensor_preflight_mag__rosidl_typesupport_fastrtps_cpp.hpp\n'}
[1.081471] (px4_msgs) StdoutLine: {'line': b'-- Up-to-date: /home/wei/fire_scout_ws/install/px4_msgs/include/px4_msgs/px4_msgs/msg/detail/onboard_computer_status__rosidl_typesupport_fastrtps_cpp.hpp\n'}
[1.081501] (px4_msgs) StdoutLine: {'line': b'-- Up-to-date: /home/wei/fire_scout_ws/install/px4_msgs/include/px4_msgs/px4_msgs/msg/detail/pure_pursuit_status__rosidl_typesupport_fastrtps_cpp.hpp\n'}
[1.081531] (px4_msgs) StdoutLine: {'line': b'-- Up-to-date: /home/wei/fire_scout_ws/install/px4_msgs/include/px4_msgs/px4_msgs/srv\n'}
[1.081561] (px4_msgs) StdoutLine: {'line': b'-- Up-to-date: /home/wei/fire_scout_ws/install/px4_msgs/include/px4_msgs/px4_msgs/srv/detail\n'}
[1.081592] (px4_msgs) StdoutLine: {'line': b'-- Up-to-date: /home/wei/fire_scout_ws/install/px4_msgs/include/px4_msgs/px4_msgs/srv/detail/vehicle_command__rosidl_typesupport_fastrtps_cpp.hpp\n'}
[1.081624] (px4_msgs) StdoutLine: {'line': b'-- Up-to-date: /home/wei/fire_scout_ws/install/px4_msgs/include/px4_msgs/px4_msgs/srv/detail/dds_fastrtps\n'}
[1.081653] (px4_msgs) StdoutLine: {'line': b'-- Up-to-date: /home/wei/fire_scout_ws/install/px4_msgs/lib/libpx4_msgs__rosidl_typesupport_fastrtps_cpp.so\n'}
[1.081682] (px4_msgs) StdoutLine: {'line': b'-- Up-to-date: /home/wei/fire_scout_ws/install/px4_msgs/include/px4_msgs/px4_msgs\n'}
[1.081712] (px4_msgs) StdoutLine: {'line': b'-- Up-to-date: /home/wei/fire_scout_ws/install/px4_msgs/include/px4_msgs/px4_msgs/msg\n'}
[1.081756] (px4_msgs) StdoutLine: {'line': b'-- Up-to-date: /home/wei/fire_scout_ws/install/px4_msgs/include/px4_msgs/px4_msgs/msg/rosidl_typesupport_introspection_c__visibility_control.h\n'}
[1.081787] (px4_msgs) StdoutLine: {'line': b'-- Up-to-date: /home/wei/fire_scout_ws/install/px4_msgs/include/px4_msgs/px4_msgs/msg/detail\n'}
[1.081816] (px4_msgs) StdoutLine: {'line': b'-- Up-to-date: /home/wei/fire_scout_ws/install/px4_msgs/include/px4_msgs/px4_msgs/msg/detail/qshell_retval__rosidl_typesupport_introspection_c.h\n'}
[1.081845] (px4_msgs) StdoutLine: {'line': b'-- Up-to-date: /home/wei/fire_scout_ws/install/px4_msgs/include/px4_msgs/px4_msgs/msg/detail/tiltrotor_extra_controls__type_support.c\n'}
[1.081873] (px4_msgs) StdoutLine: {'line': b'-- Up-to-date: /home/wei/fire_scout_ws/install/px4_msgs/include/px4_msgs/px4_msgs/msg/detail/geofence_status__type_support.c\n'}
[1.081904] (px4_msgs) StdoutLine: {'line': b'-- Up-to-date: /home/wei/fire_scout_ws/install/px4_msgs/include/px4_msgs/px4_msgs/msg/detail/fixed_wing_lateral_setpoint__type_support.c\n'}
[1.081936] (px4_msgs) StdoutLine: {'line': b'-- Up-to-date: /home/wei/fire_scout_ws/install/px4_msgs/include/px4_msgs/px4_msgs/msg/detail/register_ext_component_reply__rosidl_typesupport_introspection_c.h\n'}
[1.081976] (px4_msgs) StdoutLine: {'line': b'-- Up-to-date: /home/wei/fire_scout_ws/install/px4_msgs/include/px4_msgs/px4_msgs/msg/detail/vehicle_optical_flow__rosidl_typesupport_introspection_c.h\n'}
[1.082005] (px4_msgs) StdoutLine: {'line': b'-- Up-to-date: /home/wei/fire_scout_ws/install/px4_msgs/include/px4_msgs/px4_msgs/msg/detail/transponder_report__type_support.c\n'}
[1.082033] (px4_msgs) StdoutLine: {'line': b'-- Up-to-date: /home/wei/fire_scout_ws/install/px4_msgs/include/px4_msgs/px4_msgs/msg/detail/ping__rosidl_typesupport_introspection_c.h\n'}
[1.082062] (px4_msgs) StdoutLine: {'line': b'-- Up-to-date: /home/wei/fire_scout_ws/install/px4_msgs/include/px4_msgs/px4_msgs/msg/detail/gpio_config__type_support.c\n'}
[1.082091] (px4_msgs) StdoutLine: {'line': b'-- Up-to-date: /home/wei/fire_scout_ws/install/px4_msgs/include/px4_msgs/px4_msgs/msg/detail/cellular_status__rosidl_typesupport_introspection_c.h\n'}
[1.082131] (px4_msgs) StdoutLine: {'line': b'-- Up-to-date: /home/wei/fire_scout_ws/install/px4_msgs/include/px4_msgs/px4_msgs/msg/detail/internal_combustion_engine_status__rosidl_typesupport_introspection_c.h\n'}
[1.082160] (px4_msgs) StdoutLine: {'line': b'-- Up-to-date: /home/wei/fire_scout_ws/install/px4_msgs/include/px4_msgs/px4_msgs/msg/detail/rover_rate_setpoint__type_support.c\n'}
[1.082189] (px4_msgs) StdoutLine: {'line': b'-- Up-to-date: /home/wei/fire_scout_ws/install/px4_msgs/include/px4_msgs/px4_msgs/msg/detail/dataman_request__type_support.c\n'}
[1.082218] (px4_msgs) StdoutLine: {'line': b'-- Up-to-date: /home/wei/fire_scout_ws/install/px4_msgs/include/px4_msgs/px4_msgs/msg/detail/gimbal_device_attitude_status__type_support.c\n'}
[1.082253] (px4_msgs) StdoutLine: {'line': b'-- Up-to-date: /home/wei/fire_scout_ws/install/px4_msgs/include/px4_msgs/px4_msgs/msg/detail/figure_eight_status__rosidl_typesupport_introspection_c.h\n'}
[1.082282] (px4_msgs) StdoutLine: {'line': b'-- Up-to-date: /home/wei/fire_scout_ws/install/px4_msgs/include/px4_msgs/px4_msgs/msg/detail/sensor_hygrometer__type_support.c\n'}
[1.082314] (px4_msgs) StdoutLine: {'line': b'-- Up-to-date: /home/wei/fire_scout_ws/install/px4_msgs/include/px4_msgs/px4_msgs/msg/detail/actuator_servos_trim__rosidl_typesupport_introspection_c.h\n'}
[1.082355] (px4_msgs) StdoutLine: {'line': b'-- Up-to-date: /home/wei/fire_scout_ws/install/px4_msgs/include/px4_msgs/px4_msgs/msg/detail/actuator_outputs__type_support.c\n'}
[1.082389] (px4_msgs) StdoutLine: {'line': b'-- Up-to-date: /home/wei/fire_scout_ws/install/px4_msgs/include/px4_msgs/px4_msgs/msg/detail/rc_channels__rosidl_typesupport_introspection_c.h\n'}
[1.082420] (px4_msgs) StdoutLine: {'line': b'-- Up-to-date: /home/wei/fire_scout_ws/install/px4_msgs/include/px4_msgs/px4_msgs/msg/detail/open_drone_id_operator_id__rosidl_typesupport_introspection_c.h\n'}
[1.082452] (px4_msgs) StdoutLine: {'line': b'-- Up-to-date: /home/wei/fire_scout_ws/install/px4_msgs/include/px4_msgs/px4_msgs/msg/detail/gimbal_manager_set_manual_control__type_support.c\n'}
[1.082483] (px4_msgs) StdoutLine: {'line': b'-- Up-to-date: /home/wei/fire_scout_ws/install/px4_msgs/include/px4_msgs/px4_msgs/msg/detail/estimator_selector_status__rosidl_typesupport_introspection_c.h\n'}
[1.082513] (px4_msgs) StdoutLine: {'line': b'-- Up-to-date: /home/wei/fire_scout_ws/install/px4_msgs/include/px4_msgs/px4_msgs/msg/detail/vehicle_command__type_support.c\n'}
[1.082543] (px4_msgs) StdoutLine: {'line': b'-- Up-to-date: /home/wei/fire_scout_ws/install/px4_msgs/include/px4_msgs/px4_msgs/msg/detail/magnetometer_bias_estimate__rosidl_typesupport_introspection_c.h\n'}
[1.082576] (px4_msgs) StdoutLine: {'line': b'-- Up-to-date: /home/wei/fire_scout_ws/install/px4_msgs/include/px4_msgs/px4_msgs/msg/detail/pps_capture__type_support.c\n'}
[1.082608] (px4_msgs) StdoutLine: {'line': b'-- Up-to-date: /home/wei/fire_scout_ws/install/px4_msgs/include/px4_msgs/px4_msgs/msg/detail/gimbal_manager_set_attitude__type_support.c\n'}
[1.082641] (px4_msgs) StdoutLine: {'line': b'-- Up-to-date: /home/wei/fire_scout_ws/install/px4_msgs/include/px4_msgs/px4_msgs/msg/detail/rover_attitude_setpoint__type_support.c\n'}
[1.082689] (px4_msgs) StdoutLine: {'line': b'-- Up-to-date: /home/wei/fire_scout_ws/install/px4_msgs/include/px4_msgs/px4_msgs/msg/detail/rover_steering_setpoint__type_support.c\n'}
[1.082721] (px4_msgs) StdoutLine: {'line': b'-- Up-to-date: /home/wei/fire_scout_ws/install/px4_msgs/include/px4_msgs/px4_msgs/msg/detail/vehicle_imu__type_support.c\n'}
[1.082748] (px4_msgs) StdoutLine: {'line': b'-- Up-to-date: /home/wei/fire_scout_ws/install/px4_msgs/include/px4_msgs/px4_msgs/msg/detail/sensor_optical_flow__type_support.c\n'}
[1.082777] (px4_msgs) StdoutLine: {'line': b'-- Up-to-date: /home/wei/fire_scout_ws/install/px4_msgs/include/px4_msgs/px4_msgs/msg/detail/arming_check_request__rosidl_typesupport_introspection_c.h\n'}
[1.082805] (px4_msgs) StdoutLine: {'line': b'-- Up-to-date: /home/wei/fire_scout_ws/install/px4_msgs/include/px4_msgs/px4_msgs/msg/detail/px4io_status__type_support.c\n'}
[1.082836] (px4_msgs) StdoutLine: {'line': b'-- Up-to-date: /home/wei/fire_scout_ws/install/px4_msgs/include/px4_msgs/px4_msgs/msg/detail/telemetry_status__type_support.c\n'}
[1.082864] (px4_msgs) StdoutLine: {'line': b'-- Up-to-date: /home/wei/fire_scout_ws/install/px4_msgs/include/px4_msgs/px4_msgs/msg/detail/gimbal_manager_status__type_support.c\n'}
[1.082892] (px4_msgs) StdoutLine: {'line': b'-- Up-to-date: /home/wei/fire_scout_ws/install/px4_msgs/include/px4_msgs/px4_msgs/msg/detail/button_event__type_support.c\n'}
[1.082921] (px4_msgs) StdoutLine: {'line': b'-- Up-to-date: /home/wei/fire_scout_ws/install/px4_msgs/include/px4_msgs/px4_msgs/msg/detail/geofence_result__type_support.c\n'}
[1.082949] (px4_msgs) StdoutLine: {'line': b'-- Up-to-date: /home/wei/fire_scout_ws/install/px4_msgs/include/px4_msgs/px4_msgs/msg/detail/rover_speed_status__rosidl_typesupport_introspection_c.h\n'}
[1.082996] (px4_msgs) StdoutLine: {'line': b'-- Up-to-date: /home/wei/fire_scout_ws/install/px4_msgs/include/px4_msgs/px4_msgs/msg/detail/can_interface_status__type_support.c\n'}
[1.083025] (px4_msgs) StdoutLine: {'line': b'-- Up-to-date: /home/wei/fire_scout_ws/install/px4_msgs/include/px4_msgs/px4_msgs/msg/detail/uavcan_parameter_value__rosidl_typesupport_introspection_c.h\n'}
[1.083058] (px4_msgs) StdoutLine: {'line': b'-- Up-to-date: /home/wei/fire_scout_ws/install/px4_msgs/include/px4_msgs/px4_msgs/msg/detail/longitudinal_control_configuration__rosidl_typesupport_introspection_c.h\n'}
[1.083098] (px4_msgs) StdoutLine: {'line': b'-- Up-to-date: /home/wei/fire_scout_ws/install/px4_msgs/include/px4_msgs/px4_msgs/msg/detail/landing_gear_wheel__rosidl_typesupport_introspection_c.h\n'}
[1.083128] (px4_msgs) StdoutLine: {'line': b'-- Up-to-date: /home/wei/fire_scout_ws/install/px4_msgs/include/px4_msgs/px4_msgs/msg/detail/rc_parameter_map__type_support.c\n'}
[1.083157] (px4_msgs) StdoutLine: {'line': b'-- Up-to-date: /home/wei/fire_scout_ws/install/px4_msgs/include/px4_msgs/px4_msgs/msg/detail/rover_rate_status__type_support.c\n'}
[1.083187] (px4_msgs) StdoutLine: {'line': b'-- Up-to-date: /home/wei/fire_scout_ws/install/px4_msgs/include/px4_msgs/px4_msgs/msg/detail/pwm_input__rosidl_typesupport_introspection_c.h\n'}
[1.083222] (px4_msgs) StdoutLine: {'line': b'-- Up-to-date: /home/wei/fire_scout_ws/install/px4_msgs/include/px4_msgs/px4_msgs/msg/detail/sensor_correction__rosidl_typesupport_introspection_c.h\n'}
[1.083251] (px4_msgs) StdoutLine: {'line': b'-- Up-to-date: /home/wei/fire_scout_ws/install/px4_msgs/include/px4_msgs/px4_msgs/msg/detail/airspeed__rosidl_typesupport_introspection_c.h\n'}
[1.083280] (px4_msgs) StdoutLine: {'line': b'-- Up-to-date: /home/wei/fire_scout_ws/install/px4_msgs/include/px4_msgs/px4_msgs/msg/detail/takeoff_status__type_support.c\n'}
[1.083310] (px4_msgs) StdoutLine: {'line': b'-- Up-to-date: /home/wei/fire_scout_ws/install/px4_msgs/include/px4_msgs/px4_msgs/msg/detail/estimator_aid_source2d__type_support.c\n'}
[1.083338] (px4_msgs) StdoutLine: {'line': b'-- Up-to-date: /home/wei/fire_scout_ws/install/px4_msgs/include/px4_msgs/px4_msgs/msg/detail/rtl_status__type_support.c\n'}
[1.083382] (px4_msgs) StdoutLine: {'line': b'-- Up-to-date: /home/wei/fire_scout_ws/install/px4_msgs/include/px4_msgs/px4_msgs/msg/detail/gpio_in__type_support.c\n'}
[1.083413] (px4_msgs) StdoutLine: {'line': b'-- Up-to-date: /home/wei/fire_scout_ws/install/px4_msgs/include/px4_msgs/px4_msgs/msg/detail/landing_gear__type_support.c\n'}
[1.083465] (px4_msgs) StdoutLine: {'line': b'-- Up-to-date: /home/wei/fire_scout_ws/install/px4_msgs/include/px4_msgs/px4_msgs/msg/detail/generator_status__rosidl_typesupport_introspection_c.h\n'}
[1.083496] (px4_msgs) StdoutLine: {'line': b'-- Up-to-date: /home/wei/fire_scout_ws/install/px4_msgs/include/px4_msgs/px4_msgs/msg/detail/sensors_status__type_support.c\n'}
[1.083527] (px4_msgs) StdoutLine: {'line': b'-- Up-to-date: /home/wei/fire_scout_ws/install/px4_msgs/include/px4_msgs/px4_msgs/msg/detail/gpio_out__rosidl_typesupport_introspection_c.h\n'}
[1.083556] (px4_msgs) StdoutLine: {'line': b'-- Up-to-date: /home/wei/fire_scout_ws/install/px4_msgs/include/px4_msgs/px4_msgs/msg/detail/wheel_encoders__rosidl_typesupport_introspection_c.h\n'}
[1.083595] (px4_msgs) StdoutLine: {'line': b'-- Up-to-date: /home/wei/fire_scout_ws/install/px4_msgs/include/px4_msgs/px4_msgs/msg/detail/vehicle_land_detected__rosidl_typesupport_introspection_c.h\n'}
[1.083627] (px4_msgs) StdoutLine: {'line': b'-- Up-to-date: /home/wei/fire_scout_ws/install/px4_msgs/include/px4_msgs/px4_msgs/msg/detail/vehicle_acceleration__rosidl_typesupport_introspection_c.h\n'}
[1.083658] (px4_msgs) StdoutLine: {'line': b'-- Up-to-date: /home/wei/fire_scout_ws/install/px4_msgs/include/px4_msgs/px4_msgs/msg/detail/orbit_status__rosidl_typesupport_introspection_c.h\n'}
[1.083686] (px4_msgs) StdoutLine: {'line': b'-- Up-to-date: /home/wei/fire_scout_ws/install/px4_msgs/include/px4_msgs/px4_msgs/msg/detail/launch_detection_status__type_support.c\n'}
[1.083719] (px4_msgs) StdoutLine: {'line': b'-- Up-to-date: /home/wei/fire_scout_ws/install/px4_msgs/include/px4_msgs/px4_msgs/msg/detail/actuator_controls_status__type_support.c\n'}
[1.083774] (px4_msgs) StdoutLine: {'line': b'-- Up-to-date: /home/wei/fire_scout_ws/install/px4_msgs/include/px4_msgs/px4_msgs/msg/detail/estimator_event_flags__rosidl_typesupport_introspection_c.h\n'}
[1.083806] (px4_msgs) StdoutLine: {'line': b'-- Up-to-date: /home/wei/fire_scout_ws/install/px4_msgs/include/px4_msgs/px4_msgs/msg/detail/position_controller_landing_status__rosidl_typesupport_introspection_c.h\n'}
[1.083835] (px4_msgs) StdoutLine: {'line': b'-- Up-to-date: /home/wei/fire_scout_ws/install/px4_msgs/include/px4_msgs/px4_msgs/msg/detail/gpio_request__rosidl_typesupport_introspection_c.h\n'}
[1.083865] (px4_msgs) StdoutLine: {'line': b'-- Up-to-date: /home/wei/fire_scout_ws/install/px4_msgs/include/px4_msgs/px4_msgs/msg/detail/estimator_status__type_support.c\n'}
[1.083904] (px4_msgs) StdoutLine: {'line': b'-- Up-to-date: /home/wei/fire_scout_ws/install/px4_msgs/include/px4_msgs/px4_msgs/msg/detail/ping__type_support.c\n'}
[1.083933] (px4_msgs) StdoutLine: {'line': b'-- Up-to-date: /home/wei/fire_scout_ws/install/px4_msgs/include/px4_msgs/px4_msgs/msg/detail/orb_test_medium__rosidl_typesupport_introspection_c.h\n'}
[1.083962] (px4_msgs) StdoutLine: {'line': b'-- Up-to-date: /home/wei/fire_scout_ws/install/px4_msgs/include/px4_msgs/px4_msgs/msg/detail/log_message__rosidl_typesupport_introspection_c.h\n'}
[1.083991] (px4_msgs) StdoutLine: {'line': b'-- Up-to-date: /home/wei/fire_scout_ws/install/px4_msgs/include/px4_msgs/px4_msgs/msg/detail/debug_key_value__type_support.c\n'}
[1.084020] (px4_msgs) StdoutLine: {'line': b'-- Up-to-date: /home/wei/fire_scout_ws/install/px4_msgs/include/px4_msgs/px4_msgs/msg/detail/hover_thrust_estimate__type_support.c\n'}
[1.084050] (px4_msgs) StdoutLine: {'line': b'-- Up-to-date: /home/wei/fire_scout_ws/install/px4_msgs/include/px4_msgs/px4_msgs/msg/detail/estimator_gps_status__type_support.c\n'}
[1.084088] (px4_msgs) StdoutLine: {'line': b'-- Up-to-date: /home/wei/fire_scout_ws/install/px4_msgs/include/px4_msgs/px4_msgs/msg/detail/sensors_status__rosidl_typesupport_introspection_c.h\n'}
[1.084116] (px4_msgs) StdoutLine: {'line': b'-- Up-to-date: /home/wei/fire_scout_ws/install/px4_msgs/include/px4_msgs/px4_msgs/msg/detail/cellular_status__type_support.c\n'}
[1.084145] (px4_msgs) StdoutLine: {'line': b'-- Up-to-date: /home/wei/fire_scout_ws/install/px4_msgs/include/px4_msgs/px4_msgs/msg/detail/estimator_gps_status__rosidl_typesupport_introspection_c.h\n'}
[1.084174] (px4_msgs) StdoutLine: {'line': b'-- Up-to-date: /home/wei/fire_scout_ws/install/px4_msgs/include/px4_msgs/px4_msgs/msg/detail/fuel_tank_status__type_support.c\n'}
[1.084209] (px4_msgs) StdoutLine: {'line': b'-- Up-to-date: /home/wei/fire_scout_ws/install/px4_msgs/include/px4_msgs/px4_msgs/msg/detail/gimbal_device_information__type_support.c\n'}
[1.084238] (px4_msgs) StdoutLine: {'line': b'-- Up-to-date: /home/wei/fire_scout_ws/install/px4_msgs/include/px4_msgs/px4_msgs/msg/detail/vehicle_constraints__type_support.c\n'}
[1.084270] (px4_msgs) StdoutLine: {'line': b'-- Up-to-date: /home/wei/fire_scout_ws/install/px4_msgs/include/px4_msgs/px4_msgs/msg/detail/qshell_req__type_support.c\n'}
[1.084311] (px4_msgs) StdoutLine: {'line': b'-- Up-to-date: /home/wei/fire_scout_ws/install/px4_msgs/include/px4_msgs/px4_msgs/msg/detail/open_drone_id_self_id__type_support.c\n'}
[1.084340] (px4_msgs) StdoutLine: {'line': b'-- Up-to-date: /home/wei/fire_scout_ws/install/px4_msgs/include/px4_msgs/px4_msgs/msg/detail/register_ext_component_request__type_support.c\n'}
[1.084373] (px4_msgs) StdoutLine: {'line': b'-- Up-to-date: /home/wei/fire_scout_ws/install/px4_msgs/include/px4_msgs/px4_msgs/msg/detail/lateral_control_configuration__type_support.c\n'}
[1.084403] (px4_msgs) StdoutLine: {'line': b'-- Up-to-date: /home/wei/fire_scout_ws/install/px4_msgs/include/px4_msgs/px4_msgs/msg/detail/fixed_wing_lateral_guidance_status__type_support.c\n'}
[1.084434] (px4_msgs) StdoutLine: {'line': b'-- Up-to-date: /home/wei/fire_scout_ws/install/px4_msgs/include/px4_msgs/px4_msgs/msg/detail/vehicle_rates_setpoint__rosidl_typesupport_introspection_c.h\n'}
[1.084462] (px4_msgs) StdoutLine: {'line': b'-- Up-to-date: /home/wei/fire_scout_ws/install/px4_msgs/include/px4_msgs/px4_msgs/msg/detail/fixed_wing_lateral_guidance_status__rosidl_typesupport_introspection_c.h\n'}
[1.084511] (px4_msgs) StdoutLine: {'line': b'-- Up-to-date: /home/wei/fire_scout_ws/install/px4_msgs/include/px4_msgs/px4_msgs/msg/detail/tune_control__rosidl_typesupport_introspection_c.h\n'}
[1.084540] (px4_msgs) StdoutLine: {'line': b'-- Up-to-date: /home/wei/fire_scout_ws/install/px4_msgs/include/px4_msgs/px4_msgs/msg/detail/actuator_servos__type_support.c\n'}
[1.084569] (px4_msgs) StdoutLine: {'line': b'-- Up-to-date: /home/wei/fire_scout_ws/install/px4_msgs/include/px4_msgs/px4_msgs/msg/detail/qshell_req__rosidl_typesupport_introspection_c.h\n'}
[1.084601] (px4_msgs) StdoutLine: {'line': b'-- Up-to-date: /home/wei/fire_scout_ws/install/px4_msgs/include/px4_msgs/px4_msgs/msg/detail/debug_array__type_support.c\n'}
[1.084635] (px4_msgs) StdoutLine: {'line': b'-- Up-to-date: /home/wei/fire_scout_ws/install/px4_msgs/include/px4_msgs/px4_msgs/msg/detail/iridiumsbd_status__type_support.c\n'}
[1.084698] (px4_msgs) StdoutLine: {'line': b'-- Up-to-date: /home/wei/fire_scout_ws/install/px4_msgs/include/px4_msgs/px4_msgs/msg/detail/uavcan_parameter_request__rosidl_typesupport_introspection_c.h\n'}
[1.084727] (px4_msgs) StdoutLine: {'line': b'-- Up-to-date: /home/wei/fire_scout_ws/install/px4_msgs/include/px4_msgs/px4_msgs/msg/detail/goto_setpoint__rosidl_typesupport_introspection_c.h\n'}
[1.084756] (px4_msgs) StdoutLine: {'line': b'-- Up-to-date: /home/wei/fire_scout_ws/install/px4_msgs/include/px4_msgs/px4_msgs/msg/detail/input_rc__rosidl_typesupport_introspection_c.h\n'}
[1.084789] (px4_msgs) StdoutLine: {'line': b'-- Up-to-date: /home/wei/fire_scout_ws/install/px4_msgs/include/px4_msgs/px4_msgs/msg/detail/vehicle_rates_setpoint__type_support.c\n'}
[1.084818] (px4_msgs) StdoutLine: {'line': b'-- Up-to-date: /home/wei/fire_scout_ws/install/px4_msgs/include/px4_msgs/px4_msgs/msg/detail/onboard_computer_status__rosidl_typesupport_introspection_c.h\n'}
[1.084847] (px4_msgs) StdoutLine: {'line': b'-- Up-to-date: /home/wei/fire_scout_ws/install/px4_msgs/include/px4_msgs/px4_msgs/msg/detail/sensor_mag__rosidl_typesupport_introspection_c.h\n'}
[1.084902] (px4_msgs) StdoutLine: {'line': b'-- Up-to-date: /home/wei/fire_scout_ws/install/px4_msgs/include/px4_msgs/px4_msgs/msg/detail/internal_combustion_engine_control__type_support.c\n'}
[1.084934] (px4_msgs) StdoutLine: {'line': b'-- Up-to-date: /home/wei/fire_scout_ws/install/px4_msgs/include/px4_msgs/px4_msgs/msg/detail/actuator_servos__rosidl_typesupport_introspection_c.h\n'}
[1.084971] (px4_msgs) StdoutLine: {'line': b'-- Up-to-date: /home/wei/fire_scout_ws/install/px4_msgs/include/px4_msgs/px4_msgs/msg/detail/ekf2_timestamps__rosidl_typesupport_introspection_c.h\n'}
[1.085010] (px4_msgs) StdoutLine: {'line': b'-- Up-to-date: /home/wei/fire_scout_ws/install/px4_msgs/include/px4_msgs/px4_msgs/msg/detail/logger_status__type_support.c\n'}
[1.085069] (px4_msgs) StdoutLine: {'line': b'-- Up-to-date: /home/wei/fire_scout_ws/install/px4_msgs/include/px4_msgs/px4_msgs/msg/detail/follow_target_estimator__type_support.c\n'}
[1.085106] (px4_msgs) StdoutLine: {'line': b'-- Up-to-date: /home/wei/fire_scout_ws/install/px4_msgs/include/px4_msgs/px4_msgs/msg/detail/message_format_request__type_support.c\n'}
[1.085142] (px4_msgs) StdoutLine: {'line': b'-- Up-to-date: /home/wei/fire_scout_ws/install/px4_msgs/include/px4_msgs/px4_msgs/msg/detail/estimator_event_flags__type_support.c\n'}
[1.085177] (px4_msgs) StdoutLine: {'line': b'-- Up-to-date: /home/wei/fire_scout_ws/install/px4_msgs/include/px4_msgs/px4_msgs/msg/detail/tecs_status__rosidl_typesupport_introspection_c.h\n'}
[1.085230] (px4_msgs) StdoutLine: {'line': b'-- Up-to-date: /home/wei/fire_scout_ws/install/px4_msgs/include/px4_msgs/px4_msgs/msg/detail/adc_report__rosidl_typesupport_introspection_c.h\n'}
[1.085271] (px4_msgs) StdoutLine: {'line': b'-- Up-to-date: /home/wei/fire_scout_ws/install/px4_msgs/include/px4_msgs/px4_msgs/msg/detail/sensor_correction__type_support.c\n'}
[1.085311] (px4_msgs) StdoutLine: {'line': b'-- Up-to-date: /home/wei/fire_scout_ws/install/px4_msgs/include/px4_msgs/px4_msgs/msg/detail/battery_status__type_support.c\n'}
[1.085362] (px4_msgs) StdoutLine: {'line': b'-- Up-to-date: /home/wei/fire_scout_ws/install/px4_msgs/include/px4_msgs/px4_msgs/msg/detail/sensor_gps__type_support.c\n'}
[1.085407] (px4_msgs) StdoutLine: {'line': b'-- Up-to-date: /home/wei/fire_scout_ws/install/px4_msgs/include/px4_msgs/px4_msgs/msg/detail/wind__rosidl_typesupport_introspection_c.h\n'}
[1.085441] (px4_msgs) StdoutLine: {'line': b'-- Up-to-date: /home/wei/fire_scout_ws/install/px4_msgs/include/px4_msgs/px4_msgs/msg/detail/estimator_innovations__rosidl_typesupport_introspection_c.h\n'}
[1.085474] (px4_msgs) StdoutLine: {'line': b'-- Up-to-date: /home/wei/fire_scout_ws/install/px4_msgs/include/px4_msgs/px4_msgs/msg/detail/rover_speed_status__type_support.c\n'}
[1.085515] (px4_msgs) StdoutLine: {'line': b'-- Up-to-date: /home/wei/fire_scout_ws/install/px4_msgs/include/px4_msgs/px4_msgs/msg/detail/vtol_vehicle_status__type_support.c\n'}
[1.085548] (px4_msgs) StdoutLine: {'line': b'-- Up-to-date: /home/wei/fire_scout_ws/install/px4_msgs/include/px4_msgs/px4_msgs/msg/detail/sensor_preflight_mag__type_support.c\n'}
[1.085585] (px4_msgs) StdoutLine: {'line': b'-- Up-to-date: /home/wei/fire_scout_ws/install/px4_msgs/include/px4_msgs/px4_msgs/msg/detail/control_allocator_status__type_support.c\n'}
[1.085619] (px4_msgs) StdoutLine: {'line': b'-- Up-to-date: /home/wei/fire_scout_ws/install/px4_msgs/include/px4_msgs/px4_msgs/msg/detail/open_drone_id_system__type_support.c\n'}
[1.085655] (px4_msgs) StdoutLine: {'line': b'-- Up-to-date: /home/wei/fire_scout_ws/install/px4_msgs/include/px4_msgs/px4_msgs/msg/detail/gimbal_manager_information__type_support.c\n'}
[1.085717] (px4_msgs) StdoutLine: {'line': b'-- Up-to-date: /home/wei/fire_scout_ws/install/px4_msgs/include/px4_msgs/px4_msgs/msg/detail/estimator_bias__rosidl_typesupport_introspection_c.h\n'}
[1.085756] (px4_msgs) StdoutLine: {'line': b'-- Up-to-date: /home/wei/fire_scout_ws/install/px4_msgs/include/px4_msgs/px4_msgs/msg/detail/heater_status__type_support.c\n'}
[1.085805] (px4_msgs) StdoutLine: {'line': b'-- Up-to-date: /home/wei/fire_scout_ws/install/px4_msgs/include/px4_msgs/px4_msgs/msg/detail/parameter_set_value_request__type_support.c\n'}
[1.085838] (px4_msgs) StdoutLine: {'line': b'-- Up-to-date: /home/wei/fire_scout_ws/install/px4_msgs/include/px4_msgs/px4_msgs/msg/detail/event__rosidl_typesupport_introspection_c.h\n'}
[1.085872] (px4_msgs) StdoutLine: {'line': b'-- Up-to-date: /home/wei/fire_scout_ws/install/px4_msgs/include/px4_msgs/px4_msgs/msg/detail/vehicle_roi__rosidl_typesupport_introspection_c.h\n'}
[1.085905] (px4_msgs) StdoutLine: {'line': b'-- Up-to-date: /home/wei/fire_scout_ws/install/px4_msgs/include/px4_msgs/px4_msgs/msg/detail/collision_constraints__type_support.c\n'}
[1.085952] (px4_msgs) StdoutLine: {'line': b'-- Up-to-date: /home/wei/fire_scout_ws/install/px4_msgs/include/px4_msgs/px4_msgs/msg/detail/sensor_optical_flow__rosidl_typesupport_introspection_c.h\n'}
[1.085985] (px4_msgs) StdoutLine: {'line': b'-- Up-to-date: /home/wei/fire_scout_ws/install/px4_msgs/include/px4_msgs/px4_msgs/msg/detail/vehicle_attitude__type_support.c\n'}
[1.086019] (px4_msgs) StdoutLine: {'line': b'-- Up-to-date: /home/wei/fire_scout_ws/install/px4_msgs/include/px4_msgs/px4_msgs/msg/detail/open_drone_id_arm_status__rosidl_typesupport_introspection_c.h\n'}
[1.086053] (px4_msgs) StdoutLine: {'line': b'-- Up-to-date: /home/wei/fire_scout_ws/install/px4_msgs/include/px4_msgs/px4_msgs/msg/detail/dataman_request__rosidl_typesupport_introspection_c.h\n'}
[1.086087] (px4_msgs) StdoutLine: {'line': b'-- Up-to-date: /home/wei/fire_scout_ws/install/px4_msgs/include/px4_msgs/px4_msgs/msg/detail/geofence_status__rosidl_typesupport_introspection_c.h\n'}
[1.086119] (px4_msgs) StdoutLine: {'line': b'-- Up-to-date: /home/wei/fire_scout_ws/install/px4_msgs/include/px4_msgs/px4_msgs/msg/detail/estimator_states__type_support.c\n'}
[1.086153] (px4_msgs) StdoutLine: {'line': b'-- Up-to-date: /home/wei/fire_scout_ws/install/px4_msgs/include/px4_msgs/px4_msgs/msg/detail/actuator_test__type_support.c\n'}
[1.086183] (px4_msgs) StdoutLine: {'line': b'-- Up-to-date: /home/wei/fire_scout_ws/install/px4_msgs/include/px4_msgs/px4_msgs/msg/detail/adc_report__type_support.c\n'}
[1.086214] (px4_msgs) StdoutLine: {'line': b'-- Up-to-date: /home/wei/fire_scout_ws/install/px4_msgs/include/px4_msgs/px4_msgs/msg/detail/satellite_info__type_support.c\n'}
[1.086328] (px4_msgs) StdoutLine: {'line': b'-- Up-to-date: /home/wei/fire_scout_ws/install/px4_msgs/include/px4_msgs/px4_msgs/msg/detail/esc_report__type_support.c\n'}
[1.086380] (px4_msgs) StdoutLine: {'line': b'-- Up-to-date: /home/wei/fire_scout_ws/install/px4_msgs/include/px4_msgs/px4_msgs/msg/detail/wind__type_support.c\n'}
[1.086414] (px4_msgs) StdoutLine: {'line': b'-- Up-to-date: /home/wei/fire_scout_ws/install/px4_msgs/include/px4_msgs/px4_msgs/msg/detail/uavcan_parameter_request__type_support.c\n'}
[1.086446] (px4_msgs) StdoutLine: {'line': b'-- Up-to-date: /home/wei/fire_scout_ws/install/px4_msgs/include/px4_msgs/px4_msgs/msg/detail/rc_parameter_map__rosidl_typesupport_introspection_c.h\n'}
[1.086478] (px4_msgs) StdoutLine: {'line': b'-- Up-to-date: /home/wei/fire_scout_ws/install/px4_msgs/include/px4_msgs/px4_msgs/msg/detail/camera_capture__type_support.c\n'}
[1.086519] (px4_msgs) StdoutLine: {'line': b'-- Up-to-date: /home/wei/fire_scout_ws/install/px4_msgs/include/px4_msgs/px4_msgs/msg/detail/neural_control__rosidl_typesupport_introspection_c.h\n'}
[1.086556] (px4_msgs) StdoutLine: {'line': b'-- Up-to-date: /home/wei/fire_scout_ws/install/px4_msgs/include/px4_msgs/px4_msgs/msg/detail/estimator_status_flags__type_support.c\n'}
[1.086593] (px4_msgs) StdoutLine: {'line': b'-- Up-to-date: /home/wei/fire_scout_ws/install/px4_msgs/include/px4_msgs/px4_msgs/msg/detail/estimator_aid_source1d__rosidl_typesupport_introspection_c.h\n'}
[1.086631] (px4_msgs) StdoutLine: {'line': b'-- Up-to-date: /home/wei/fire_scout_ws/install/px4_msgs/include/px4_msgs/px4_msgs/msg/detail/gimbal_device_attitude_status__rosidl_typesupport_introspection_c.h\n'}
[1.086667] (px4_msgs) StdoutLine: {'line': b'-- Up-to-date: /home/wei/fire_scout_ws/install/px4_msgs/include/px4_msgs/px4_msgs/msg/detail/battery_info__type_support.c\n'}
[1.086707] (px4_msgs) StdoutLine: {'line': b'-- Up-to-date: /home/wei/fire_scout_ws/install/px4_msgs/include/px4_msgs/px4_msgs/msg/detail/velocity_limits__type_support.c\n'}
[1.086745] (px4_msgs) StdoutLine: {'line': b'-- Up-to-date: /home/wei/fire_scout_ws/install/px4_msgs/include/px4_msgs/px4_msgs/msg/detail/estimator_status_flags__rosidl_typesupport_introspection_c.h\n'}
[1.086783] (px4_msgs) StdoutLine: {'line': b'-- Up-to-date: /home/wei/fire_scout_ws/install/px4_msgs/include/px4_msgs/px4_msgs/msg/detail/vehicle_attitude_setpoint__rosidl_typesupport_introspection_c.h\n'}
[1.086908] (px4_msgs) StdoutLine: {'line': b'-- Up-to-date: /home/wei/fire_scout_ws/install/px4_msgs/include/px4_msgs/px4_msgs/msg/detail/internal_combustion_engine_control__rosidl_typesupport_introspection_c.h\n'}
[1.087033] (px4_msgs) StdoutLine: {'line': b'-- Up-to-date: /home/wei/fire_scout_ws/install/px4_msgs/include/px4_msgs/px4_msgs/msg/detail/airspeed_wind__type_support.c\n'}
[1.087082] (px4_msgs) StdoutLine: {'line': b'-- Up-to-date: /home/wei/fire_scout_ws/install/px4_msgs/include/px4_msgs/px4_msgs/msg/detail/open_drone_id_self_id__rosidl_typesupport_introspection_c.h\n'}
[1.087129] (px4_msgs) StdoutLine: {'line': b'-- Up-to-date: /home/wei/fire_scout_ws/install/px4_msgs/include/px4_msgs/px4_msgs/msg/detail/landing_target_pose__type_support.c\n'}
[1.087178] (px4_msgs) StdoutLine: {'line': b'-- Up-to-date: /home/wei/fire_scout_ws/install/px4_msgs/include/px4_msgs/px4_msgs/msg/detail/velocity_limits__rosidl_typesupport_introspection_c.h\n'}
[1.087218] (px4_msgs) StdoutLine: {'line': b'-- Up-to-date: /home/wei/fire_scout_ws/install/px4_msgs/include/px4_msgs/px4_msgs/msg/detail/esc_report__rosidl_typesupport_introspection_c.h\n'}
[1.087255] (px4_msgs) StdoutLine: {'line': b'-- Up-to-date: /home/wei/fire_scout_ws/install/px4_msgs/include/px4_msgs/px4_msgs/msg/detail/follow_target__rosidl_typesupport_introspection_c.h\n'}
[1.087295] (px4_msgs) StdoutLine: {'line': b'-- Up-to-date: /home/wei/fire_scout_ws/install/px4_msgs/include/px4_msgs/px4_msgs/msg/detail/failsafe_flags__type_support.c\n'}
[1.087329] (px4_msgs) StdoutLine: {'line': b'-- Up-to-date: /home/wei/fire_scout_ws/install/px4_msgs/include/px4_msgs/px4_msgs/msg/detail/differential_pressure__type_support.c\n'}
[1.087363] (px4_msgs) StdoutLine: {'line': b'-- Up-to-date: /home/wei/fire_scout_ws/install/px4_msgs/include/px4_msgs/px4_msgs/msg/detail/pure_pursuit_status__rosidl_typesupport_introspection_c.h\n'}
[1.087404] (px4_msgs) StdoutLine: {'line': b'-- Up-to-date: /home/wei/fire_scout_ws/install/px4_msgs/include/px4_msgs/px4_msgs/msg/detail/follow_target__type_support.c\n'}
[1.087452] (px4_msgs) StdoutLine: {'line': b'-- Up-to-date: /home/wei/fire_scout_ws/install/px4_msgs/include/px4_msgs/px4_msgs/msg/detail/navigator_status__rosidl_typesupport_introspection_c.h\n'}
[1.087488] (px4_msgs) StdoutLine: {'line': b'-- Up-to-date: /home/wei/fire_scout_ws/install/px4_msgs/include/px4_msgs/px4_msgs/msg/detail/internal_combustion_engine_status__type_support.c\n'}
[1.087526] (px4_msgs) StdoutLine: {'line': b'-- Up-to-date: /home/wei/fire_scout_ws/install/px4_msgs/include/px4_msgs/px4_msgs/msg/detail/vtol_vehicle_status__rosidl_typesupport_introspection_c.h\n'}
[1.087566] (px4_msgs) StdoutLine: {'line': b'-- Up-to-date: /home/wei/fire_scout_ws/install/px4_msgs/include/px4_msgs/px4_msgs/msg/detail/landing_target_innovations__type_support.c\n'}
[1.087605] (px4_msgs) StdoutLine: {'line': b'-- Up-to-date: /home/wei/fire_scout_ws/install/px4_msgs/include/px4_msgs/px4_msgs/msg/detail/estimator_aid_source2d__rosidl_typesupport_introspection_c.h\n'}
[1.087644] (px4_msgs) StdoutLine: {'line': b'-- Up-to-date: /home/wei/fire_scout_ws/install/px4_msgs/include/px4_msgs/px4_msgs/msg/detail/mission__type_support.c\n'}
[1.087683] (px4_msgs) StdoutLine: {'line': b'-- Up-to-date: /home/wei/fire_scout_ws/install/px4_msgs/include/px4_msgs/px4_msgs/msg/detail/vehicle_command_ack__rosidl_typesupport_introspection_c.h\n'}
[1.087719] (px4_msgs) StdoutLine: {'line': b'-- Up-to-date: /home/wei/fire_scout_ws/install/px4_msgs/include/px4_msgs/px4_msgs/msg/detail/gpio_out__type_support.c\n'}
[1.087756] (px4_msgs) StdoutLine: {'line': b'-- Up-to-date: /home/wei/fire_scout_ws/install/px4_msgs/include/px4_msgs/px4_msgs/msg/detail/task_stack_info__rosidl_typesupport_introspection_c.h\n'}
[1.087797] (px4_msgs) StdoutLine: {'line': b'-- Up-to-date: /home/wei/fire_scout_ws/install/px4_msgs/include/px4_msgs/px4_msgs/msg/detail/mission_result__rosidl_typesupport_introspection_c.h\n'}
[1.087864] (px4_msgs) StdoutLine: {'line': b'-- Up-to-date: /home/wei/fire_scout_ws/install/px4_msgs/include/px4_msgs/px4_msgs/msg/detail/timesync_status__rosidl_typesupport_introspection_c.h\n'}
[1.087903] (px4_msgs) StdoutLine: {'line': b'-- Up-to-date: /home/wei/fire_scout_ws/install/px4_msgs/include/px4_msgs/px4_msgs/msg/detail/gps_dump__type_support.c\n'}
[1.087937] (px4_msgs) StdoutLine: {'line': b'-- Up-to-date: /home/wei/fire_scout_ws/install/px4_msgs/include/px4_msgs/px4_msgs/msg/detail/power_monitor__rosidl_typesupport_introspection_c.h\n'}
[1.087971] (px4_msgs) StdoutLine: {'line': b'-- Up-to-date: /home/wei/fire_scout_ws/install/px4_msgs/include/px4_msgs/px4_msgs/msg/detail/vehicle_attitude__rosidl_typesupport_introspection_c.h\n'}
[1.088021] (px4_msgs) StdoutLine: {'line': b'-- Up-to-date: /home/wei/fire_scout_ws/install/px4_msgs/include/px4_msgs/px4_msgs/msg/detail/orb_test_medium__type_support.c\n'}
[1.088055] (px4_msgs) StdoutLine: {'line': b'-- Up-to-date: /home/wei/fire_scout_ws/install/px4_msgs/include/px4_msgs/px4_msgs/msg/detail/config_overrides__rosidl_typesupport_introspection_c.h\n'}
[1.088097] (px4_msgs) StdoutLine: {'line': b'-- Up-to-date: /home/wei/fire_scout_ws/install/px4_msgs/include/px4_msgs/px4_msgs/msg/detail/cpuload__rosidl_typesupport_introspection_c.h\n'}
[1.088136] (px4_msgs) StdoutLine: {'line': b'-- Up-to-date: /home/wei/fire_scout_ws/install/px4_msgs/include/px4_msgs/px4_msgs/msg/detail/camera_capture__rosidl_typesupport_introspection_c.h\n'}
[1.088175] (px4_msgs) StdoutLine: {'line': b'-- Up-to-date: /home/wei/fire_scout_ws/install/px4_msgs/include/px4_msgs/px4_msgs/msg/detail/yaw_estimator_status__type_support.c\n'}
[1.088227] (px4_msgs) StdoutLine: {'line': b'-- Up-to-date: /home/wei/fire_scout_ws/install/px4_msgs/include/px4_msgs/px4_msgs/msg/detail/sensor_preflight_mag__rosidl_typesupport_introspection_c.h\n'}
[1.088265] (px4_msgs) StdoutLine: {'line': b'-- Up-to-date: /home/wei/fire_scout_ws/install/px4_msgs/include/px4_msgs/px4_msgs/msg/detail/differential_pressure__rosidl_typesupport_introspection_c.h\n'}
[1.088303] (px4_msgs) StdoutLine: {'line': b'-- Up-to-date: /home/wei/fire_scout_ws/install/px4_msgs/include/px4_msgs/px4_msgs/msg/detail/sensor_gnss_relative__rosidl_typesupport_introspection_c.h\n'}
[1.088340] (px4_msgs) StdoutLine: {'line': b'-- Up-to-date: /home/wei/fire_scout_ws/install/px4_msgs/include/px4_msgs/px4_msgs/msg/detail/button_event__rosidl_typesupport_introspection_c.h\n'}
[1.088381] (px4_msgs) StdoutLine: {'line': b'-- Up-to-date: /home/wei/fire_scout_ws/install/px4_msgs/include/px4_msgs/px4_msgs/msg/detail/sensor_selection__type_support.c\n'}
[1.088424] (px4_msgs) StdoutLine: {'line': b'-- Up-to-date: /home/wei/fire_scout_ws/install/px4_msgs/include/px4_msgs/px4_msgs/msg/detail/sensor_accel_fifo__rosidl_typesupport_introspection_c.h\n'}
[1.088480] (px4_msgs) StdoutLine: {'line': b'-- Up-to-date: /home/wei/fire_scout_ws/install/px4_msgs/include/px4_msgs/px4_msgs/msg/detail/sensor_gnss_relative__type_support.c\n'}
[1.088542] (px4_msgs) StdoutLine: {'line': b'-- Up-to-date: /home/wei/fire_scout_ws/install/px4_msgs/include/px4_msgs/px4_msgs/msg/detail/sensor_gyro__type_support.c\n'}
[1.088588] (px4_msgs) StdoutLine: {'line': b'-- Up-to-date: /home/wei/fire_scout_ws/install/px4_msgs/include/px4_msgs/px4_msgs/msg/detail/esc_status__type_support.c\n'}
[1.088637] (px4_msgs) StdoutLine: {'line': b'-- Up-to-date: /home/wei/fire_scout_ws/install/px4_msgs/include/px4_msgs/px4_msgs/msg/detail/navigator_mission_item__type_support.c\n'}
[1.088684] (px4_msgs) StdoutLine: {'line': b'-- Up-to-date: /home/wei/fire_scout_ws/install/px4_msgs/include/px4_msgs/px4_msgs/msg/detail/sensor_hygrometer__rosidl_typesupport_introspection_c.h\n'}
[1.088727] (px4_msgs) StdoutLine: {'line': b'-- Up-to-date: /home/wei/fire_scout_ws/install/px4_msgs/include/px4_msgs/px4_msgs/msg/detail/rtl_status__rosidl_typesupport_introspection_c.h\n'}
[1.088769] (px4_msgs) StdoutLine: {'line': b'-- Up-to-date: /home/wei/fire_scout_ws/install/px4_msgs/include/px4_msgs/px4_msgs/msg/detail/rate_ctrl_status__type_support.c\n'}
[1.088806] (px4_msgs) StdoutLine: {'line': b'-- Up-to-date: /home/wei/fire_scout_ws/install/px4_msgs/include/px4_msgs/px4_msgs/msg/detail/sensor_gyro_fifo__type_support.c\n'}
[1.088845] (px4_msgs) StdoutLine: {'line': b'-- Up-to-date: /home/wei/fire_scout_ws/install/px4_msgs/include/px4_msgs/px4_msgs/msg/detail/obstacle_distance__rosidl_typesupport_introspection_c.h\n'}
[1.088903] (px4_msgs) StdoutLine: {'line': b'-- Up-to-date: /home/wei/fire_scout_ws/install/px4_msgs/include/px4_msgs/px4_msgs/msg/detail/rpm__rosidl_typesupport_introspection_c.h\n'}
[1.088939] (px4_msgs) StdoutLine: {'line': b'-- Up-to-date: /home/wei/fire_scout_ws/install/px4_msgs/include/px4_msgs/px4_msgs/msg/detail/vehicle_magnetometer__rosidl_typesupport_introspection_c.h\n'}
[1.088975] (px4_msgs) StdoutLine: {'line': b'-- Up-to-date: /home/wei/fire_scout_ws/install/px4_msgs/include/px4_msgs/px4_msgs/msg/detail/position_controller_status__type_support.c\n'}
[1.089012] (px4_msgs) StdoutLine: {'line': b'-- Up-to-date: /home/wei/fire_scout_ws/install/px4_msgs/include/px4_msgs/px4_msgs/msg/detail/timesync_status__type_support.c\n'}
[1.089050] (px4_msgs) StdoutLine: {'line': b'-- Up-to-date: /home/wei/fire_scout_ws/install/px4_msgs/include/px4_msgs/px4_msgs/msg/detail/fixed_wing_lateral_setpoint__rosidl_typesupport_introspection_c.h\n'}
[1.089089] (px4_msgs) StdoutLine: {'line': b'-- Up-to-date: /home/wei/fire_scout_ws/install/px4_msgs/include/px4_msgs/px4_msgs/msg/detail/gimbal_device_set_attitude__type_support.c\n'}
[1.089133] (px4_msgs) StdoutLine: {'line': b'-- Up-to-date: /home/wei/fire_scout_ws/install/px4_msgs/include/px4_msgs/px4_msgs/msg/detail/mavlink_log__rosidl_typesupport_introspection_c.h\n'}
[1.089171] (px4_msgs) StdoutLine: {'line': b'-- Up-to-date: /home/wei/fire_scout_ws/install/px4_msgs/include/px4_msgs/px4_msgs/msg/detail/vehicle_command__rosidl_typesupport_introspection_c.h\n'}
[1.089210] (px4_msgs) StdoutLine: {'line': b'-- Up-to-date: /home/wei/fire_scout_ws/install/px4_msgs/include/px4_msgs/px4_msgs/msg/detail/sensor_baro__rosidl_typesupport_introspection_c.h\n'}
[1.089253] (px4_msgs) StdoutLine: {'line': b'-- Up-to-date: /home/wei/fire_scout_ws/install/px4_msgs/include/px4_msgs/px4_msgs/msg/detail/vehicle_angular_acceleration_setpoint__rosidl_typesupport_introspection_c.h\n'}
[1.089314] (px4_msgs) StdoutLine: {'line': b'-- Up-to-date: /home/wei/fire_scout_ws/install/px4_msgs/include/px4_msgs/px4_msgs/msg/detail/vehicle_global_position__type_support.c\n'}
[1.089356] (px4_msgs) StdoutLine: {'line': b'-- Up-to-date: /home/wei/fire_scout_ws/install/px4_msgs/include/px4_msgs/px4_msgs/msg/detail/sensor_accel__type_support.c\n'}
[1.089412] (px4_msgs) StdoutLine: {'line': b'-- Up-to-date: /home/wei/fire_scout_ws/install/px4_msgs/include/px4_msgs/px4_msgs/msg/detail/estimator_bias3d__rosidl_typesupport_introspection_c.h\n'}
[1.089451] (px4_msgs) StdoutLine: {'line': b'-- Up-to-date: /home/wei/fire_scout_ws/install/px4_msgs/include/px4_msgs/px4_msgs/msg/detail/rtl_time_estimate__rosidl_typesupport_introspection_c.h\n'}
[1.089492] (px4_msgs) StdoutLine: {'line': b'-- Up-to-date: /home/wei/fire_scout_ws/install/px4_msgs/include/px4_msgs/px4_msgs/msg/detail/vehicle_acceleration__type_support.c\n'}
[1.089532] (px4_msgs) StdoutLine: {'line': b'-- Up-to-date: /home/wei/fire_scout_ws/install/px4_msgs/include/px4_msgs/px4_msgs/msg/detail/goto_setpoint__type_support.c\n'}
[1.089575] (px4_msgs) StdoutLine: {'line': b'-- Up-to-date: /home/wei/fire_scout_ws/install/px4_msgs/include/px4_msgs/px4_msgs/msg/detail/orb_test_large__rosidl_typesupport_introspection_c.h\n'}
[1.089619] (px4_msgs) StdoutLine: {'line': b'-- Up-to-date: /home/wei/fire_scout_ws/install/px4_msgs/include/px4_msgs/px4_msgs/msg/detail/open_drone_id_system__rosidl_typesupport_introspection_c.h\n'}
[1.089660] (px4_msgs) StdoutLine: {'line': b'-- Up-to-date: /home/wei/fire_scout_ws/install/px4_msgs/include/px4_msgs/px4_msgs/msg/detail/vehicle_constraints__rosidl_typesupport_introspection_c.h\n'}
[1.089698] (px4_msgs) StdoutLine: {'line': b'-- Up-to-date: /home/wei/fire_scout_ws/install/px4_msgs/include/px4_msgs/px4_msgs/msg/detail/trajectory_setpoint6dof__rosidl_typesupport_introspection_c.h\n'}
[1.089741] (px4_msgs) StdoutLine: {'line': b'-- Up-to-date: /home/wei/fire_scout_ws/install/px4_msgs/include/px4_msgs/px4_msgs/msg/detail/distance_sensor_mode_change_request__type_support.c\n'}
[1.089802] (px4_msgs) StdoutLine: {'line': b'-- Up-to-date: /home/wei/fire_scout_ws/install/px4_msgs/include/px4_msgs/px4_msgs/msg/detail/heater_status__rosidl_typesupport_introspection_c.h\n'}
[1.089836] (px4_msgs) StdoutLine: {'line': b'-- Up-to-date: /home/wei/fire_scout_ws/install/px4_msgs/include/px4_msgs/px4_msgs/msg/detail/ulog_stream__rosidl_typesupport_introspection_c.h\n'}
[1.089870] (px4_msgs) StdoutLine: {'line': b'-- Up-to-date: /home/wei/fire_scout_ws/install/px4_msgs/include/px4_msgs/px4_msgs/msg/detail/mode_completed__type_support.c\n'}
[1.089905] (px4_msgs) StdoutLine: {'line': b'-- Up-to-date: /home/wei/fire_scout_ws/install/px4_msgs/include/px4_msgs/px4_msgs/msg/detail/gimbal_device_set_attitude__rosidl_typesupport_introspection_c.h\n'}
[1.089940] (px4_msgs) StdoutLine: {'line': b'-- Up-to-date: /home/wei/fire_scout_ws/install/px4_msgs/include/px4_msgs/px4_msgs/msg/detail/uavcan_parameter_value__type_support.c\n'}
[1.089975] (px4_msgs) StdoutLine: {'line': b'-- Up-to-date: /home/wei/fire_scout_ws/install/px4_msgs/include/px4_msgs/px4_msgs/msg/detail/camera_trigger__rosidl_typesupport_introspection_c.h\n'}
[1.090008] (px4_msgs) StdoutLine: {'line': b'-- Up-to-date: /home/wei/fire_scout_ws/install/px4_msgs/include/px4_msgs/px4_msgs/msg/detail/mount_orientation__rosidl_typesupport_introspection_c.h\n'}
[1.090042] (px4_msgs) StdoutLine: {'line': b'-- Up-to-date: /home/wei/fire_scout_ws/install/px4_msgs/include/px4_msgs/px4_msgs/msg/detail/estimator_status__rosidl_typesupport_introspection_c.h\n'}
[1.090076] (px4_msgs) StdoutLine: {'line': b'-- Up-to-date: /home/wei/fire_scout_ws/install/px4_msgs/include/px4_msgs/px4_msgs/msg/detail/position_setpoint_triplet__rosidl_typesupport_introspection_c.h\n'}
[1.090128] (px4_msgs) StdoutLine: {'line': b'-- Up-to-date: /home/wei/fire_scout_ws/install/px4_msgs/include/px4_msgs/px4_msgs/msg/detail/home_position__rosidl_typesupport_introspection_c.h\n'}
[1.090162] (px4_msgs) StdoutLine: {'line': b'-- Up-to-date: /home/wei/fire_scout_ws/install/px4_msgs/include/px4_msgs/px4_msgs/msg/detail/gps_inject_data__type_support.c\n'}
[1.090200] (px4_msgs) StdoutLine: {'line': b'-- Up-to-date: /home/wei/fire_scout_ws/install/px4_msgs/include/px4_msgs/px4_msgs/msg/detail/sensor_accel__rosidl_typesupport_introspection_c.h\n'}
[1.090235] (px4_msgs) StdoutLine: {'line': b'-- Up-to-date: /home/wei/fire_scout_ws/install/px4_msgs/include/px4_msgs/px4_msgs/msg/detail/sensor_gyro_fft__rosidl_typesupport_introspection_c.h\n'}
[1.090277] (px4_msgs) StdoutLine: {'line': b'-- Up-to-date: /home/wei/fire_scout_ws/install/px4_msgs/include/px4_msgs/px4_msgs/msg/detail/tecs_status__type_support.c\n'}
[1.090315] (px4_msgs) StdoutLine: {'line': b'-- Up-to-date: /home/wei/fire_scout_ws/install/px4_msgs/include/px4_msgs/px4_msgs/msg/detail/action_request__rosidl_typesupport_introspection_c.h\n'}
[1.090364] (px4_msgs) StdoutLine: {'line': b'-- Up-to-date: /home/wei/fire_scout_ws/install/px4_msgs/include/px4_msgs/px4_msgs/msg/detail/distance_sensor__type_support.c\n'}
[1.090405] (px4_msgs) StdoutLine: {'line': b'-- Up-to-date: /home/wei/fire_scout_ws/install/px4_msgs/include/px4_msgs/px4_msgs/msg/detail/distance_sensor_mode_change_request__rosidl_typesupport_introspection_c.h\n'}
[1.090443] (px4_msgs) StdoutLine: {'line': b'-- Up-to-date: /home/wei/fire_scout_ws/install/px4_msgs/include/px4_msgs/px4_msgs/msg/detail/satellite_info__rosidl_typesupport_introspection_c.h\n'}
[1.090477] (px4_msgs) StdoutLine: {'line': b'-- Up-to-date: /home/wei/fire_scout_ws/install/px4_msgs/include/px4_msgs/px4_msgs/msg/detail/sensors_status_imu__rosidl_typesupport_introspection_c.h\n'}
[1.090518] (px4_msgs) StdoutLine: {'line': b'-- Up-to-date: /home/wei/fire_scout_ws/install/px4_msgs/include/px4_msgs/px4_msgs/msg/detail/offboard_control_mode__type_support.c\n'}
[1.090575] (px4_msgs) StdoutLine: {'line': b'-- Up-to-date: /home/wei/fire_scout_ws/install/px4_msgs/include/px4_msgs/px4_msgs/msg/detail/ekf2_timestamps__type_support.c\n'}
[1.090622] (px4_msgs) StdoutLine: {'line': b'-- Up-to-date: /home/wei/fire_scout_ws/install/px4_msgs/include/px4_msgs/px4_msgs/msg/detail/flight_phase_estimation__rosidl_typesupport_introspection_c.h\n'}
[1.090660] (px4_msgs) StdoutLine: {'line': b'-- Up-to-date: /home/wei/fire_scout_ws/install/px4_msgs/include/px4_msgs/px4_msgs/msg/detail/fixed_wing_longitudinal_setpoint__type_support.c\n'}
[1.090696] (px4_msgs) StdoutLine: {'line': b'-- Up-to-date: /home/wei/fire_scout_ws/install/px4_msgs/include/px4_msgs/px4_msgs/msg/detail/gripper__type_support.c\n'}
[1.090733] (px4_msgs) StdoutLine: {'line': b'-- Up-to-date: /home/wei/fire_scout_ws/install/px4_msgs/include/px4_msgs/px4_msgs/msg/detail/fuel_tank_status__rosidl_typesupport_introspection_c.h\n'}
[1.090779] (px4_msgs) StdoutLine: {'line': b'-- Up-to-date: /home/wei/fire_scout_ws/install/px4_msgs/include/px4_msgs/px4_msgs/msg/detail/actuator_servos_trim__type_support.c\n'}
[1.090812] (px4_msgs) StdoutLine: {'line': b'-- Up-to-date: /home/wei/fire_scout_ws/install/px4_msgs/include/px4_msgs/px4_msgs/msg/detail/dataman_response__type_support.c\n'}
[1.090846] (px4_msgs) StdoutLine: {'line': b'-- Up-to-date: /home/wei/fire_scout_ws/install/px4_msgs/include/px4_msgs/px4_msgs/msg/detail/estimator_innovations__type_support.c\n'}
[1.090879] (px4_msgs) StdoutLine: {'line': b'-- Up-to-date: /home/wei/fire_scout_ws/install/px4_msgs/include/px4_msgs/px4_msgs/msg/detail/trajectory_setpoint6dof__type_support.c\n'}
[1.090914] (px4_msgs) StdoutLine: {'line': b'-- Up-to-date: /home/wei/fire_scout_ws/install/px4_msgs/include/px4_msgs/px4_msgs/msg/detail/open_drone_id_operator_id__type_support.c\n'}
[1.090946] (px4_msgs) StdoutLine: {'line': b'-- Up-to-date: /home/wei/fire_scout_ws/install/px4_msgs/include/px4_msgs/px4_msgs/msg/detail/input_rc__type_support.c\n'}
[1.090977] (px4_msgs) StdoutLine: {'line': b'-- Up-to-date: /home/wei/fire_scout_ws/install/px4_msgs/include/px4_msgs/px4_msgs/msg/detail/mag_worker_data__type_support.c\n'}
[1.091009] (px4_msgs) StdoutLine: {'line': b'-- Up-to-date: /home/wei/fire_scout_ws/install/px4_msgs/include/px4_msgs/px4_msgs/msg/detail/message_format_response__rosidl_typesupport_introspection_c.h\n'}
[1.091039] (px4_msgs) StdoutLine: {'line': b'-- Up-to-date: /home/wei/fire_scout_ws/install/px4_msgs/include/px4_msgs/px4_msgs/msg/detail/action_request__type_support.c\n'}
[1.091067] (px4_msgs) StdoutLine: {'line': b'-- Up-to-date: /home/wei/fire_scout_ws/install/px4_msgs/include/px4_msgs/px4_msgs/msg/detail/cpuload__type_support.c\n'}
[1.091097] (px4_msgs) StdoutLine: {'line': b'-- Up-to-date: /home/wei/fire_scout_ws/install/px4_msgs/include/px4_msgs/px4_msgs/msg/detail/camera_status__type_support.c\n'}
[1.091149] (px4_msgs) StdoutLine: {'line': b'-- Up-to-date: /home/wei/fire_scout_ws/install/px4_msgs/include/px4_msgs/px4_msgs/msg/detail/led_control__rosidl_typesupport_introspection_c.h\n'}
[1.091179] (px4_msgs) StdoutLine: {'line': b'-- Up-to-date: /home/wei/fire_scout_ws/install/px4_msgs/include/px4_msgs/px4_msgs/msg/detail/vehicle_global_position__rosidl_typesupport_introspection_c.h\n'}
[1.091209] (px4_msgs) StdoutLine: {'line': b'-- Up-to-date: /home/wei/fire_scout_ws/install/px4_msgs/include/px4_msgs/px4_msgs/msg/detail/flight_phase_estimation__type_support.c\n'}
[1.091239] (px4_msgs) StdoutLine: {'line': b'-- Up-to-date: /home/wei/fire_scout_ws/install/px4_msgs/include/px4_msgs/px4_msgs/msg/detail/power_button_state__type_support.c\n'}
[1.091271] (px4_msgs) StdoutLine: {'line': b'-- Up-to-date: /home/wei/fire_scout_ws/install/px4_msgs/include/px4_msgs/px4_msgs/msg/detail/vehicle_angular_velocity__rosidl_typesupport_introspection_c.h\n'}
[1.091313] (px4_msgs) StdoutLine: {'line': b'-- Up-to-date: /home/wei/fire_scout_ws/install/px4_msgs/include/px4_msgs/px4_msgs/msg/detail/rover_throttle_setpoint__rosidl_typesupport_introspection_c.h\n'}
[1.091346] (px4_msgs) StdoutLine: {'line': b'-- Up-to-date: /home/wei/fire_scout_ws/install/px4_msgs/include/px4_msgs/px4_msgs/msg/detail/figure_eight_status__type_support.c\n'}
[1.091387] (px4_msgs) StdoutLine: {'line': b'-- Up-to-date: /home/wei/fire_scout_ws/install/px4_msgs/include/px4_msgs/px4_msgs/msg/detail/gimbal_manager_information__rosidl_typesupport_introspection_c.h\n'}
[1.091420] (px4_msgs) StdoutLine: {'line': b'-- Up-to-date: /home/wei/fire_scout_ws/install/px4_msgs/include/px4_msgs/px4_msgs/msg/detail/vehicle_status__rosidl_typesupport_introspection_c.h\n'}
[1.091458] (px4_msgs) StdoutLine: {'line': b'-- Up-to-date: /home/wei/fire_scout_ws/install/px4_msgs/include/px4_msgs/px4_msgs/msg/detail/pwm_input__type_support.c\n'}
[1.091495] (px4_msgs) StdoutLine: {'line': b'-- Up-to-date: /home/wei/fire_scout_ws/install/px4_msgs/include/px4_msgs/px4_msgs/msg/detail/actuator_outputs__rosidl_typesupport_introspection_c.h\n'}
[1.091531] (px4_msgs) StdoutLine: {'line': b'-- Up-to-date: /home/wei/fire_scout_ws/install/px4_msgs/include/px4_msgs/px4_msgs/msg/detail/failure_detector_status__rosidl_typesupport_introspection_c.h\n'}
[1.091584] (px4_msgs) StdoutLine: {'line': b'-- Up-to-date: /home/wei/fire_scout_ws/install/px4_msgs/include/px4_msgs/px4_msgs/msg/detail/parameter_update__rosidl_typesupport_introspection_c.h\n'}
[1.091619] (px4_msgs) StdoutLine: {'line': b'-- Up-to-date: /home/wei/fire_scout_ws/install/px4_msgs/include/px4_msgs/px4_msgs/msg/detail/battery_status__rosidl_typesupport_introspection_c.h\n'}
[1.091657] (px4_msgs) StdoutLine: {'line': b'-- Up-to-date: /home/wei/fire_scout_ws/install/px4_msgs/include/px4_msgs/px4_msgs/msg/detail/sensor_gyro__rosidl_typesupport_introspection_c.h\n'}
[1.091694] (px4_msgs) StdoutLine: {'line': b'-- Up-to-date: /home/wei/fire_scout_ws/install/px4_msgs/include/px4_msgs/px4_msgs/msg/detail/rtl_time_estimate__type_support.c\n'}
[1.091730] (px4_msgs) StdoutLine: {'line': b'-- Up-to-date: /home/wei/fire_scout_ws/install/px4_msgs/include/px4_msgs/px4_msgs/msg/detail/esc_status__rosidl_typesupport_introspection_c.h\n'}
[1.091778] (px4_msgs) StdoutLine: {'line': b'-- Up-to-date: /home/wei/fire_scout_ws/install/px4_msgs/include/px4_msgs/px4_msgs/msg/detail/sensor_baro__type_support.c\n'}
[1.091815] (px4_msgs) StdoutLine: {'line': b'-- Up-to-date: /home/wei/fire_scout_ws/install/px4_msgs/include/px4_msgs/px4_msgs/msg/detail/sensor_gyro_fifo__rosidl_typesupport_introspection_c.h\n'}
[1.091848] (px4_msgs) StdoutLine: {'line': b'-- Up-to-date: /home/wei/fire_scout_ws/install/px4_msgs/include/px4_msgs/px4_msgs/msg/detail/sensor_gnss_status__type_support.c\n'}
[1.091881] (px4_msgs) StdoutLine: {'line': b'-- Up-to-date: /home/wei/fire_scout_ws/install/px4_msgs/include/px4_msgs/px4_msgs/msg/detail/vehicle_control_mode__type_support.c\n'}
[1.091916] (px4_msgs) StdoutLine: {'line': b'-- Up-to-date: /home/wei/fire_scout_ws/install/px4_msgs/include/px4_msgs/px4_msgs/msg/detail/vehicle_local_position_setpoint__rosidl_typesupport_introspection_c.h\n'}
[1.091948] (px4_msgs) StdoutLine: {'line': b'-- Up-to-date: /home/wei/fire_scout_ws/install/px4_msgs/include/px4_msgs/px4_msgs/msg/detail/pure_pursuit_status__type_support.c\n'}
[1.091981] (px4_msgs) StdoutLine: {'line': b'-- Up-to-date: /home/wei/fire_scout_ws/install/px4_msgs/include/px4_msgs/px4_msgs/msg/detail/mavlink_tunnel__rosidl_typesupport_introspection_c.h\n'}
[1.092014] (px4_msgs) StdoutLine: {'line': b'-- Up-to-date: /home/wei/fire_scout_ws/install/px4_msgs/include/px4_msgs/px4_msgs/msg/detail/dronecan_node_status__rosidl_typesupport_introspection_c.h\n'}
[1.092047] (px4_msgs) StdoutLine: {'line': b'-- Up-to-date: /home/wei/fire_scout_ws/install/px4_msgs/include/px4_msgs/px4_msgs/msg/detail/vehicle_torque_setpoint__type_support.c\n'}
[1.092156] (px4_msgs) StdoutLine: {'line': b'-- Up-to-date: /home/wei/fire_scout_ws/install/px4_msgs/include/px4_msgs/px4_msgs/msg/detail/vehicle_odometry__rosidl_typesupport_introspection_c.h\n'}
[1.092190] (px4_msgs) StdoutLine: {'line': b'-- Up-to-date: /home/wei/fire_scout_ws/install/px4_msgs/include/px4_msgs/px4_msgs/msg/detail/magnetometer_bias_estimate__type_support.c\n'}
[1.092223] (px4_msgs) StdoutLine: {'line': b'-- Up-to-date: /home/wei/fire_scout_ws/install/px4_msgs/include/px4_msgs/px4_msgs/msg/detail/logger_status__rosidl_typesupport_introspection_c.h\n'}
[1.092271] (px4_msgs) StdoutLine: {'line': b'-- Up-to-date: /home/wei/fire_scout_ws/install/px4_msgs/include/px4_msgs/px4_msgs/msg/detail/parameter_set_used_request__type_support.c\n'}
[1.092303] (px4_msgs) StdoutLine: {'line': b'-- Up-to-date: /home/wei/fire_scout_ws/install/px4_msgs/include/px4_msgs/px4_msgs/msg/detail/home_position__type_support.c\n'}
[1.092334] (px4_msgs) StdoutLine: {'line': b'-- Up-to-date: /home/wei/fire_scout_ws/install/px4_msgs/include/px4_msgs/px4_msgs/msg/detail/gimbal_manager_set_manual_control__rosidl_typesupport_introspection_c.h\n'}
[1.092370] (px4_msgs) StdoutLine: {'line': b'-- Up-to-date: /home/wei/fire_scout_ws/install/px4_msgs/include/px4_msgs/px4_msgs/msg/detail/estimator_aid_source1d__type_support.c\n'}
[1.092411] (px4_msgs) StdoutLine: {'line': b'-- Up-to-date: /home/wei/fire_scout_ws/install/px4_msgs/include/px4_msgs/px4_msgs/msg/detail/qshell_retval__type_support.c\n'}
[1.092448] (px4_msgs) StdoutLine: {'line': b'-- Up-to-date: /home/wei/fire_scout_ws/install/px4_msgs/include/px4_msgs/px4_msgs/msg/detail/gimbal_manager_set_attitude__rosidl_typesupport_introspection_c.h\n'}
[1.092505] (px4_msgs) StdoutLine: {'line': b'-- Up-to-date: /home/wei/fire_scout_ws/install/px4_msgs/include/px4_msgs/px4_msgs/msg/detail/gimbal_device_information__rosidl_typesupport_introspection_c.h\n'}
[1.092548] (px4_msgs) StdoutLine: {'line': b'-- Up-to-date: /home/wei/fire_scout_ws/install/px4_msgs/include/px4_msgs/px4_msgs/msg/detail/sensor_airflow__type_support.c\n'}
[1.092584] (px4_msgs) StdoutLine: {'line': b'-- Up-to-date: /home/wei/fire_scout_ws/install/px4_msgs/include/px4_msgs/px4_msgs/msg/detail/follow_target_status__type_support.c\n'}
[1.092620] (px4_msgs) StdoutLine: {'line': b'-- Up-to-date: /home/wei/fire_scout_ws/install/px4_msgs/include/px4_msgs/px4_msgs/msg/detail/rover_speed_setpoint__type_support.c\n'}
[1.092654] (px4_msgs) StdoutLine: {'line': b'-- Up-to-date: /home/wei/fire_scout_ws/install/px4_msgs/include/px4_msgs/px4_msgs/msg/detail/unregister_ext_component__rosidl_typesupport_introspection_c.h\n'}
[1.092688] (px4_msgs) StdoutLine: {'line': b'-- Up-to-date: /home/wei/fire_scout_ws/install/px4_msgs/include/px4_msgs/px4_msgs/msg/detail/actuator_armed__rosidl_typesupport_introspection_c.h\n'}
[1.092739] (px4_msgs) StdoutLine: {'line': b'-- Up-to-date: /home/wei/fire_scout_ws/install/px4_msgs/include/px4_msgs/px4_msgs/msg/detail/dronecan_node_status__type_support.c\n'}
[1.092771] (px4_msgs) StdoutLine: {'line': b'-- Up-to-date: /home/wei/fire_scout_ws/install/px4_msgs/include/px4_msgs/px4_msgs/msg/detail/battery_info__rosidl_typesupport_introspection_c.h\n'}
[1.092804] (px4_msgs) StdoutLine: {'line': b'-- Up-to-date: /home/wei/fire_scout_ws/install/px4_msgs/include/px4_msgs/px4_msgs/msg/detail/sensor_combined__rosidl_typesupport_introspection_c.h\n'}
[1.092835] (px4_msgs) StdoutLine: {'line': b'-- Up-to-date: /home/wei/fire_scout_ws/install/px4_msgs/include/px4_msgs/px4_msgs/msg/detail/vehicle_local_position_setpoint__type_support.c\n'}
[1.092867] (px4_msgs) StdoutLine: {'line': b'-- Up-to-date: /home/wei/fire_scout_ws/install/px4_msgs/include/px4_msgs/px4_msgs/msg/detail/debug_value__rosidl_typesupport_introspection_c.h\n'}
[1.092898] (px4_msgs) StdoutLine: {'line': b'-- Up-to-date: /home/wei/fire_scout_ws/install/px4_msgs/include/px4_msgs/px4_msgs/msg/detail/system_power__type_support.c\n'}
[1.092929] (px4_msgs) StdoutLine: {'line': b'-- Up-to-date: /home/wei/fire_scout_ws/install/px4_msgs/include/px4_msgs/px4_msgs/msg/detail/pps_capture__rosidl_typesupport_introspection_c.h\n'}
[1.092961] (px4_msgs) StdoutLine: {'line': b'-- Up-to-date: /home/wei/fire_scout_ws/install/px4_msgs/include/px4_msgs/px4_msgs/msg/detail/vehicle_air_data__rosidl_typesupport_introspection_c.h\n'}
[1.092992] (px4_msgs) StdoutLine: {'line': b'-- Up-to-date: /home/wei/fire_scout_ws/install/px4_msgs/include/px4_msgs/px4_msgs/msg/detail/longitudinal_control_configuration__type_support.c\n'}
[1.095131] (px4_msgs) StdoutLine: {'line': b'-- Up-to-date: /home/wei/fire_scout_ws/install/px4_msgs/include/px4_msgs/px4_msgs/msg/detail/position_setpoint__rosidl_typesupport_introspection_c.h\n'}
[1.095216] (px4_msgs) StdoutLine: {'line': b'-- Up-to-date: /home/wei/fire_scout_ws/install/px4_msgs/include/px4_msgs/px4_msgs/msg/detail/parameter_update__type_support.c\n'}
[1.095254] (px4_msgs) StdoutLine: {'line': b'-- Up-to-date: /home/wei/fire_scout_ws/install/px4_msgs/include/px4_msgs/px4_msgs/msg/detail/vehicle_air_data__type_support.c\n'}
[1.095298] (px4_msgs) StdoutLine: {'line': b'-- Up-to-date: /home/wei/fire_scout_ws/install/px4_msgs/include/px4_msgs/px4_msgs/msg/detail/arming_check_reply__rosidl_typesupport_introspection_c.h\n'}
[1.095332] (px4_msgs) StdoutLine: {'line': b'-- Up-to-date: /home/wei/fire_scout_ws/install/px4_msgs/include/px4_msgs/px4_msgs/msg/detail/gpio_in__rosidl_typesupport_introspection_c.h\n'}
[1.095368] (px4_msgs) StdoutLine: {'line': b'-- Up-to-date: /home/wei/fire_scout_ws/install/px4_msgs/include/px4_msgs/px4_msgs/msg/detail/radio_status__rosidl_typesupport_introspection_c.h\n'}
[1.095402] (px4_msgs) StdoutLine: {'line': b'-- Up-to-date: /home/wei/fire_scout_ws/install/px4_msgs/include/px4_msgs/px4_msgs/msg/detail/config_overrides__type_support.c\n'}
[1.095437] (px4_msgs) StdoutLine: {'line': b'-- Up-to-date: /home/wei/fire_scout_ws/install/px4_msgs/include/px4_msgs/px4_msgs/msg/detail/vehicle_local_position__rosidl_typesupport_introspection_c.h\n'}
[1.095471] (px4_msgs) StdoutLine: {'line': b'-- Up-to-date: /home/wei/fire_scout_ws/install/px4_msgs/include/px4_msgs/px4_msgs/msg/detail/offboard_control_mode__rosidl_typesupport_introspection_c.h\n'}
[1.095504] (px4_msgs) StdoutLine: {'line': b'-- Up-to-date: /home/wei/fire_scout_ws/install/px4_msgs/include/px4_msgs/px4_msgs/msg/detail/telemetry_status__rosidl_typesupport_introspection_c.h\n'}
[1.095552] (px4_msgs) StdoutLine: {'line': b'-- Up-to-date: /home/wei/fire_scout_ws/install/px4_msgs/include/px4_msgs/px4_msgs/msg/detail/sensor_mag__type_support.c\n'}
[1.095586] (px4_msgs) StdoutLine: {'line': b'-- Up-to-date: /home/wei/fire_scout_ws/install/px4_msgs/include/px4_msgs/px4_msgs/msg/detail/transponder_report__rosidl_typesupport_introspection_c.h\n'}
[1.095620] (px4_msgs) StdoutLine: {'line': b'-- Up-to-date: /home/wei/fire_scout_ws/install/px4_msgs/include/px4_msgs/px4_msgs/msg/detail/fixed_wing_lateral_status__type_support.c\n'}
[1.095655] (px4_msgs) StdoutLine: {'line': b'-- Up-to-date: /home/wei/fire_scout_ws/install/px4_msgs/include/px4_msgs/px4_msgs/msg/detail/arming_check_reply__type_support.c\n'}
[1.095691] (px4_msgs) StdoutLine: {'line': b'-- Up-to-date: /home/wei/fire_scout_ws/install/px4_msgs/include/px4_msgs/px4_msgs/msg/detail/sensors_status_imu__type_support.c\n'}
[1.095723] (px4_msgs) StdoutLine: {'line': b'-- Up-to-date: /home/wei/fire_scout_ws/install/px4_msgs/include/px4_msgs/px4_msgs/msg/detail/wheel_encoders__type_support.c\n'}
[1.095760] (px4_msgs) StdoutLine: {'line': b'-- Up-to-date: /home/wei/fire_scout_ws/install/px4_msgs/include/px4_msgs/px4_msgs/msg/detail/sensor_gnss_status__rosidl_typesupport_introspection_c.h\n'}
[1.095793] (px4_msgs) StdoutLine: {'line': b'-- Up-to-date: /home/wei/fire_scout_ws/install/px4_msgs/include/px4_msgs/px4_msgs/msg/detail/actuator_controls_status__rosidl_typesupport_introspection_c.h\n'}
[1.095826] (px4_msgs) StdoutLine: {'line': b'-- Up-to-date: /home/wei/fire_scout_ws/install/px4_msgs/include/px4_msgs/px4_msgs/msg/detail/debug_value__type_support.c\n'}
[1.095859] (px4_msgs) StdoutLine: {'line': b'-- Up-to-date: /home/wei/fire_scout_ws/install/px4_msgs/include/px4_msgs/px4_msgs/msg/detail/ulog_stream_ack__type_support.c\n'}
[1.095957] (px4_msgs) StdoutLine: {'line': b'-- Up-to-date: /home/wei/fire_scout_ws/install/px4_msgs/include/px4_msgs/px4_msgs/msg/detail/fixed_wing_runway_control__type_support.c\n'}
[1.095990] (px4_msgs) StdoutLine: {'line': b'-- Up-to-date: /home/wei/fire_scout_ws/install/px4_msgs/include/px4_msgs/px4_msgs/msg/detail/debug_key_value__rosidl_typesupport_introspection_c.h\n'}
[1.096026] (px4_msgs) StdoutLine: {'line': b'-- Up-to-date: /home/wei/fire_scout_ws/install/px4_msgs/include/px4_msgs/px4_msgs/msg/detail/position_controller_landing_status__type_support.c\n'}
[1.096062] (px4_msgs) StdoutLine: {'line': b'-- Up-to-date: /home/wei/fire_scout_ws/install/px4_msgs/include/px4_msgs/px4_msgs/msg/detail/vehicle_roi__type_support.c\n'}
[1.096105] (px4_msgs) StdoutLine: {'line': b'-- Up-to-date: /home/wei/fire_scout_ws/install/px4_msgs/include/px4_msgs/px4_msgs/msg/detail/rover_rate_status__rosidl_typesupport_introspection_c.h\n'}
[1.096136] (px4_msgs) StdoutLine: {'line': b'-- Up-to-date: /home/wei/fire_scout_ws/install/px4_msgs/include/px4_msgs/px4_msgs/msg/detail/sensor_gps__rosidl_typesupport_introspection_c.h\n'}
[1.096167] (px4_msgs) StdoutLine: {'line': b'-- Up-to-date: /home/wei/fire_scout_ws/install/px4_msgs/include/px4_msgs/px4_msgs/msg/detail/rpm__type_support.c\n'}
[1.096199] (px4_msgs) StdoutLine: {'line': b'-- Up-to-date: /home/wei/fire_scout_ws/install/px4_msgs/include/px4_msgs/px4_msgs/msg/detail/rover_attitude_setpoint__rosidl_typesupport_introspection_c.h\n'}
[1.096253] (px4_msgs) StdoutLine: {'line': b'-- Up-to-date: /home/wei/fire_scout_ws/install/px4_msgs/include/px4_msgs/px4_msgs/msg/detail/rover_throttle_setpoint__type_support.c\n'}
[1.096298] (px4_msgs) StdoutLine: {'line': b'-- Up-to-date: /home/wei/fire_scout_ws/install/px4_msgs/include/px4_msgs/px4_msgs/msg/detail/rover_position_setpoint__type_support.c\n'}
[1.096332] (px4_msgs) StdoutLine: {'line': b'-- Up-to-date: /home/wei/fire_scout_ws/install/px4_msgs/include/px4_msgs/px4_msgs/msg/detail/landing_gear_wheel__type_support.c\n'}
[1.096370] (px4_msgs) StdoutLine: {'line': b'-- Up-to-date: /home/wei/fire_scout_ws/install/px4_msgs/include/px4_msgs/px4_msgs/msg/detail/airspeed__type_support.c\n'}
[1.096411] (px4_msgs) StdoutLine: {'line': b'-- Up-to-date: /home/wei/fire_scout_ws/install/px4_msgs/include/px4_msgs/px4_msgs/msg/detail/lateral_control_configuration__rosidl_typesupport_introspection_c.h\n'}
[1.096447] (px4_msgs) StdoutLine: {'line': b'-- Up-to-date: /home/wei/fire_scout_ws/install/px4_msgs/include/px4_msgs/px4_msgs/msg/detail/mag_worker_data__rosidl_typesupport_introspection_c.h\n'}
[1.096483] (px4_msgs) StdoutLine: {'line': b'-- Up-to-date: /home/wei/fire_scout_ws/install/px4_msgs/include/px4_msgs/px4_msgs/msg/detail/debug_vect__rosidl_typesupport_introspection_c.h\n'}
[1.096519] (px4_msgs) StdoutLine: {'line': b'-- Up-to-date: /home/wei/fire_scout_ws/install/px4_msgs/include/px4_msgs/px4_msgs/msg/detail/hover_thrust_estimate__rosidl_typesupport_introspection_c.h\n'}
[1.096554] (px4_msgs) StdoutLine: {'line': b'-- Up-to-date: /home/wei/fire_scout_ws/install/px4_msgs/include/px4_msgs/px4_msgs/msg/detail/rate_ctrl_status__rosidl_typesupport_introspection_c.h\n'}
[1.096589] (px4_msgs) StdoutLine: {'line': b'-- Up-to-date: /home/wei/fire_scout_ws/install/px4_msgs/include/px4_msgs/px4_msgs/msg/detail/fixed_wing_runway_control__rosidl_typesupport_introspection_c.h\n'}
[1.096632] (px4_msgs) StdoutLine: {'line': b'-- Up-to-date: /home/wei/fire_scout_ws/install/px4_msgs/include/px4_msgs/px4_msgs/msg/detail/health_report__rosidl_typesupport_introspection_c.h\n'}
[1.096677] (px4_msgs) StdoutLine: {'line': b'-- Up-to-date: /home/wei/fire_scout_ws/install/px4_msgs/include/px4_msgs/px4_msgs/msg/detail/orbit_status__type_support.c\n'}
[1.096714] (px4_msgs) StdoutLine: {'line': b'-- Up-to-date: /home/wei/fire_scout_ws/install/px4_msgs/include/px4_msgs/px4_msgs/msg/detail/orb_test__type_support.c\n'}
[1.096749] (px4_msgs) StdoutLine: {'line': b'-- Up-to-date: /home/wei/fire_scout_ws/install/px4_msgs/include/px4_msgs/px4_msgs/msg/detail/estimator_sensor_bias__rosidl_typesupport_introspection_c.h\n'}
[1.096779] (px4_msgs) StdoutLine: {'line': b'-- Up-to-date: /home/wei/fire_scout_ws/install/px4_msgs/include/px4_msgs/px4_msgs/msg/detail/power_monitor__type_support.c\n'}
[1.096809] (px4_msgs) StdoutLine: {'line': b'-- Up-to-date: /home/wei/fire_scout_ws/install/px4_msgs/include/px4_msgs/px4_msgs/msg/detail/parameter_set_value_response__rosidl_typesupport_introspection_c.h\n'}
[1.096845] (px4_msgs) StdoutLine: {'line': b'-- Up-to-date: /home/wei/fire_scout_ws/install/px4_msgs/include/px4_msgs/px4_msgs/msg/detail/takeoff_status__rosidl_typesupport_introspection_c.h\n'}
[1.096881] (px4_msgs) StdoutLine: {'line': b'-- Up-to-date: /home/wei/fire_scout_ws/install/px4_msgs/include/px4_msgs/px4_msgs/msg/detail/vehicle_attitude_setpoint__type_support.c\n'}
[1.096910] (px4_msgs) StdoutLine: {'line': b'-- Up-to-date: /home/wei/fire_scout_ws/install/px4_msgs/include/px4_msgs/px4_msgs/msg/detail/control_allocator_status__rosidl_typesupport_introspection_c.h\n'}
[1.096941] (px4_msgs) StdoutLine: {'line': b'-- Up-to-date: /home/wei/fire_scout_ws/install/px4_msgs/include/px4_msgs/px4_msgs/msg/detail/airspeed_validated__type_support.c\n'}
[1.096972] (px4_msgs) StdoutLine: {'line': b'-- Up-to-date: /home/wei/fire_scout_ws/install/px4_msgs/include/px4_msgs/px4_msgs/msg/detail/autotune_attitude_control_status__type_support.c\n'}
[1.097027] (px4_msgs) StdoutLine: {'line': b'-- Up-to-date: /home/wei/fire_scout_ws/install/px4_msgs/include/px4_msgs/px4_msgs/msg/detail/parameter_set_used_request__rosidl_typesupport_introspection_c.h\n'}
[1.097058] (px4_msgs) StdoutLine: {'line': b'-- Up-to-date: /home/wei/fire_scout_ws/install/px4_msgs/include/px4_msgs/px4_msgs/msg/detail/mission_result__type_support.c\n'}
[1.097091] (px4_msgs) StdoutLine: {'line': b'-- Up-to-date: /home/wei/fire_scout_ws/install/px4_msgs/include/px4_msgs/px4_msgs/msg/detail/vehicle_optical_flow__type_support.c\n'}
[1.097122] (px4_msgs) StdoutLine: {'line': b'-- Up-to-date: /home/wei/fire_scout_ws/install/px4_msgs/include/px4_msgs/px4_msgs/msg/detail/debug_array__rosidl_typesupport_introspection_c.h\n'}
[1.097155] (px4_msgs) StdoutLine: {'line': b'-- Up-to-date: /home/wei/fire_scout_ws/install/px4_msgs/include/px4_msgs/px4_msgs/msg/detail/rover_attitude_status__rosidl_typesupport_introspection_c.h\n'}
[1.097198] (px4_msgs) StdoutLine: {'line': b'-- Up-to-date: /home/wei/fire_scout_ws/install/px4_msgs/include/px4_msgs/px4_msgs/msg/detail/vehicle_land_detected__type_support.c\n'}
[1.097230] (px4_msgs) StdoutLine: {'line': b'-- Up-to-date: /home/wei/fire_scout_ws/install/px4_msgs/include/px4_msgs/px4_msgs/msg/detail/vehicle_imu_status__rosidl_typesupport_introspection_c.h\n'}
[1.097263] (px4_msgs) StdoutLine: {'line': b'-- Up-to-date: /home/wei/fire_scout_ws/install/px4_msgs/include/px4_msgs/px4_msgs/msg/detail/dataman_response__rosidl_typesupport_introspection_c.h\n'}
[1.097294] (px4_msgs) StdoutLine: {'line': b'-- Up-to-date: /home/wei/fire_scout_ws/install/px4_msgs/include/px4_msgs/px4_msgs/msg/detail/vehicle_imu_status__type_support.c\n'}
[1.097327] (px4_msgs) StdoutLine: {'line': b'-- Up-to-date: /home/wei/fire_scout_ws/install/px4_msgs/include/px4_msgs/px4_msgs/msg/detail/message_format_response__type_support.c\n'}
[1.097359] (px4_msgs) StdoutLine: {'line': b'-- Up-to-date: /home/wei/fire_scout_ws/install/px4_msgs/include/px4_msgs/px4_msgs/msg/detail/landing_target_innovations__rosidl_typesupport_introspection_c.h\n'}
[1.097407] (px4_msgs) StdoutLine: {'line': b'-- Up-to-date: /home/wei/fire_scout_ws/install/px4_msgs/include/px4_msgs/px4_msgs/msg/detail/camera_status__rosidl_typesupport_introspection_c.h\n'}
[1.097440] (px4_msgs) StdoutLine: {'line': b'-- Up-to-date: /home/wei/fire_scout_ws/install/px4_msgs/include/px4_msgs/px4_msgs/msg/detail/debug_vect__type_support.c\n'}
[1.097473] (px4_msgs) StdoutLine: {'line': b'-- Up-to-date: /home/wei/fire_scout_ws/install/px4_msgs/include/px4_msgs/px4_msgs/msg/detail/camera_trigger__type_support.c\n'}
[1.097507] (px4_msgs) StdoutLine: {'line': b'-- Up-to-date: /home/wei/fire_scout_ws/install/px4_msgs/include/px4_msgs/px4_msgs/msg/detail/rc_channels__type_support.c\n'}
[1.097545] (px4_msgs) StdoutLine: {'line': b'-- Up-to-date: /home/wei/fire_scout_ws/install/px4_msgs/include/px4_msgs/px4_msgs/msg/detail/vehicle_torque_setpoint__rosidl_typesupport_introspection_c.h\n'}
[1.097578] (px4_msgs) StdoutLine: {'line': b'-- Up-to-date: /home/wei/fire_scout_ws/install/px4_msgs/include/px4_msgs/px4_msgs/msg/detail/manual_control_switches__rosidl_typesupport_introspection_c.h\n'}
[1.097637] (px4_msgs) StdoutLine: {'line': b'-- Up-to-date: /home/wei/fire_scout_ws/install/px4_msgs/include/px4_msgs/px4_msgs/msg/detail/sensor_selection__rosidl_typesupport_introspection_c.h\n'}
[1.097669] (px4_msgs) StdoutLine: {'line': b'-- Up-to-date: /home/wei/fire_scout_ws/install/px4_msgs/include/px4_msgs/px4_msgs/msg/detail/led_control__type_support.c\n'}
[1.097700] (px4_msgs) StdoutLine: {'line': b'-- Up-to-date: /home/wei/fire_scout_ws/install/px4_msgs/include/px4_msgs/px4_msgs/msg/detail/register_ext_component_request__rosidl_typesupport_introspection_c.h\n'}
[1.097732] (px4_msgs) StdoutLine: {'line': b'-- Up-to-date: /home/wei/fire_scout_ws/install/px4_msgs/include/px4_msgs/px4_msgs/msg/detail/sensor_gyro_fft__type_support.c\n'}
[1.097764] (px4_msgs) StdoutLine: {'line': b'-- Up-to-date: /home/wei/fire_scout_ws/install/px4_msgs/include/px4_msgs/px4_msgs/msg/detail/gripper__rosidl_typesupport_introspection_c.h\n'}
[1.097796] (px4_msgs) StdoutLine: {'line': b'-- Up-to-date: /home/wei/fire_scout_ws/install/px4_msgs/include/px4_msgs/px4_msgs/msg/detail/parameter_reset_request__rosidl_typesupport_introspection_c.h\n'}
[1.097829] (px4_msgs) StdoutLine: {'line': b'-- Up-to-date: /home/wei/fire_scout_ws/install/px4_msgs/include/px4_msgs/px4_msgs/msg/detail/ulog_stream__type_support.c\n'}
[1.097859] (px4_msgs) StdoutLine: {'line': b'-- Up-to-date: /home/wei/fire_scout_ws/install/px4_msgs/include/px4_msgs/px4_msgs/msg/detail/tiltrotor_extra_controls__rosidl_typesupport_introspection_c.h\n'}
[1.097894] (px4_msgs) StdoutLine: {'line': b'-- Up-to-date: /home/wei/fire_scout_ws/install/px4_msgs/include/px4_msgs/px4_msgs/msg/detail/can_interface_status__rosidl_typesupport_introspection_c.h\n'}
[1.097926] (px4_msgs) StdoutLine: {'line': b'-- Up-to-date: /home/wei/fire_scout_ws/install/px4_msgs/include/px4_msgs/px4_msgs/msg/detail/tune_control__type_support.c\n'}
[1.097967] (px4_msgs) StdoutLine: {'line': b'-- Up-to-date: /home/wei/fire_scout_ws/install/px4_msgs/include/px4_msgs/px4_msgs/msg/detail/gimbal_manager_status__rosidl_typesupport_introspection_c.h\n'}
[1.098000] (px4_msgs) StdoutLine: {'line': b'-- Up-to-date: /home/wei/fire_scout_ws/install/px4_msgs/include/px4_msgs/px4_msgs/msg/detail/trajectory_setpoint__rosidl_typesupport_introspection_c.h\n'}
[1.098033] (px4_msgs) StdoutLine: {'line': b'-- Up-to-date: /home/wei/fire_scout_ws/install/px4_msgs/include/px4_msgs/px4_msgs/msg/detail/estimator_bias__type_support.c\n'}
[1.098063] (px4_msgs) StdoutLine: {'line': b'-- Up-to-date: /home/wei/fire_scout_ws/install/px4_msgs/include/px4_msgs/px4_msgs/msg/detail/manual_control_switches__type_support.c\n'}
[1.098095] (px4_msgs) StdoutLine: {'line': b'-- Up-to-date: /home/wei/fire_scout_ws/install/px4_msgs/include/px4_msgs/px4_msgs/msg/detail/actuator_test__rosidl_typesupport_introspection_c.h\n'}
[1.098126] (px4_msgs) StdoutLine: {'line': b'-- Up-to-date: /home/wei/fire_scout_ws/install/px4_msgs/include/px4_msgs/px4_msgs/msg/detail/mode_completed__rosidl_typesupport_introspection_c.h\n'}
[1.098169] (px4_msgs) StdoutLine: {'line': b'-- Up-to-date: /home/wei/fire_scout_ws/install/px4_msgs/include/px4_msgs/px4_msgs/msg/detail/position_setpoint_triplet__type_support.c\n'}
[1.098200] (px4_msgs) StdoutLine: {'line': b'-- Up-to-date: /home/wei/fire_scout_ws/install/px4_msgs/include/px4_msgs/px4_msgs/msg/detail/ulog_stream_ack__rosidl_typesupport_introspection_c.h\n'}
[1.098231] (px4_msgs) StdoutLine: {'line': b'-- Up-to-date: /home/wei/fire_scout_ws/install/px4_msgs/include/px4_msgs/px4_msgs/msg/detail/rover_attitude_status__type_support.c\n'}
[1.098262] (px4_msgs) StdoutLine: {'line': b'-- Up-to-date: /home/wei/fire_scout_ws/install/px4_msgs/include/px4_msgs/px4_msgs/msg/detail/rover_speed_setpoint__rosidl_typesupport_introspection_c.h\n'}
[1.098293] (px4_msgs) StdoutLine: {'line': b'-- Up-to-date: /home/wei/fire_scout_ws/install/px4_msgs/include/px4_msgs/px4_msgs/msg/detail/mavlink_tunnel__type_support.c\n'}
[1.098326] (px4_msgs) StdoutLine: {'line': b'-- Up-to-date: /home/wei/fire_scout_ws/install/px4_msgs/include/px4_msgs/px4_msgs/msg/detail/actuator_motors__rosidl_typesupport_introspection_c.h\n'}
[1.098373] (px4_msgs) StdoutLine: {'line': b'-- Up-to-date: /home/wei/fire_scout_ws/install/px4_msgs/include/px4_msgs/px4_msgs/msg/detail/vehicle_status__type_support.c\n'}
[1.098408] (px4_msgs) StdoutLine: {'line': b'-- Up-to-date: /home/wei/fire_scout_ws/install/px4_msgs/include/px4_msgs/px4_msgs/msg/detail/sensor_uwb__type_support.c\n'}
[1.098441] (px4_msgs) StdoutLine: {'line': b'-- Up-to-date: /home/wei/fire_scout_ws/install/px4_msgs/include/px4_msgs/px4_msgs/msg/detail/estimator_aid_source3d__rosidl_typesupport_introspection_c.h\n'}
[1.098476] (px4_msgs) StdoutLine: {'line': b'-- Up-to-date: /home/wei/fire_scout_ws/install/px4_msgs/include/px4_msgs/px4_msgs/msg/detail/failure_detector_status__type_support.c\n'}
[1.098512] (px4_msgs) StdoutLine: {'line': b'-- Up-to-date: /home/wei/fire_scout_ws/install/px4_msgs/include/px4_msgs/px4_msgs/msg/detail/sensor_accel_fifo__type_support.c\n'}
[1.098552] (px4_msgs) StdoutLine: {'line': b'-- Up-to-date: /home/wei/fire_scout_ws/install/px4_msgs/include/px4_msgs/px4_msgs/msg/detail/manual_control_setpoint__rosidl_typesupport_introspection_c.h\n'}
[1.098607] (px4_msgs) StdoutLine: {'line': b'-- Up-to-date: /home/wei/fire_scout_ws/install/px4_msgs/include/px4_msgs/px4_msgs/msg/detail/vehicle_imu__rosidl_typesupport_introspection_c.h\n'}
[1.098644] (px4_msgs) StdoutLine: {'line': b'-- Up-to-date: /home/wei/fire_scout_ws/install/px4_msgs/include/px4_msgs/px4_msgs/msg/detail/message_format_request__rosidl_typesupport_introspection_c.h\n'}
[1.098678] (px4_msgs) StdoutLine: {'line': b'-- Up-to-date: /home/wei/fire_scout_ws/install/px4_msgs/include/px4_msgs/px4_msgs/msg/detail/gps_inject_data__rosidl_typesupport_introspection_c.h\n'}
[1.098713] (px4_msgs) StdoutLine: {'line': b'-- Up-to-date: /home/wei/fire_scout_ws/install/px4_msgs/include/px4_msgs/px4_msgs/msg/detail/task_stack_info__type_support.c\n'}
[1.098750] (px4_msgs) StdoutLine: {'line': b'-- Up-to-date: /home/wei/fire_scout_ws/install/px4_msgs/include/px4_msgs/px4_msgs/msg/detail/estimator_sensor_bias__type_support.c\n'}
[1.098784] (px4_msgs) StdoutLine: {'line': b'-- Up-to-date: /home/wei/fire_scout_ws/install/px4_msgs/include/px4_msgs/px4_msgs/msg/detail/power_button_state__rosidl_typesupport_introspection_c.h\n'}
[1.098817] (px4_msgs) StdoutLine: {'line': b'-- Up-to-date: /home/wei/fire_scout_ws/install/px4_msgs/include/px4_msgs/px4_msgs/msg/detail/estimator_aid_source3d__type_support.c\n'}
[1.098854] (px4_msgs) StdoutLine: {'line': b'-- Up-to-date: /home/wei/fire_scout_ws/install/px4_msgs/include/px4_msgs/px4_msgs/msg/detail/system_power__rosidl_typesupport_introspection_c.h\n'}
[1.098887] (px4_msgs) StdoutLine: {'line': b'-- Up-to-date: /home/wei/fire_scout_ws/install/px4_msgs/include/px4_msgs/px4_msgs/msg/detail/gps_dump__rosidl_typesupport_introspection_c.h\n'}
[1.098919] (px4_msgs) StdoutLine: {'line': b'-- Up-to-date: /home/wei/fire_scout_ws/install/px4_msgs/include/px4_msgs/px4_msgs/msg/detail/generator_status__type_support.c\n'}
[1.098972] (px4_msgs) StdoutLine: {'line': b'-- Up-to-date: /home/wei/fire_scout_ws/install/px4_msgs/include/px4_msgs/px4_msgs/msg/detail/manual_control_setpoint__type_support.c\n'}
[1.099004] (px4_msgs) StdoutLine: {'line': b'-- Up-to-date: /home/wei/fire_scout_ws/install/px4_msgs/include/px4_msgs/px4_msgs/msg/detail/rover_position_setpoint__rosidl_typesupport_introspection_c.h\n'}
[1.099034] (px4_msgs) StdoutLine: {'line': b'-- Up-to-date: /home/wei/fire_scout_ws/install/px4_msgs/include/px4_msgs/px4_msgs/msg/detail/obstacle_distance__type_support.c\n'}
[1.099066] (px4_msgs) StdoutLine: {'line': b'-- Up-to-date: /home/wei/fire_scout_ws/install/px4_msgs/include/px4_msgs/px4_msgs/msg/detail/rover_rate_setpoint__rosidl_typesupport_introspection_c.h\n'}
[1.099097] (px4_msgs) StdoutLine: {'line': b'-- Up-to-date: /home/wei/fire_scout_ws/install/px4_msgs/include/px4_msgs/px4_msgs/msg/detail/parameter_set_value_request__rosidl_typesupport_introspection_c.h\n'}
[1.099134] (px4_msgs) StdoutLine: {'line': b'-- Up-to-date: /home/wei/fire_scout_ws/install/px4_msgs/include/px4_msgs/px4_msgs/msg/detail/vehicle_angular_velocity__type_support.c\n'}
[1.099169] (px4_msgs) StdoutLine: {'line': b'-- Up-to-date: /home/wei/fire_scout_ws/install/px4_msgs/include/px4_msgs/px4_msgs/msg/detail/navigator_status__type_support.c\n'}
[1.099216] (px4_msgs) StdoutLine: {'line': b'-- Up-to-date: /home/wei/fire_scout_ws/install/px4_msgs/include/px4_msgs/px4_msgs/msg/detail/launch_detection_status__rosidl_typesupport_introspection_c.h\n'}
[1.099248] (px4_msgs) StdoutLine: {'line': b'-- Up-to-date: /home/wei/fire_scout_ws/install/px4_msgs/include/px4_msgs/px4_msgs/msg/detail/fixed_wing_lateral_status__rosidl_typesupport_introspection_c.h\n'}
[1.099279] (px4_msgs) StdoutLine: {'line': b'-- Up-to-date: /home/wei/fire_scout_ws/install/px4_msgs/include/px4_msgs/px4_msgs/msg/detail/follow_target_estimator__rosidl_typesupport_introspection_c.h\n'}
[1.099311] (px4_msgs) StdoutLine: {'line': b'-- Up-to-date: /home/wei/fire_scout_ws/install/px4_msgs/include/px4_msgs/px4_msgs/msg/detail/position_setpoint__type_support.c\n'}
[1.099354] (px4_msgs) StdoutLine: {'line': b'-- Up-to-date: /home/wei/fire_scout_ws/install/px4_msgs/include/px4_msgs/px4_msgs/msg/detail/radio_status__type_support.c\n'}
[1.099390] (px4_msgs) StdoutLine: {'line': b'-- Up-to-date: /home/wei/fire_scout_ws/install/px4_msgs/include/px4_msgs/px4_msgs/msg/detail/distance_sensor__rosidl_typesupport_introspection_c.h\n'}
[1.099421] (px4_msgs) StdoutLine: {'line': b'-- Up-to-date: /home/wei/fire_scout_ws/install/px4_msgs/include/px4_msgs/px4_msgs/msg/detail/yaw_estimator_status__rosidl_typesupport_introspection_c.h\n'}
[1.099452] (px4_msgs) StdoutLine: {'line': b'-- Up-to-date: /home/wei/fire_scout_ws/install/px4_msgs/include/px4_msgs/px4_msgs/msg/detail/arming_check_request__type_support.c\n'}
[1.099484] (px4_msgs) StdoutLine: {'line': b'-- Up-to-date: /home/wei/fire_scout_ws/install/px4_msgs/include/px4_msgs/px4_msgs/msg/detail/sensor_airflow__rosidl_typesupport_introspection_c.h\n'}
[1.099518] (px4_msgs) StdoutLine: {'line': b'-- Up-to-date: /home/wei/fire_scout_ws/install/px4_msgs/include/px4_msgs/px4_msgs/msg/detail/follow_target_status__rosidl_typesupport_introspection_c.h\n'}
[1.099555] (px4_msgs) StdoutLine: {'line': b'-- Up-to-date: /home/wei/fire_scout_ws/install/px4_msgs/include/px4_msgs/px4_msgs/msg/detail/orb_test_large__type_support.c\n'}
[1.099603] (px4_msgs) StdoutLine: {'line': b'-- Up-to-date: /home/wei/fire_scout_ws/install/px4_msgs/include/px4_msgs/px4_msgs/msg/detail/mission__rosidl_typesupport_introspection_c.h\n'}
[1.099636] (px4_msgs) StdoutLine: {'line': b'-- Up-to-date: /home/wei/fire_scout_ws/install/px4_msgs/include/px4_msgs/px4_msgs/msg/detail/irlock_report__type_support.c\n'}
[1.099668] (px4_msgs) StdoutLine: {'line': b'-- Up-to-date: /home/wei/fire_scout_ws/install/px4_msgs/include/px4_msgs/px4_msgs/msg/detail/collision_constraints__rosidl_typesupport_introspection_c.h\n'}
[1.099699] (px4_msgs) StdoutLine: {'line': b'-- Up-to-date: /home/wei/fire_scout_ws/install/px4_msgs/include/px4_msgs/px4_msgs/msg/detail/parameter_reset_request__type_support.c\n'}
[1.099730] (px4_msgs) StdoutLine: {'line': b'-- Up-to-date: /home/wei/fire_scout_ws/install/px4_msgs/include/px4_msgs/px4_msgs/msg/detail/trajectory_setpoint__type_support.c\n'}
[1.099766] (px4_msgs) StdoutLine: {'line': b'-- Up-to-date: /home/wei/fire_scout_ws/install/px4_msgs/include/px4_msgs/px4_msgs/msg/detail/vehicle_odometry__type_support.c\n'}
[1.099798] (px4_msgs) StdoutLine: {'line': b'-- Up-to-date: /home/wei/fire_scout_ws/install/px4_msgs/include/px4_msgs/px4_msgs/msg/detail/open_drone_id_arm_status__type_support.c\n'}
[1.099828] (px4_msgs) StdoutLine: {'line': b'-- Up-to-date: /home/wei/fire_scout_ws/install/px4_msgs/include/px4_msgs/px4_msgs/msg/detail/estimator_states__rosidl_typesupport_introspection_c.h\n'}
[1.099858] (px4_msgs) StdoutLine: {'line': b'-- Up-to-date: /home/wei/fire_scout_ws/install/px4_msgs/include/px4_msgs/px4_msgs/msg/detail/vehicle_thrust_setpoint__rosidl_typesupport_introspection_c.h\n'}
[1.099902] (px4_msgs) StdoutLine: {'line': b'-- Up-to-date: /home/wei/fire_scout_ws/install/px4_msgs/include/px4_msgs/px4_msgs/msg/detail/mavlink_log__type_support.c\n'}
[1.099936] (px4_msgs) StdoutLine: {'line': b'-- Up-to-date: /home/wei/fire_scout_ws/install/px4_msgs/include/px4_msgs/px4_msgs/msg/detail/mount_orientation__type_support.c\n'}
[1.099970] (px4_msgs) StdoutLine: {'line': b'-- Up-to-date: /home/wei/fire_scout_ws/install/px4_msgs/include/px4_msgs/px4_msgs/msg/detail/sensor_uwb__rosidl_typesupport_introspection_c.h\n'}
[1.100004] (px4_msgs) StdoutLine: {'line': b'-- Up-to-date: /home/wei/fire_scout_ws/install/px4_msgs/include/px4_msgs/px4_msgs/msg/detail/parameter_set_value_response__type_support.c\n'}
[1.100035] (px4_msgs) StdoutLine: {'line': b'-- Up-to-date: /home/wei/fire_scout_ws/install/px4_msgs/include/px4_msgs/px4_msgs/msg/detail/estimator_selector_status__type_support.c\n'}
[1.100066] (px4_msgs) StdoutLine: {'line': b'-- Up-to-date: /home/wei/fire_scout_ws/install/px4_msgs/include/px4_msgs/px4_msgs/msg/detail/vehicle_optical_flow_vel__rosidl_typesupport_introspection_c.h\n'}
[1.100107] (px4_msgs) StdoutLine: {'line': b'-- Up-to-date: /home/wei/fire_scout_ws/install/px4_msgs/include/px4_msgs/px4_msgs/msg/detail/register_ext_component_reply__type_support.c\n'}
[1.100138] (px4_msgs) StdoutLine: {'line': b'-- Up-to-date: /home/wei/fire_scout_ws/install/px4_msgs/include/px4_msgs/px4_msgs/msg/detail/normalized_unsigned_setpoint__type_support.c\n'}
[1.100168] (px4_msgs) StdoutLine: {'line': b'-- Up-to-date: /home/wei/fire_scout_ws/install/px4_msgs/include/px4_msgs/px4_msgs/msg/detail/log_message__type_support.c\n'}
[1.100197] (px4_msgs) StdoutLine: {'line': b'-- Up-to-date: /home/wei/fire_scout_ws/install/px4_msgs/include/px4_msgs/px4_msgs/msg/detail/position_controller_status__rosidl_typesupport_introspection_c.h\n'}
[1.100227] (px4_msgs) StdoutLine: {'line': b'-- Up-to-date: /home/wei/fire_scout_ws/install/px4_msgs/include/px4_msgs/px4_msgs/msg/detail/gimbal_controls__rosidl_typesupport_introspection_c.h\n'}
[1.100257] (px4_msgs) StdoutLine: {'line': b'-- Up-to-date: /home/wei/fire_scout_ws/install/px4_msgs/include/px4_msgs/px4_msgs/msg/detail/rover_steering_setpoint__rosidl_typesupport_introspection_c.h\n'}
[1.100308] (px4_msgs) StdoutLine: {'line': b'-- Up-to-date: /home/wei/fire_scout_ws/install/px4_msgs/include/px4_msgs/px4_msgs/msg/detail/irlock_report__rosidl_typesupport_introspection_c.h\n'}
[1.100338] (px4_msgs) StdoutLine: {'line': b'-- Up-to-date: /home/wei/fire_scout_ws/install/px4_msgs/include/px4_msgs/px4_msgs/msg/detail/fixed_wing_longitudinal_setpoint__rosidl_typesupport_introspection_c.h\n'}
[1.100373] (px4_msgs) StdoutLine: {'line': b'-- Up-to-date: /home/wei/fire_scout_ws/install/px4_msgs/include/px4_msgs/px4_msgs/msg/detail/failsafe_flags__rosidl_typesupport_introspection_c.h\n'}
[1.100406] (px4_msgs) StdoutLine: {'line': b'-- Up-to-date: /home/wei/fire_scout_ws/install/px4_msgs/include/px4_msgs/px4_msgs/msg/detail/sensor_combined__type_support.c\n'}
[1.100447] (px4_msgs) StdoutLine: {'line': b'-- Up-to-date: /home/wei/fire_scout_ws/install/px4_msgs/include/px4_msgs/px4_msgs/msg/detail/gimbal_controls__type_support.c\n'}
[1.100481] (px4_msgs) StdoutLine: {'line': b'-- Up-to-date: /home/wei/fire_scout_ws/install/px4_msgs/include/px4_msgs/px4_msgs/msg/detail/vehicle_magnetometer__type_support.c\n'}
[1.100527] (px4_msgs) StdoutLine: {'line': b'-- Up-to-date: /home/wei/fire_scout_ws/install/px4_msgs/include/px4_msgs/px4_msgs/msg/detail/airspeed_wind__rosidl_typesupport_introspection_c.h\n'}
[1.100562] (px4_msgs) StdoutLine: {'line': b'-- Up-to-date: /home/wei/fire_scout_ws/install/px4_msgs/include/px4_msgs/px4_msgs/msg/detail/neural_control__type_support.c\n'}
[1.100592] (px4_msgs) StdoutLine: {'line': b'-- Up-to-date: /home/wei/fire_scout_ws/install/px4_msgs/include/px4_msgs/px4_msgs/msg/detail/unregister_ext_component__type_support.c\n'}
[1.100627] (px4_msgs) StdoutLine: {'line': b'-- Up-to-date: /home/wei/fire_scout_ws/install/px4_msgs/include/px4_msgs/px4_msgs/msg/detail/vehicle_local_position__type_support.c\n'}
[1.100661] (px4_msgs) StdoutLine: {'line': b'-- Up-to-date: /home/wei/fire_scout_ws/install/px4_msgs/include/px4_msgs/px4_msgs/msg/detail/health_report__type_support.c\n'}
[1.100692] (px4_msgs) StdoutLine: {'line': b'-- Up-to-date: /home/wei/fire_scout_ws/install/px4_msgs/include/px4_msgs/px4_msgs/msg/detail/vehicle_thrust_setpoint__type_support.c\n'}
[1.100722] (px4_msgs) StdoutLine: {'line': b'-- Up-to-date: /home/wei/fire_scout_ws/install/px4_msgs/include/px4_msgs/px4_msgs/msg/detail/vehicle_optical_flow_vel__type_support.c\n'}
[1.100755] (px4_msgs) StdoutLine: {'line': b'-- Up-to-date: /home/wei/fire_scout_ws/install/px4_msgs/include/px4_msgs/px4_msgs/msg/detail/iridiumsbd_status__rosidl_typesupport_introspection_c.h\n'}
[1.100789] (px4_msgs) StdoutLine: {'line': b'-- Up-to-date: /home/wei/fire_scout_ws/install/px4_msgs/include/px4_msgs/px4_msgs/msg/detail/landing_gear__rosidl_typesupport_introspection_c.h\n'}
[1.100821] (px4_msgs) StdoutLine: {'line': b'-- Up-to-date: /home/wei/fire_scout_ws/install/px4_msgs/include/px4_msgs/px4_msgs/msg/detail/event__type_support.c\n'}
[1.100869] (px4_msgs) StdoutLine: {'line': b'-- Up-to-date: /home/wei/fire_scout_ws/install/px4_msgs/include/px4_msgs/px4_msgs/msg/detail/estimator_bias3d__type_support.c\n'}
[1.100901] (px4_msgs) StdoutLine: {'line': b'-- Up-to-date: /home/wei/fire_scout_ws/install/px4_msgs/include/px4_msgs/px4_msgs/msg/detail/navigator_mission_item__rosidl_typesupport_introspection_c.h\n'}
[1.100934] (px4_msgs) StdoutLine: {'line': b'-- Up-to-date: /home/wei/fire_scout_ws/install/px4_msgs/include/px4_msgs/px4_msgs/msg/detail/vehicle_angular_acceleration_setpoint__type_support.c\n'}
[1.100965] (-) TimerEvent: {}
[1.101030] (px4_msgs) StdoutLine: {'line': b'-- Up-to-date: /home/wei/fire_scout_ws/install/px4_msgs/include/px4_msgs/px4_msgs/msg/detail/normalized_unsigned_setpoint__rosidl_typesupport_introspection_c.h\n'}
[1.101082] (px4_msgs) StdoutLine: {'line': b'-- Up-to-date: /home/wei/fire_scout_ws/install/px4_msgs/include/px4_msgs/px4_msgs/msg/detail/vehicle_command_ack__type_support.c\n'}
[1.101120] (px4_msgs) StdoutLine: {'line': b'-- Up-to-date: /home/wei/fire_scout_ws/install/px4_msgs/include/px4_msgs/px4_msgs/msg/detail/onboard_computer_status__type_support.c\n'}
[1.101152] (px4_msgs) StdoutLine: {'line': b'-- Up-to-date: /home/wei/fire_scout_ws/install/px4_msgs/include/px4_msgs/px4_msgs/msg/detail/geofence_result__rosidl_typesupport_introspection_c.h\n'}
[1.101185] (px4_msgs) StdoutLine: {'line': b'-- Up-to-date: /home/wei/fire_scout_ws/install/px4_msgs/include/px4_msgs/px4_msgs/msg/detail/px4io_status__rosidl_typesupport_introspection_c.h\n'}
[1.101216] (px4_msgs) StdoutLine: {'line': b'-- Up-to-date: /home/wei/fire_scout_ws/install/px4_msgs/include/px4_msgs/px4_msgs/msg/detail/gpio_config__rosidl_typesupport_introspection_c.h\n'}
[1.101271] (px4_msgs) StdoutLine: {'line': b'-- Up-to-date: /home/wei/fire_scout_ws/install/px4_msgs/include/px4_msgs/px4_msgs/msg/detail/actuator_armed__type_support.c\n'}
[1.101305] (px4_msgs) StdoutLine: {'line': b'-- Up-to-date: /home/wei/fire_scout_ws/install/px4_msgs/include/px4_msgs/px4_msgs/msg/detail/vehicle_control_mode__rosidl_typesupport_introspection_c.h\n'}
[1.101337] (px4_msgs) StdoutLine: {'line': b'-- Up-to-date: /home/wei/fire_scout_ws/install/px4_msgs/include/px4_msgs/px4_msgs/msg/detail/gpio_request__type_support.c\n'}
[1.101371] (px4_msgs) StdoutLine: {'line': b'-- Up-to-date: /home/wei/fire_scout_ws/install/px4_msgs/include/px4_msgs/px4_msgs/msg/detail/landing_target_pose__rosidl_typesupport_introspection_c.h\n'}
[1.101406] (px4_msgs) StdoutLine: {'line': b'-- Up-to-date: /home/wei/fire_scout_ws/install/px4_msgs/include/px4_msgs/px4_msgs/msg/detail/orb_test__rosidl_typesupport_introspection_c.h\n'}
[1.101453] (px4_msgs) StdoutLine: {'line': b'-- Up-to-date: /home/wei/fire_scout_ws/install/px4_msgs/include/px4_msgs/px4_msgs/msg/detail/actuator_motors__type_support.c\n'}
[1.101489] (px4_msgs) StdoutLine: {'line': b'-- Up-to-date: /home/wei/fire_scout_ws/install/px4_msgs/include/px4_msgs/px4_msgs/msg/detail/autotune_attitude_control_status__rosidl_typesupport_introspection_c.h\n'}
[1.101523] (px4_msgs) StdoutLine: {'line': b'-- Up-to-date: /home/wei/fire_scout_ws/install/px4_msgs/include/px4_msgs/px4_msgs/msg/detail/airspeed_validated__rosidl_typesupport_introspection_c.h\n'}
[1.101558] (px4_msgs) StdoutLine: {'line': b'-- Up-to-date: /home/wei/fire_scout_ws/install/px4_msgs/include/px4_msgs/px4_msgs/srv\n'}
[1.101596] (px4_msgs) StdoutLine: {'line': b'-- Up-to-date: /home/wei/fire_scout_ws/install/px4_msgs/include/px4_msgs/px4_msgs/srv/detail\n'}
[1.101633] (px4_msgs) StdoutLine: {'line': b'-- Up-to-date: /home/wei/fire_scout_ws/install/px4_msgs/include/px4_msgs/px4_msgs/srv/detail/vehicle_command__type_support.c\n'}
[1.101664] (px4_msgs) StdoutLine: {'line': b'-- Up-to-date: /home/wei/fire_scout_ws/install/px4_msgs/include/px4_msgs/px4_msgs/srv/detail/vehicle_command__rosidl_typesupport_introspection_c.h\n'}
[1.101695] (px4_msgs) StdoutLine: {'line': b'-- Up-to-date: /home/wei/fire_scout_ws/install/px4_msgs/lib/libpx4_msgs__rosidl_typesupport_introspection_c.so\n'}
[1.101726] (px4_msgs) StdoutLine: {'line': b'-- Up-to-date: /home/wei/fire_scout_ws/install/px4_msgs/lib/libpx4_msgs__rosidl_typesupport_c.so\n'}
[1.101759] (px4_msgs) StdoutLine: {'line': b'-- Up-to-date: /home/wei/fire_scout_ws/install/px4_msgs/include/px4_msgs/px4_msgs\n'}
[1.101796] (px4_msgs) StdoutLine: {'line': b'-- Up-to-date: /home/wei/fire_scout_ws/install/px4_msgs/include/px4_msgs/px4_msgs/msg\n'}
[1.101830] (px4_msgs) StdoutLine: {'line': b'-- Up-to-date: /home/wei/fire_scout_ws/install/px4_msgs/include/px4_msgs/px4_msgs/msg/detail\n'}
[1.101886] (px4_msgs) StdoutLine: {'line': b'-- Up-to-date: /home/wei/fire_scout_ws/install/px4_msgs/include/px4_msgs/px4_msgs/msg/detail/internal_combustion_engine_status__type_support.cpp\n'}
[1.101918] (px4_msgs) StdoutLine: {'line': b'-- Up-to-date: /home/wei/fire_scout_ws/install/px4_msgs/include/px4_msgs/px4_msgs/msg/detail/vehicle_magnetometer__rosidl_typesupport_introspection_cpp.hpp\n'}
[1.101949] (px4_msgs) StdoutLine: {'line': b'-- Up-to-date: /home/wei/fire_scout_ws/install/px4_msgs/include/px4_msgs/px4_msgs/msg/detail/parameter_update__rosidl_typesupport_introspection_cpp.hpp\n'}
[1.101986] (px4_msgs) StdoutLine: {'line': b'-- Up-to-date: /home/wei/fire_scout_ws/install/px4_msgs/include/px4_msgs/px4_msgs/msg/detail/event__rosidl_typesupport_introspection_cpp.hpp\n'}
[1.102016] (px4_msgs) StdoutLine: {'line': b'-- Up-to-date: /home/wei/fire_scout_ws/install/px4_msgs/include/px4_msgs/px4_msgs/msg/detail/vehicle_angular_acceleration_setpoint__rosidl_typesupport_introspection_cpp.hpp\n'}
[1.102047] (px4_msgs) StdoutLine: {'line': b'-- Up-to-date: /home/wei/fire_scout_ws/install/px4_msgs/include/px4_msgs/px4_msgs/msg/detail/debug_vect__rosidl_typesupport_introspection_cpp.hpp\n'}
[1.102078] (px4_msgs) StdoutLine: {'line': b'-- Up-to-date: /home/wei/fire_scout_ws/install/px4_msgs/include/px4_msgs/px4_msgs/msg/detail/velocity_limits__rosidl_typesupport_introspection_cpp.hpp\n'}
[1.102123] (px4_msgs) StdoutLine: {'line': b'-- Up-to-date: /home/wei/fire_scout_ws/install/px4_msgs/include/px4_msgs/px4_msgs/msg/detail/vehicle_acceleration__rosidl_typesupport_introspection_cpp.hpp\n'}
[1.102166] (px4_msgs) StdoutLine: {'line': b'-- Up-to-date: /home/wei/fire_scout_ws/install/px4_msgs/include/px4_msgs/px4_msgs/msg/detail/airspeed_validated__type_support.cpp\n'}
[1.102202] (px4_msgs) StdoutLine: {'line': b'-- Up-to-date: /home/wei/fire_scout_ws/install/px4_msgs/include/px4_msgs/px4_msgs/msg/detail/tune_control__type_support.cpp\n'}
[1.102234] (px4_msgs) StdoutLine: {'line': b'-- Up-to-date: /home/wei/fire_scout_ws/install/px4_msgs/include/px4_msgs/px4_msgs/msg/detail/led_control__rosidl_typesupport_introspection_cpp.hpp\n'}
[1.102265] (px4_msgs) StdoutLine: {'line': b'-- Up-to-date: /home/wei/fire_scout_ws/install/px4_msgs/include/px4_msgs/px4_msgs/msg/detail/failure_detector_status__type_support.cpp\n'}
[1.102300] (px4_msgs) StdoutLine: {'line': b'-- Up-to-date: /home/wei/fire_scout_ws/install/px4_msgs/include/px4_msgs/px4_msgs/msg/detail/sensor_preflight_mag__type_support.cpp\n'}
[1.102330] (px4_msgs) StdoutLine: {'line': b'-- Up-to-date: /home/wei/fire_scout_ws/install/px4_msgs/include/px4_msgs/px4_msgs/msg/detail/vehicle_control_mode__type_support.cpp\n'}
[1.102361] (px4_msgs) StdoutLine: {'line': b'-- Up-to-date: /home/wei/fire_scout_ws/install/px4_msgs/include/px4_msgs/px4_msgs/msg/detail/vehicle_acceleration__type_support.cpp\n'}
[1.102396] (px4_msgs) StdoutLine: {'line': b'-- Up-to-date: /home/wei/fire_scout_ws/install/px4_msgs/include/px4_msgs/px4_msgs/msg/detail/follow_target__type_support.cpp\n'}
[1.102439] (px4_msgs) StdoutLine: {'line': b'-- Up-to-date: /home/wei/fire_scout_ws/install/px4_msgs/include/px4_msgs/px4_msgs/msg/detail/trajectory_setpoint__type_support.cpp\n'}
[1.102472] (px4_msgs) StdoutLine: {'line': b'-- Up-to-date: /home/wei/fire_scout_ws/install/px4_msgs/include/px4_msgs/px4_msgs/msg/detail/estimator_gps_status__type_support.cpp\n'}
[1.102518] (px4_msgs) StdoutLine: {'line': b'-- Up-to-date: /home/wei/fire_scout_ws/install/px4_msgs/include/px4_msgs/px4_msgs/msg/detail/gpio_config__type_support.cpp\n'}
[1.102552] (px4_msgs) StdoutLine: {'line': b'-- Up-to-date: /home/wei/fire_scout_ws/install/px4_msgs/include/px4_msgs/px4_msgs/msg/detail/estimator_states__rosidl_typesupport_introspection_cpp.hpp\n'}
[1.102584] (px4_msgs) StdoutLine: {'line': b'-- Up-to-date: /home/wei/fire_scout_ws/install/px4_msgs/include/px4_msgs/px4_msgs/msg/detail/dronecan_node_status__rosidl_typesupport_introspection_cpp.hpp\n'}
[1.102619] (px4_msgs) StdoutLine: {'line': b'-- Up-to-date: /home/wei/fire_scout_ws/install/px4_msgs/include/px4_msgs/px4_msgs/msg/detail/rover_throttle_setpoint__rosidl_typesupport_introspection_cpp.hpp\n'}
[1.102652] (px4_msgs) StdoutLine: {'line': b'-- Up-to-date: /home/wei/fire_scout_ws/install/px4_msgs/include/px4_msgs/px4_msgs/msg/detail/vehicle_imu__type_support.cpp\n'}
[1.102682] (px4_msgs) StdoutLine: {'line': b'-- Up-to-date: /home/wei/fire_scout_ws/install/px4_msgs/include/px4_msgs/px4_msgs/msg/detail/ping__type_support.cpp\n'}
[1.102712] (px4_msgs) StdoutLine: {'line': b'-- Up-to-date: /home/wei/fire_scout_ws/install/px4_msgs/include/px4_msgs/px4_msgs/msg/detail/internal_combustion_engine_control__rosidl_typesupport_introspection_cpp.hpp\n'}
[1.102742] (px4_msgs) StdoutLine: {'line': b'-- Up-to-date: /home/wei/fire_scout_ws/install/px4_msgs/include/px4_msgs/px4_msgs/msg/detail/sensor_gnss_status__rosidl_typesupport_introspection_cpp.hpp\n'}
[1.102773] (px4_msgs) StdoutLine: {'line': b'-- Up-to-date: /home/wei/fire_scout_ws/install/px4_msgs/include/px4_msgs/px4_msgs/msg/detail/transponder_report__type_support.cpp\n'}
[1.102804] (px4_msgs) StdoutLine: {'line': b'-- Up-to-date: /home/wei/fire_scout_ws/install/px4_msgs/include/px4_msgs/px4_msgs/msg/detail/dronecan_node_status__type_support.cpp\n'}
[1.102860] (px4_msgs) StdoutLine: {'line': b'-- Up-to-date: /home/wei/fire_scout_ws/install/px4_msgs/include/px4_msgs/px4_msgs/msg/detail/vehicle_optical_flow_vel__type_support.cpp\n'}
[1.102894] (px4_msgs) StdoutLine: {'line': b'-- Up-to-date: /home/wei/fire_scout_ws/install/px4_msgs/include/px4_msgs/px4_msgs/msg/detail/position_controller_status__type_support.cpp\n'}
[1.102926] (px4_msgs) StdoutLine: {'line': b'-- Up-to-date: /home/wei/fire_scout_ws/install/px4_msgs/include/px4_msgs/px4_msgs/msg/detail/can_interface_status__type_support.cpp\n'}
[1.102960] (px4_msgs) StdoutLine: {'line': b'-- Up-to-date: /home/wei/fire_scout_ws/install/px4_msgs/include/px4_msgs/px4_msgs/msg/detail/onboard_computer_status__rosidl_typesupport_introspection_cpp.hpp\n'}
[1.102991] (px4_msgs) StdoutLine: {'line': b'-- Up-to-date: /home/wei/fire_scout_ws/install/px4_msgs/include/px4_msgs/px4_msgs/msg/detail/wheel_encoders__rosidl_typesupport_introspection_cpp.hpp\n'}
[1.103035] (px4_msgs) StdoutLine: {'line': b'-- Up-to-date: /home/wei/fire_scout_ws/install/px4_msgs/include/px4_msgs/px4_msgs/msg/detail/gpio_config__rosidl_typesupport_introspection_cpp.hpp\n'}
[1.103070] (px4_msgs) StdoutLine: {'line': b'-- Up-to-date: /home/wei/fire_scout_ws/install/px4_msgs/include/px4_msgs/px4_msgs/msg/detail/battery_status__rosidl_typesupport_introspection_cpp.hpp\n'}
[1.103101] (px4_msgs) StdoutLine: {'line': b'-- Up-to-date: /home/wei/fire_scout_ws/install/px4_msgs/include/px4_msgs/px4_msgs/msg/detail/fixed_wing_lateral_status__rosidl_typesupport_introspection_cpp.hpp\n'}
[1.103134] (px4_msgs) StdoutLine: {'line': b'-- Up-to-date: /home/wei/fire_scout_ws/install/px4_msgs/include/px4_msgs/px4_msgs/msg/detail/parameter_reset_request__type_support.cpp\n'}
[1.103166] (px4_msgs) StdoutLine: {'line': b'-- Up-to-date: /home/wei/fire_scout_ws/install/px4_msgs/include/px4_msgs/px4_msgs/msg/detail/px4io_status__rosidl_typesupport_introspection_cpp.hpp\n'}
[1.103209] (px4_msgs) StdoutLine: {'line': b'-- Up-to-date: /home/wei/fire_scout_ws/install/px4_msgs/include/px4_msgs/px4_msgs/msg/detail/iridiumsbd_status__rosidl_typesupport_introspection_cpp.hpp\n'}
[1.103245] (px4_msgs) StdoutLine: {'line': b'-- Up-to-date: /home/wei/fire_scout_ws/install/px4_msgs/include/px4_msgs/px4_msgs/msg/detail/fixed_wing_longitudinal_setpoint__rosidl_typesupport_introspection_cpp.hpp\n'}
[1.103277] (px4_msgs) StdoutLine: {'line': b'-- Up-to-date: /home/wei/fire_scout_ws/install/px4_msgs/include/px4_msgs/px4_msgs/msg/detail/event__type_support.cpp\n'}
[1.103310] (px4_msgs) StdoutLine: {'line': b'-- Up-to-date: /home/wei/fire_scout_ws/install/px4_msgs/include/px4_msgs/px4_msgs/msg/detail/pps_capture__type_support.cpp\n'}
[1.103342] (px4_msgs) StdoutLine: {'line': b'-- Up-to-date: /home/wei/fire_scout_ws/install/px4_msgs/include/px4_msgs/px4_msgs/msg/detail/normalized_unsigned_setpoint__type_support.cpp\n'}
[1.103377] (px4_msgs) StdoutLine: {'line': b'-- Up-to-date: /home/wei/fire_scout_ws/install/px4_msgs/include/px4_msgs/px4_msgs/msg/detail/position_setpoint__rosidl_typesupport_introspection_cpp.hpp\n'}
[1.103411] (px4_msgs) StdoutLine: {'line': b'-- Up-to-date: /home/wei/fire_scout_ws/install/px4_msgs/include/px4_msgs/px4_msgs/msg/detail/config_overrides__rosidl_typesupport_introspection_cpp.hpp\n'}
[1.103484] (px4_msgs) StdoutLine: {'line': b'-- Up-to-date: /home/wei/fire_scout_ws/install/px4_msgs/include/px4_msgs/px4_msgs/msg/detail/actuator_armed__type_support.cpp\n'}
[1.103521] (px4_msgs) StdoutLine: {'line': b'-- Up-to-date: /home/wei/fire_scout_ws/install/px4_msgs/include/px4_msgs/px4_msgs/msg/detail/wheel_encoders__type_support.cpp\n'}
[1.103561] (px4_msgs) StdoutLine: {'line': b'-- Up-to-date: /home/wei/fire_scout_ws/install/px4_msgs/include/px4_msgs/px4_msgs/msg/detail/parameter_set_value_response__rosidl_typesupport_introspection_cpp.hpp\n'}
[1.103601] (px4_msgs) StdoutLine: {'line': b'-- Up-to-date: /home/wei/fire_scout_ws/install/px4_msgs/include/px4_msgs/px4_msgs/msg/detail/sensors_status__rosidl_typesupport_introspection_cpp.hpp\n'}
[1.103638] (px4_msgs) StdoutLine: {'line': b'-- Up-to-date: /home/wei/fire_scout_ws/install/px4_msgs/include/px4_msgs/px4_msgs/msg/detail/position_controller_landing_status__type_support.cpp\n'}
[1.103677] (px4_msgs) StdoutLine: {'line': b'-- Up-to-date: /home/wei/fire_scout_ws/install/px4_msgs/include/px4_msgs/px4_msgs/msg/detail/orbit_status__type_support.cpp\n'}
[1.103713] (px4_msgs) StdoutLine: {'line': b'-- Up-to-date: /home/wei/fire_scout_ws/install/px4_msgs/include/px4_msgs/px4_msgs/msg/detail/internal_combustion_engine_status__rosidl_typesupport_introspection_cpp.hpp\n'}
[1.103750] (px4_msgs) StdoutLine: {'line': b'-- Up-to-date: /home/wei/fire_scout_ws/install/px4_msgs/include/px4_msgs/px4_msgs/msg/detail/failsafe_flags__rosidl_typesupport_introspection_cpp.hpp\n'}
[1.103788] (px4_msgs) StdoutLine: {'line': b'-- Up-to-date: /home/wei/fire_scout_ws/install/px4_msgs/include/px4_msgs/px4_msgs/msg/detail/tiltrotor_extra_controls__type_support.cpp\n'}
[1.103838] (px4_msgs) StdoutLine: {'line': b'-- Up-to-date: /home/wei/fire_scout_ws/install/px4_msgs/include/px4_msgs/px4_msgs/msg/detail/follow_target_estimator__rosidl_typesupport_introspection_cpp.hpp\n'}
[1.103880] (px4_msgs) StdoutLine: {'line': b'-- Up-to-date: /home/wei/fire_scout_ws/install/px4_msgs/include/px4_msgs/px4_msgs/msg/detail/lateral_control_configuration__type_support.cpp\n'}
[1.103916] (px4_msgs) StdoutLine: {'line': b'-- Up-to-date: /home/wei/fire_scout_ws/install/px4_msgs/include/px4_msgs/px4_msgs/msg/detail/position_controller_status__rosidl_typesupport_introspection_cpp.hpp\n'}
[1.103951] (px4_msgs) StdoutLine: {'line': b'-- Up-to-date: /home/wei/fire_scout_ws/install/px4_msgs/include/px4_msgs/px4_msgs/msg/detail/cellular_status__rosidl_typesupport_introspection_cpp.hpp\n'}
[1.103986] (px4_msgs) StdoutLine: {'line': b'-- Up-to-date: /home/wei/fire_scout_ws/install/px4_msgs/include/px4_msgs/px4_msgs/msg/detail/power_monitor__type_support.cpp\n'}
[1.104037] (px4_msgs) StdoutLine: {'line': b'-- Up-to-date: /home/wei/fire_scout_ws/install/px4_msgs/include/px4_msgs/px4_msgs/msg/detail/button_event__type_support.cpp\n'}
[1.104076] (px4_msgs) StdoutLine: {'line': b'-- Up-to-date: /home/wei/fire_scout_ws/install/px4_msgs/include/px4_msgs/px4_msgs/msg/detail/actuator_servos_trim__rosidl_typesupport_introspection_cpp.hpp\n'}
[1.104121] (px4_msgs) StdoutLine: {'line': b'-- Up-to-date: /home/wei/fire_scout_ws/install/px4_msgs/include/px4_msgs/px4_msgs/msg/detail/open_drone_id_self_id__type_support.cpp\n'}
[1.104157] (px4_msgs) StdoutLine: {'line': b'-- Up-to-date: /home/wei/fire_scout_ws/install/px4_msgs/include/px4_msgs/px4_msgs/msg/detail/follow_target_status__type_support.cpp\n'}
[1.104193] (px4_msgs) StdoutLine: {'line': b'-- Up-to-date: /home/wei/fire_scout_ws/install/px4_msgs/include/px4_msgs/px4_msgs/msg/detail/arming_check_reply__type_support.cpp\n'}
[1.104230] (px4_msgs) StdoutLine: {'line': b'-- Up-to-date: /home/wei/fire_scout_ws/install/px4_msgs/include/px4_msgs/px4_msgs/msg/detail/mission_result__type_support.cpp\n'}
[1.104279] (px4_msgs) StdoutLine: {'line': b'-- Up-to-date: /home/wei/fire_scout_ws/install/px4_msgs/include/px4_msgs/px4_msgs/msg/detail/sensor_hygrometer__type_support.cpp\n'}
[1.104319] (px4_msgs) StdoutLine: {'line': b'-- Up-to-date: /home/wei/fire_scout_ws/install/px4_msgs/include/px4_msgs/px4_msgs/msg/detail/goto_setpoint__type_support.cpp\n'}
[1.104363] (px4_msgs) StdoutLine: {'line': b'-- Up-to-date: /home/wei/fire_scout_ws/install/px4_msgs/include/px4_msgs/px4_msgs/msg/detail/normalized_unsigned_setpoint__rosidl_typesupport_introspection_cpp.hpp\n'}
[1.104408] (px4_msgs) StdoutLine: {'line': b'-- Up-to-date: /home/wei/fire_scout_ws/install/px4_msgs/include/px4_msgs/px4_msgs/msg/detail/trajectory_setpoint6dof__rosidl_typesupport_introspection_cpp.hpp\n'}
[1.104445] (px4_msgs) StdoutLine: {'line': b'-- Up-to-date: /home/wei/fire_scout_ws/install/px4_msgs/include/px4_msgs/px4_msgs/msg/detail/rover_rate_status__type_support.cpp\n'}
[1.104498] (px4_msgs) StdoutLine: {'line': b'-- Up-to-date: /home/wei/fire_scout_ws/install/px4_msgs/include/px4_msgs/px4_msgs/msg/detail/landing_target_pose__type_support.cpp\n'}
[1.104537] (px4_msgs) StdoutLine: {'line': b'-- Up-to-date: /home/wei/fire_scout_ws/install/px4_msgs/include/px4_msgs/px4_msgs/msg/detail/gripper__rosidl_typesupport_introspection_cpp.hpp\n'}
[1.104576] (px4_msgs) StdoutLine: {'line': b'-- Up-to-date: /home/wei/fire_scout_ws/install/px4_msgs/include/px4_msgs/px4_msgs/msg/detail/follow_target_status__rosidl_typesupport_introspection_cpp.hpp\n'}
[1.104619] (px4_msgs) StdoutLine: {'line': b'-- Up-to-date: /home/wei/fire_scout_ws/install/px4_msgs/include/px4_msgs/px4_msgs/msg/detail/gimbal_device_set_attitude__type_support.cpp\n'}
[1.104654] (px4_msgs) StdoutLine: {'line': b'-- Up-to-date: /home/wei/fire_scout_ws/install/px4_msgs/include/px4_msgs/px4_msgs/msg/detail/sensors_status__type_support.cpp\n'}
[1.104692] (px4_msgs) StdoutLine: {'line': b'-- Up-to-date: /home/wei/fire_scout_ws/install/px4_msgs/include/px4_msgs/px4_msgs/msg/detail/sensor_uwb__rosidl_typesupport_introspection_cpp.hpp\n'}
[1.104730] (px4_msgs) StdoutLine: {'line': b'-- Up-to-date: /home/wei/fire_scout_ws/install/px4_msgs/include/px4_msgs/px4_msgs/msg/detail/estimator_sensor_bias__rosidl_typesupport_introspection_cpp.hpp\n'}
[1.104768] (px4_msgs) StdoutLine: {'line': b'-- Up-to-date: /home/wei/fire_scout_ws/install/px4_msgs/include/px4_msgs/px4_msgs/msg/detail/orb_test_medium__type_support.cpp\n'}
[1.104802] (px4_msgs) StdoutLine: {'line': b'-- Up-to-date: /home/wei/fire_scout_ws/install/px4_msgs/include/px4_msgs/px4_msgs/msg/detail/position_setpoint_triplet__rosidl_typesupport_introspection_cpp.hpp\n'}
[1.104852] (px4_msgs) StdoutLine: {'line': b'-- Up-to-date: /home/wei/fire_scout_ws/install/px4_msgs/include/px4_msgs/px4_msgs/msg/detail/vehicle_local_position__type_support.cpp\n'}
[1.104887] (px4_msgs) StdoutLine: {'line': b'-- Up-to-date: /home/wei/fire_scout_ws/install/px4_msgs/include/px4_msgs/px4_msgs/msg/detail/debug_array__rosidl_typesupport_introspection_cpp.hpp\n'}
[1.104922] (px4_msgs) StdoutLine: {'line': b'-- Up-to-date: /home/wei/fire_scout_ws/install/px4_msgs/include/px4_msgs/px4_msgs/msg/detail/camera_capture__type_support.cpp\n'}
[1.104956] (px4_msgs) StdoutLine: {'line': b'-- Up-to-date: /home/wei/fire_scout_ws/install/px4_msgs/include/px4_msgs/px4_msgs/msg/detail/rover_attitude_setpoint__type_support.cpp\n'}
[1.104992] (px4_msgs) StdoutLine: {'line': b'-- Up-to-date: /home/wei/fire_scout_ws/install/px4_msgs/include/px4_msgs/px4_msgs/msg/detail/debug_key_value__rosidl_typesupport_introspection_cpp.hpp\n'}
[1.105025] (px4_msgs) StdoutLine: {'line': b'-- Up-to-date: /home/wei/fire_scout_ws/install/px4_msgs/include/px4_msgs/px4_msgs/msg/detail/tune_control__rosidl_typesupport_introspection_cpp.hpp\n'}
[1.105080] (px4_msgs) StdoutLine: {'line': b'-- Up-to-date: /home/wei/fire_scout_ws/install/px4_msgs/include/px4_msgs/px4_msgs/msg/detail/debug_value__type_support.cpp\n'}
[1.105116] (px4_msgs) StdoutLine: {'line': b'-- Up-to-date: /home/wei/fire_scout_ws/install/px4_msgs/include/px4_msgs/px4_msgs/msg/detail/yaw_estimator_status__rosidl_typesupport_introspection_cpp.hpp\n'}
[1.105150] (px4_msgs) StdoutLine: {'line': b'-- Up-to-date: /home/wei/fire_scout_ws/install/px4_msgs/include/px4_msgs/px4_msgs/msg/detail/rtl_time_estimate__type_support.cpp\n'}
[1.105183] (px4_msgs) StdoutLine: {'line': b'-- Up-to-date: /home/wei/fire_scout_ws/install/px4_msgs/include/px4_msgs/px4_msgs/msg/detail/sensor_correction__type_support.cpp\n'}
[1.105215] (px4_msgs) StdoutLine: {'line': b'-- Up-to-date: /home/wei/fire_scout_ws/install/px4_msgs/include/px4_msgs/px4_msgs/msg/detail/airspeed__type_support.cpp\n'}
[1.105260] (px4_msgs) StdoutLine: {'line': b'-- Up-to-date: /home/wei/fire_scout_ws/install/px4_msgs/include/px4_msgs/px4_msgs/msg/detail/vehicle_angular_velocity__rosidl_typesupport_introspection_cpp.hpp\n'}
[1.105296] (px4_msgs) StdoutLine: {'line': b'-- Up-to-date: /home/wei/fire_scout_ws/install/px4_msgs/include/px4_msgs/px4_msgs/msg/detail/vehicle_odometry__type_support.cpp\n'}
[1.105334] (px4_msgs) StdoutLine: {'line': b'-- Up-to-date: /home/wei/fire_scout_ws/install/px4_msgs/include/px4_msgs/px4_msgs/msg/detail/sensor_gnss_relative__rosidl_typesupport_introspection_cpp.hpp\n'}
[1.105373] (px4_msgs) StdoutLine: {'line': b'-- Up-to-date: /home/wei/fire_scout_ws/install/px4_msgs/include/px4_msgs/px4_msgs/msg/detail/vehicle_command_ack__type_support.cpp\n'}
[1.105419] (px4_msgs) StdoutLine: {'line': b'-- Up-to-date: /home/wei/fire_scout_ws/install/px4_msgs/include/px4_msgs/px4_msgs/msg/detail/sensor_selection__rosidl_typesupport_introspection_cpp.hpp\n'}
[1.105456] (px4_msgs) StdoutLine: {'line': b'-- Up-to-date: /home/wei/fire_scout_ws/install/px4_msgs/include/px4_msgs/px4_msgs/msg/detail/differential_pressure__type_support.cpp\n'}
[1.105511] (px4_msgs) StdoutLine: {'line': b'-- Up-to-date: /home/wei/fire_scout_ws/install/px4_msgs/include/px4_msgs/px4_msgs/msg/detail/estimator_bias__type_support.cpp\n'}
[1.105550] (px4_msgs) StdoutLine: {'line': b'-- Up-to-date: /home/wei/fire_scout_ws/install/px4_msgs/include/px4_msgs/px4_msgs/msg/detail/sensor_accel_fifo__rosidl_typesupport_introspection_cpp.hpp\n'}
[1.105592] (px4_msgs) StdoutLine: {'line': b'-- Up-to-date: /home/wei/fire_scout_ws/install/px4_msgs/include/px4_msgs/px4_msgs/msg/detail/estimator_aid_source1d__rosidl_typesupport_introspection_cpp.hpp\n'}
[1.105633] (px4_msgs) StdoutLine: {'line': b'-- Up-to-date: /home/wei/fire_scout_ws/install/px4_msgs/include/px4_msgs/px4_msgs/msg/detail/gpio_out__type_support.cpp\n'}
[1.105671] (px4_msgs) StdoutLine: {'line': b'-- Up-to-date: /home/wei/fire_scout_ws/install/px4_msgs/include/px4_msgs/px4_msgs/msg/detail/esc_report__rosidl_typesupport_introspection_cpp.hpp\n'}
[1.105710] (px4_msgs) StdoutLine: {'line': b'-- Up-to-date: /home/wei/fire_scout_ws/install/px4_msgs/include/px4_msgs/px4_msgs/msg/detail/navigator_mission_item__rosidl_typesupport_introspection_cpp.hpp\n'}
[1.105753] (px4_msgs) StdoutLine: {'line': b'-- Up-to-date: /home/wei/fire_scout_ws/install/px4_msgs/include/px4_msgs/px4_msgs/msg/detail/sensor_combined__rosidl_typesupport_introspection_cpp.hpp\n'}
[1.105791] (px4_msgs) StdoutLine: {'line': b'-- Up-to-date: /home/wei/fire_scout_ws/install/px4_msgs/include/px4_msgs/px4_msgs/msg/detail/follow_target_estimator__type_support.cpp\n'}
[1.105822] (px4_msgs) StdoutLine: {'line': b'-- Up-to-date: /home/wei/fire_scout_ws/install/px4_msgs/include/px4_msgs/px4_msgs/msg/detail/flight_phase_estimation__rosidl_typesupport_introspection_cpp.hpp\n'}
[1.105856] (px4_msgs) StdoutLine: {'line': b'-- Up-to-date: /home/wei/fire_scout_ws/install/px4_msgs/include/px4_msgs/px4_msgs/msg/detail/vehicle_constraints__rosidl_typesupport_introspection_cpp.hpp\n'}
[1.105892] (px4_msgs) StdoutLine: {'line': b'-- Up-to-date: /home/wei/fire_scout_ws/install/px4_msgs/include/px4_msgs/px4_msgs/msg/detail/sensor_correction__rosidl_typesupport_introspection_cpp.hpp\n'}
[1.105929] (px4_msgs) StdoutLine: {'line': b'-- Up-to-date: /home/wei/fire_scout_ws/install/px4_msgs/include/px4_msgs/px4_msgs/msg/detail/landing_target_innovations__type_support.cpp\n'}
[1.105985] (px4_msgs) StdoutLine: {'line': b'-- Up-to-date: /home/wei/fire_scout_ws/install/px4_msgs/include/px4_msgs/px4_msgs/msg/detail/sensor_accel__rosidl_typesupport_introspection_cpp.hpp\n'}
[1.106022] (px4_msgs) StdoutLine: {'line': b'-- Up-to-date: /home/wei/fire_scout_ws/install/px4_msgs/include/px4_msgs/px4_msgs/msg/detail/tiltrotor_extra_controls__rosidl_typesupport_introspection_cpp.hpp\n'}
[1.106057] (px4_msgs) StdoutLine: {'line': b'-- Up-to-date: /home/wei/fire_scout_ws/install/px4_msgs/include/px4_msgs/px4_msgs/msg/detail/mag_worker_data__type_support.cpp\n'}
[1.106093] (px4_msgs) StdoutLine: {'line': b'-- Up-to-date: /home/wei/fire_scout_ws/install/px4_msgs/include/px4_msgs/px4_msgs/msg/detail/actuator_outputs__type_support.cpp\n'}
[1.106141] (px4_msgs) StdoutLine: {'line': b'-- Up-to-date: /home/wei/fire_scout_ws/install/px4_msgs/include/px4_msgs/px4_msgs/msg/detail/takeoff_status__rosidl_typesupport_introspection_cpp.hpp\n'}
[1.106179] (px4_msgs) StdoutLine: {'line': b'-- Up-to-date: /home/wei/fire_scout_ws/install/px4_msgs/include/px4_msgs/px4_msgs/msg/detail/yaw_estimator_status__type_support.cpp\n'}
[1.106214] (px4_msgs) StdoutLine: {'line': b'-- Up-to-date: /home/wei/fire_scout_ws/install/px4_msgs/include/px4_msgs/px4_msgs/msg/detail/landing_gear__type_support.cpp\n'}
[1.106250] (px4_msgs) StdoutLine: {'line': b'-- Up-to-date: /home/wei/fire_scout_ws/install/px4_msgs/include/px4_msgs/px4_msgs/msg/detail/gimbal_manager_set_manual_control__type_support.cpp\n'}
[1.106285] (px4_msgs) StdoutLine: {'line': b'-- Up-to-date: /home/wei/fire_scout_ws/install/px4_msgs/include/px4_msgs/px4_msgs/msg/detail/sensor_airflow__type_support.cpp\n'}
[1.106320] (px4_msgs) StdoutLine: {'line': b'-- Up-to-date: /home/wei/fire_scout_ws/install/px4_msgs/include/px4_msgs/px4_msgs/msg/detail/radio_status__rosidl_typesupport_introspection_cpp.hpp\n'}
[1.106367] (px4_msgs) StdoutLine: {'line': b'-- Up-to-date: /home/wei/fire_scout_ws/install/px4_msgs/include/px4_msgs/px4_msgs/msg/detail/distance_sensor__type_support.cpp\n'}
[1.106405] (px4_msgs) StdoutLine: {'line': b'-- Up-to-date: /home/wei/fire_scout_ws/install/px4_msgs/include/px4_msgs/px4_msgs/msg/detail/estimator_gps_status__rosidl_typesupport_introspection_cpp.hpp\n'}
[1.106444] (px4_msgs) StdoutLine: {'line': b'-- Up-to-date: /home/wei/fire_scout_ws/install/px4_msgs/include/px4_msgs/px4_msgs/msg/detail/health_report__type_support.cpp\n'}
[1.106479] (px4_msgs) StdoutLine: {'line': b'-- Up-to-date: /home/wei/fire_scout_ws/install/px4_msgs/include/px4_msgs/px4_msgs/msg/detail/parameter_reset_request__rosidl_typesupport_introspection_cpp.hpp\n'}
[1.106515] (px4_msgs) StdoutLine: {'line': b'-- Up-to-date: /home/wei/fire_scout_ws/install/px4_msgs/include/px4_msgs/px4_msgs/msg/detail/estimator_aid_source3d__rosidl_typesupport_introspection_cpp.hpp\n'}
[1.106551] (px4_msgs) StdoutLine: {'line': b'-- Up-to-date: /home/wei/fire_scout_ws/install/px4_msgs/include/px4_msgs/px4_msgs/msg/detail/vehicle_command__type_support.cpp\n'}
[1.106612] (px4_msgs) StdoutLine: {'line': b'-- Up-to-date: /home/wei/fire_scout_ws/install/px4_msgs/include/px4_msgs/px4_msgs/msg/detail/message_format_response__type_support.cpp\n'}
[1.106650] (px4_msgs) StdoutLine: {'line': b'-- Up-to-date: /home/wei/fire_scout_ws/install/px4_msgs/include/px4_msgs/px4_msgs/msg/detail/mag_worker_data__rosidl_typesupport_introspection_cpp.hpp\n'}
[1.106688] (px4_msgs) StdoutLine: {'line': b'-- Up-to-date: /home/wei/fire_scout_ws/install/px4_msgs/include/px4_msgs/px4_msgs/msg/detail/fixed_wing_lateral_guidance_status__rosidl_typesupport_introspection_cpp.hpp\n'}
[1.106722] (px4_msgs) StdoutLine: {'line': b'-- Up-to-date: /home/wei/fire_scout_ws/install/px4_msgs/include/px4_msgs/px4_msgs/msg/detail/rover_attitude_setpoint__rosidl_typesupport_introspection_cpp.hpp\n'}
[1.106758] (px4_msgs) StdoutLine: {'line': b'-- Up-to-date: /home/wei/fire_scout_ws/install/px4_msgs/include/px4_msgs/px4_msgs/msg/detail/open_drone_id_arm_status__type_support.cpp\n'}
[1.106793] (px4_msgs) StdoutLine: {'line': b'-- Up-to-date: /home/wei/fire_scout_ws/install/px4_msgs/include/px4_msgs/px4_msgs/msg/detail/figure_eight_status__type_support.cpp\n'}
[1.106830] (px4_msgs) StdoutLine: {'line': b'-- Up-to-date: /home/wei/fire_scout_ws/install/px4_msgs/include/px4_msgs/px4_msgs/msg/detail/vehicle_thrust_setpoint__type_support.cpp\n'}
[1.106863] (px4_msgs) StdoutLine: {'line': b'-- Up-to-date: /home/wei/fire_scout_ws/install/px4_msgs/include/px4_msgs/px4_msgs/msg/detail/vehicle_magnetometer__type_support.cpp\n'}
[1.106896] (px4_msgs) StdoutLine: {'line': b'-- Up-to-date: /home/wei/fire_scout_ws/install/px4_msgs/include/px4_msgs/px4_msgs/msg/detail/vehicle_status__rosidl_typesupport_introspection_cpp.hpp\n'}
[1.106932] (px4_msgs) StdoutLine: {'line': b'-- Up-to-date: /home/wei/fire_scout_ws/install/px4_msgs/include/px4_msgs/px4_msgs/msg/detail/rc_parameter_map__type_support.cpp\n'}
[1.106971] (px4_msgs) StdoutLine: {'line': b'-- Up-to-date: /home/wei/fire_scout_ws/install/px4_msgs/include/px4_msgs/px4_msgs/msg/detail/power_button_state__type_support.cpp\n'}
[1.107031] (px4_msgs) StdoutLine: {'line': b'-- Up-to-date: /home/wei/fire_scout_ws/install/px4_msgs/include/px4_msgs/px4_msgs/msg/detail/manual_control_setpoint__type_support.cpp\n'}
[1.107066] (px4_msgs) StdoutLine: {'line': b'-- Up-to-date: /home/wei/fire_scout_ws/install/px4_msgs/include/px4_msgs/px4_msgs/msg/detail/orb_test__rosidl_typesupport_introspection_cpp.hpp\n'}
[1.107099] (px4_msgs) StdoutLine: {'line': b'-- Up-to-date: /home/wei/fire_scout_ws/install/px4_msgs/include/px4_msgs/px4_msgs/msg/detail/orbit_status__rosidl_typesupport_introspection_cpp.hpp\n'}
[1.107134] (px4_msgs) StdoutLine: {'line': b'-- Up-to-date: /home/wei/fire_scout_ws/install/px4_msgs/include/px4_msgs/px4_msgs/msg/detail/debug_vect__type_support.cpp\n'}
[1.107180] (px4_msgs) StdoutLine: {'line': b'-- Up-to-date: /home/wei/fire_scout_ws/install/px4_msgs/include/px4_msgs/px4_msgs/msg/detail/battery_status__type_support.cpp\n'}
[1.107216] (px4_msgs) StdoutLine: {'line': b'-- Up-to-date: /home/wei/fire_scout_ws/install/px4_msgs/include/px4_msgs/px4_msgs/msg/detail/manual_control_switches__rosidl_typesupport_introspection_cpp.hpp\n'}
[1.107252] (px4_msgs) StdoutLine: {'line': b'-- Up-to-date: /home/wei/fire_scout_ws/install/px4_msgs/include/px4_msgs/px4_msgs/msg/detail/gimbal_manager_set_attitude__rosidl_typesupport_introspection_cpp.hpp\n'}
[1.107285] (px4_msgs) StdoutLine: {'line': b'-- Up-to-date: /home/wei/fire_scout_ws/install/px4_msgs/include/px4_msgs/px4_msgs/msg/detail/estimator_innovations__type_support.cpp\n'}
[1.107318] (px4_msgs) StdoutLine: {'line': b'-- Up-to-date: /home/wei/fire_scout_ws/install/px4_msgs/include/px4_msgs/px4_msgs/msg/detail/vehicle_angular_acceleration_setpoint__type_support.cpp\n'}
[1.107363] (px4_msgs) StdoutLine: {'line': b'-- Up-to-date: /home/wei/fire_scout_ws/install/px4_msgs/include/px4_msgs/px4_msgs/msg/detail/gripper__type_support.cpp\n'}
[1.107402] (px4_msgs) StdoutLine: {'line': b'-- Up-to-date: /home/wei/fire_scout_ws/install/px4_msgs/include/px4_msgs/px4_msgs/msg/detail/health_report__rosidl_typesupport_introspection_cpp.hpp\n'}
[1.107445] (px4_msgs) StdoutLine: {'line': b'-- Up-to-date: /home/wei/fire_scout_ws/install/px4_msgs/include/px4_msgs/px4_msgs/msg/detail/pwm_input__type_support.cpp\n'}
[1.107482] (px4_msgs) StdoutLine: {'line': b'-- Up-to-date: /home/wei/fire_scout_ws/install/px4_msgs/include/px4_msgs/px4_msgs/msg/detail/sensor_gps__rosidl_typesupport_introspection_cpp.hpp\n'}
[1.107518] (px4_msgs) StdoutLine: {'line': b'-- Up-to-date: /home/wei/fire_scout_ws/install/px4_msgs/include/px4_msgs/px4_msgs/msg/detail/fixed_wing_lateral_setpoint__rosidl_typesupport_introspection_cpp.hpp\n'}
[1.107558] (px4_msgs) StdoutLine: {'line': b'-- Up-to-date: /home/wei/fire_scout_ws/install/px4_msgs/include/px4_msgs/px4_msgs/msg/detail/open_drone_id_arm_status__rosidl_typesupport_introspection_cpp.hpp\n'}
[1.107595] (px4_msgs) StdoutLine: {'line': b'-- Up-to-date: /home/wei/fire_scout_ws/install/px4_msgs/include/px4_msgs/px4_msgs/msg/detail/uavcan_parameter_value__type_support.cpp\n'}
[1.107644] (px4_msgs) StdoutLine: {'line': b'-- Up-to-date: /home/wei/fire_scout_ws/install/px4_msgs/include/px4_msgs/px4_msgs/msg/detail/log_message__rosidl_typesupport_introspection_cpp.hpp\n'}
[1.107695] (px4_msgs) StdoutLine: {'line': b'-- Up-to-date: /home/wei/fire_scout_ws/install/px4_msgs/include/px4_msgs/px4_msgs/msg/detail/vehicle_air_data__type_support.cpp\n'}
[1.107734] (px4_msgs) StdoutLine: {'line': b'-- Up-to-date: /home/wei/fire_scout_ws/install/px4_msgs/include/px4_msgs/px4_msgs/msg/detail/timesync_status__rosidl_typesupport_introspection_cpp.hpp\n'}
[1.107778] (px4_msgs) StdoutLine: {'line': b'-- Up-to-date: /home/wei/fire_scout_ws/install/px4_msgs/include/px4_msgs/px4_msgs/msg/detail/sensor_accel_fifo__type_support.cpp\n'}
[1.107815] (px4_msgs) StdoutLine: {'line': b'-- Up-to-date: /home/wei/fire_scout_ws/install/px4_msgs/include/px4_msgs/px4_msgs/msg/detail/vehicle_land_detected__rosidl_typesupport_introspection_cpp.hpp\n'}
[1.107855] (px4_msgs) StdoutLine: {'line': b'-- Up-to-date: /home/wei/fire_scout_ws/install/px4_msgs/include/px4_msgs/px4_msgs/msg/detail/rc_channels__type_support.cpp\n'}
[1.107896] (px4_msgs) StdoutLine: {'line': b'-- Up-to-date: /home/wei/fire_scout_ws/install/px4_msgs/include/px4_msgs/px4_msgs/msg/detail/sensor_airflow__rosidl_typesupport_introspection_cpp.hpp\n'}
[1.107934] (px4_msgs) StdoutLine: {'line': b'-- Up-to-date: /home/wei/fire_scout_ws/install/px4_msgs/include/px4_msgs/px4_msgs/msg/detail/ulog_stream_ack__type_support.cpp\n'}
[1.107971] (px4_msgs) StdoutLine: {'line': b'-- Up-to-date: /home/wei/fire_scout_ws/install/px4_msgs/include/px4_msgs/px4_msgs/msg/detail/pps_capture__rosidl_typesupport_introspection_cpp.hpp\n'}
[1.108027] (px4_msgs) StdoutLine: {'line': b'-- Up-to-date: /home/wei/fire_scout_ws/install/px4_msgs/include/px4_msgs/px4_msgs/msg/detail/parameter_set_value_request__type_support.cpp\n'}
[1.108065] (px4_msgs) StdoutLine: {'line': b'-- Up-to-date: /home/wei/fire_scout_ws/install/px4_msgs/include/px4_msgs/px4_msgs/msg/detail/button_event__rosidl_typesupport_introspection_cpp.hpp\n'}
[1.108102] (px4_msgs) StdoutLine: {'line': b'-- Up-to-date: /home/wei/fire_scout_ws/install/px4_msgs/include/px4_msgs/px4_msgs/msg/detail/camera_trigger__type_support.cpp\n'}
[1.108145] (px4_msgs) StdoutLine: {'line': b'-- Up-to-date: /home/wei/fire_scout_ws/install/px4_msgs/include/px4_msgs/px4_msgs/msg/detail/mount_orientation__rosidl_typesupport_introspection_cpp.hpp\n'}
[1.108183] (px4_msgs) StdoutLine: {'line': b'-- Up-to-date: /home/wei/fire_scout_ws/install/px4_msgs/include/px4_msgs/px4_msgs/msg/detail/cellular_status__type_support.cpp\n'}
[1.108226] (px4_msgs) StdoutLine: {'line': b'-- Up-to-date: /home/wei/fire_scout_ws/install/px4_msgs/include/px4_msgs/px4_msgs/msg/detail/uavcan_parameter_request__rosidl_typesupport_introspection_cpp.hpp\n'}
[1.108265] (px4_msgs) StdoutLine: {'line': b'-- Up-to-date: /home/wei/fire_scout_ws/install/px4_msgs/include/px4_msgs/px4_msgs/msg/detail/action_request__rosidl_typesupport_introspection_cpp.hpp\n'}
[1.108306] (px4_msgs) StdoutLine: {'line': b'-- Up-to-date: /home/wei/fire_scout_ws/install/px4_msgs/include/px4_msgs/px4_msgs/msg/detail/sensors_status_imu__type_support.cpp\n'}
[1.108343] (px4_msgs) StdoutLine: {'line': b'-- Up-to-date: /home/wei/fire_scout_ws/install/px4_msgs/include/px4_msgs/px4_msgs/msg/detail/lateral_control_configuration__rosidl_typesupport_introspection_cpp.hpp\n'}
[1.108386] (px4_msgs) StdoutLine: {'line': b'-- Up-to-date: /home/wei/fire_scout_ws/install/px4_msgs/include/px4_msgs/px4_msgs/msg/detail/gimbal_manager_status__type_support.cpp\n'}
[1.108452] (px4_msgs) StdoutLine: {'line': b'-- Up-to-date: /home/wei/fire_scout_ws/install/px4_msgs/include/px4_msgs/px4_msgs/msg/detail/can_interface_status__rosidl_typesupport_introspection_cpp.hpp\n'}
[1.108510] (px4_msgs) StdoutLine: {'line': b'-- Up-to-date: /home/wei/fire_scout_ws/install/px4_msgs/include/px4_msgs/px4_msgs/msg/detail/vehicle_land_detected__type_support.cpp\n'}
[1.108555] (px4_msgs) StdoutLine: {'line': b'-- Up-to-date: /home/wei/fire_scout_ws/install/px4_msgs/include/px4_msgs/px4_msgs/msg/detail/rate_ctrl_status__type_support.cpp\n'}
[1.108590] (px4_msgs) StdoutLine: {'line': b'-- Up-to-date: /home/wei/fire_scout_ws/install/px4_msgs/include/px4_msgs/px4_msgs/msg/detail/control_allocator_status__rosidl_typesupport_introspection_cpp.hpp\n'}
[1.108630] (px4_msgs) StdoutLine: {'line': b'-- Up-to-date: /home/wei/fire_scout_ws/install/px4_msgs/include/px4_msgs/px4_msgs/msg/detail/open_drone_id_operator_id__type_support.cpp\n'}
[1.108666] (px4_msgs) StdoutLine: {'line': b'-- Up-to-date: /home/wei/fire_scout_ws/install/px4_msgs/include/px4_msgs/px4_msgs/msg/detail/vehicle_imu_status__type_support.cpp\n'}
[1.108703] (px4_msgs) StdoutLine: {'line': b'-- Up-to-date: /home/wei/fire_scout_ws/install/px4_msgs/include/px4_msgs/px4_msgs/msg/detail/internal_combustion_engine_control__type_support.cpp\n'}
[1.108738] (px4_msgs) StdoutLine: {'line': b'-- Up-to-date: /home/wei/fire_scout_ws/install/px4_msgs/include/px4_msgs/px4_msgs/msg/detail/system_power__type_support.cpp\n'}
[1.108774] (px4_msgs) StdoutLine: {'line': b'-- Up-to-date: /home/wei/fire_scout_ws/install/px4_msgs/include/px4_msgs/px4_msgs/msg/detail/gpio_in__type_support.cpp\n'}
[1.108808] (px4_msgs) StdoutLine: {'line': b'-- Up-to-date: /home/wei/fire_scout_ws/install/px4_msgs/include/px4_msgs/px4_msgs/msg/detail/rover_rate_setpoint__rosidl_typesupport_introspection_cpp.hpp\n'}
[1.108843] (px4_msgs) StdoutLine: {'line': b'-- Up-to-date: /home/wei/fire_scout_ws/install/px4_msgs/include/px4_msgs/px4_msgs/msg/detail/gpio_request__type_support.cpp\n'}
[1.108873] (px4_msgs) StdoutLine: {'line': b'-- Up-to-date: /home/wei/fire_scout_ws/install/px4_msgs/include/px4_msgs/px4_msgs/msg/detail/orb_test__type_support.cpp\n'}
[1.108903] (px4_msgs) StdoutLine: {'line': b'-- Up-to-date: /home/wei/fire_scout_ws/install/px4_msgs/include/px4_msgs/px4_msgs/msg/detail/airspeed__rosidl_typesupport_introspection_cpp.hpp\n'}
[1.108947] (px4_msgs) StdoutLine: {'line': b'-- Up-to-date: /home/wei/fire_scout_ws/install/px4_msgs/include/px4_msgs/px4_msgs/msg/detail/landing_gear_wheel__rosidl_typesupport_introspection_cpp.hpp\n'}
[1.109008] (px4_msgs) StdoutLine: {'line': b'-- Up-to-date: /home/wei/fire_scout_ws/install/px4_msgs/include/px4_msgs/px4_msgs/msg/detail/satellite_info__type_support.cpp\n'}
[1.109041] (px4_msgs) StdoutLine: {'line': b'-- Up-to-date: /home/wei/fire_scout_ws/install/px4_msgs/include/px4_msgs/px4_msgs/msg/detail/parameter_set_value_request__rosidl_typesupport_introspection_cpp.hpp\n'}
[1.109075] (px4_msgs) StdoutLine: {'line': b'-- Up-to-date: /home/wei/fire_scout_ws/install/px4_msgs/include/px4_msgs/px4_msgs/msg/detail/logger_status__type_support.cpp\n'}
[1.109107] (px4_msgs) StdoutLine: {'line': b'-- Up-to-date: /home/wei/fire_scout_ws/install/px4_msgs/include/px4_msgs/px4_msgs/msg/detail/rtl_status__rosidl_typesupport_introspection_cpp.hpp\n'}
[1.109140] (px4_msgs) StdoutLine: {'line': b'-- Up-to-date: /home/wei/fire_scout_ws/install/px4_msgs/include/px4_msgs/px4_msgs/msg/detail/vehicle_control_mode__rosidl_typesupport_introspection_cpp.hpp\n'}
[1.109174] (px4_msgs) StdoutLine: {'line': b'-- Up-to-date: /home/wei/fire_scout_ws/install/px4_msgs/include/px4_msgs/px4_msgs/msg/detail/open_drone_id_operator_id__rosidl_typesupport_introspection_cpp.hpp\n'}
[1.109205] (px4_msgs) StdoutLine: {'line': b'-- Up-to-date: /home/wei/fire_scout_ws/install/px4_msgs/include/px4_msgs/px4_msgs/msg/detail/landing_gear_wheel__type_support.cpp\n'}
[1.109237] (px4_msgs) StdoutLine: {'line': b'-- Up-to-date: /home/wei/fire_scout_ws/install/px4_msgs/include/px4_msgs/px4_msgs/msg/detail/orb_test_medium__rosidl_typesupport_introspection_cpp.hpp\n'}
[1.109280] (px4_msgs) StdoutLine: {'line': b'-- Up-to-date: /home/wei/fire_scout_ws/install/px4_msgs/include/px4_msgs/px4_msgs/msg/detail/airspeed_wind__type_support.cpp\n'}
[1.109312] (px4_msgs) StdoutLine: {'line': b'-- Up-to-date: /home/wei/fire_scout_ws/install/px4_msgs/include/px4_msgs/px4_msgs/msg/detail/mavlink_tunnel__rosidl_typesupport_introspection_cpp.hpp\n'}
[1.109343] (px4_msgs) StdoutLine: {'line': b'-- Up-to-date: /home/wei/fire_scout_ws/install/px4_msgs/include/px4_msgs/px4_msgs/msg/detail/gimbal_device_information__type_support.cpp\n'}
[1.109376] (px4_msgs) StdoutLine: {'line': b'-- Up-to-date: /home/wei/fire_scout_ws/install/px4_msgs/include/px4_msgs/px4_msgs/msg/detail/airspeed_wind__rosidl_typesupport_introspection_cpp.hpp\n'}
[1.109409] (px4_msgs) StdoutLine: {'line': b'-- Up-to-date: /home/wei/fire_scout_ws/install/px4_msgs/include/px4_msgs/px4_msgs/msg/detail/esc_status__rosidl_typesupport_introspection_cpp.hpp\n'}
[1.109453] (px4_msgs) StdoutLine: {'line': b'-- Up-to-date: /home/wei/fire_scout_ws/install/px4_msgs/include/px4_msgs/px4_msgs/msg/detail/ulog_stream_ack__rosidl_typesupport_introspection_cpp.hpp\n'}
[1.109500] (px4_msgs) StdoutLine: {'line': b'-- Up-to-date: /home/wei/fire_scout_ws/install/px4_msgs/include/px4_msgs/px4_msgs/msg/detail/rtl_status__type_support.cpp\n'}
[1.109537] (px4_msgs) StdoutLine: {'line': b'-- Up-to-date: /home/wei/fire_scout_ws/install/px4_msgs/include/px4_msgs/px4_msgs/msg/detail/vehicle_torque_setpoint__type_support.cpp\n'}
[1.109572] (px4_msgs) StdoutLine: {'line': b'-- Up-to-date: /home/wei/fire_scout_ws/install/px4_msgs/include/px4_msgs/px4_msgs/msg/detail/uavcan_parameter_request__type_support.cpp\n'}
[1.109607] (px4_msgs) StdoutLine: {'line': b'-- Up-to-date: /home/wei/fire_scout_ws/install/px4_msgs/include/px4_msgs/px4_msgs/msg/detail/neural_control__rosidl_typesupport_introspection_cpp.hpp\n'}
[1.109643] (px4_msgs) StdoutLine: {'line': b'-- Up-to-date: /home/wei/fire_scout_ws/install/px4_msgs/include/px4_msgs/px4_msgs/msg/detail/actuator_servos_trim__type_support.cpp\n'}
[1.109681] (px4_msgs) StdoutLine: {'line': b'-- Up-to-date: /home/wei/fire_scout_ws/install/px4_msgs/include/px4_msgs/px4_msgs/msg/detail/estimator_bias__rosidl_typesupport_introspection_cpp.hpp\n'}
[1.109731] (px4_msgs) StdoutLine: {'line': b'-- Up-to-date: /home/wei/fire_scout_ws/install/px4_msgs/include/px4_msgs/px4_msgs/msg/detail/launch_detection_status__rosidl_typesupport_introspection_cpp.hpp\n'}
[1.109763] (px4_msgs) StdoutLine: {'line': b'-- Up-to-date: /home/wei/fire_scout_ws/install/px4_msgs/include/px4_msgs/px4_msgs/msg/detail/estimator_aid_source3d__type_support.cpp\n'}
[1.109797] (px4_msgs) StdoutLine: {'line': b'-- Up-to-date: /home/wei/fire_scout_ws/install/px4_msgs/include/px4_msgs/px4_msgs/msg/detail/sensor_gyro_fft__type_support.cpp\n'}
[1.109828] (px4_msgs) StdoutLine: {'line': b'-- Up-to-date: /home/wei/fire_scout_ws/install/px4_msgs/include/px4_msgs/px4_msgs/msg/detail/esc_status__type_support.cpp\n'}
[1.109860] (px4_msgs) StdoutLine: {'line': b'-- Up-to-date: /home/wei/fire_scout_ws/install/px4_msgs/include/px4_msgs/px4_msgs/msg/detail/launch_detection_status__type_support.cpp\n'}
[1.109894] (px4_msgs) StdoutLine: {'line': b'-- Up-to-date: /home/wei/fire_scout_ws/install/px4_msgs/include/px4_msgs/px4_msgs/msg/detail/rpm__type_support.cpp\n'}
[1.109938] (px4_msgs) StdoutLine: {'line': b'-- Up-to-date: /home/wei/fire_scout_ws/install/px4_msgs/include/px4_msgs/px4_msgs/msg/detail/rtl_time_estimate__rosidl_typesupport_introspection_cpp.hpp\n'}
[1.109971] (px4_msgs) StdoutLine: {'line': b'-- Up-to-date: /home/wei/fire_scout_ws/install/px4_msgs/include/px4_msgs/px4_msgs/msg/detail/debug_key_value__type_support.cpp\n'}
[1.110007] (px4_msgs) StdoutLine: {'line': b'-- Up-to-date: /home/wei/fire_scout_ws/install/px4_msgs/include/px4_msgs/px4_msgs/msg/detail/gimbal_device_attitude_status__rosidl_typesupport_introspection_cpp.hpp\n'}
[1.110036] (px4_msgs) StdoutLine: {'line': b'-- Up-to-date: /home/wei/fire_scout_ws/install/px4_msgs/include/px4_msgs/px4_msgs/msg/detail/magnetometer_bias_estimate__rosidl_typesupport_introspection_cpp.hpp\n'}
[1.110067] (px4_msgs) StdoutLine: {'line': b'-- Up-to-date: /home/wei/fire_scout_ws/install/px4_msgs/include/px4_msgs/px4_msgs/msg/detail/rover_speed_status__rosidl_typesupport_introspection_cpp.hpp\n'}
[1.110098] (px4_msgs) StdoutLine: {'line': b'-- Up-to-date: /home/wei/fire_scout_ws/install/px4_msgs/include/px4_msgs/px4_msgs/msg/detail/heater_status__type_support.cpp\n'}
[1.110129] (px4_msgs) StdoutLine: {'line': b'-- Up-to-date: /home/wei/fire_scout_ws/install/px4_msgs/include/px4_msgs/px4_msgs/msg/detail/vehicle_roi__rosidl_typesupport_introspection_cpp.hpp\n'}
[1.110160] (px4_msgs) StdoutLine: {'line': b'-- Up-to-date: /home/wei/fire_scout_ws/install/px4_msgs/include/px4_msgs/px4_msgs/msg/detail/unregister_ext_component__type_support.cpp\n'}
[1.110192] (px4_msgs) StdoutLine: {'line': b'-- Up-to-date: /home/wei/fire_scout_ws/install/px4_msgs/include/px4_msgs/px4_msgs/msg/detail/trajectory_setpoint__rosidl_typesupport_introspection_cpp.hpp\n'}
[1.110236] (px4_msgs) StdoutLine: {'line': b'-- Up-to-date: /home/wei/fire_scout_ws/install/px4_msgs/include/px4_msgs/px4_msgs/msg/detail/autotune_attitude_control_status__type_support.cpp\n'}
[1.110271] (px4_msgs) StdoutLine: {'line': b'-- Up-to-date: /home/wei/fire_scout_ws/install/px4_msgs/include/px4_msgs/px4_msgs/msg/detail/sensor_gyro__type_support.cpp\n'}
[1.110301] (px4_msgs) StdoutLine: {'line': b'-- Up-to-date: /home/wei/fire_scout_ws/install/px4_msgs/include/px4_msgs/px4_msgs/msg/detail/led_control__type_support.cpp\n'}
[1.110331] (px4_msgs) StdoutLine: {'line': b'-- Up-to-date: /home/wei/fire_scout_ws/install/px4_msgs/include/px4_msgs/px4_msgs/msg/detail/config_overrides__type_support.cpp\n'}
[1.110361] (px4_msgs) StdoutLine: {'line': b'-- Up-to-date: /home/wei/fire_scout_ws/install/px4_msgs/include/px4_msgs/px4_msgs/msg/detail/gps_inject_data__type_support.cpp\n'}
[1.110395] (px4_msgs) StdoutLine: {'line': b'-- Up-to-date: /home/wei/fire_scout_ws/install/px4_msgs/include/px4_msgs/px4_msgs/msg/detail/vehicle_odometry__rosidl_typesupport_introspection_cpp.hpp\n'}
[1.110451] (px4_msgs) StdoutLine: {'line': b'-- Up-to-date: /home/wei/fire_scout_ws/install/px4_msgs/include/px4_msgs/px4_msgs/msg/detail/arming_check_request__type_support.cpp\n'}
[1.110495] (px4_msgs) StdoutLine: {'line': b'-- Up-to-date: /home/wei/fire_scout_ws/install/px4_msgs/include/px4_msgs/px4_msgs/msg/detail/radio_status__type_support.cpp\n'}
[1.110529] (px4_msgs) StdoutLine: {'line': b'-- Up-to-date: /home/wei/fire_scout_ws/install/px4_msgs/include/px4_msgs/px4_msgs/msg/detail/manual_control_switches__type_support.cpp\n'}
[1.110567] (px4_msgs) StdoutLine: {'line': b'-- Up-to-date: /home/wei/fire_scout_ws/install/px4_msgs/include/px4_msgs/px4_msgs/msg/detail/sensor_selection__type_support.cpp\n'}
[1.110602] (px4_msgs) StdoutLine: {'line': b'-- Up-to-date: /home/wei/fire_scout_ws/install/px4_msgs/include/px4_msgs/px4_msgs/msg/detail/position_setpoint_triplet__type_support.cpp\n'}
[1.110652] (px4_msgs) StdoutLine: {'line': b'-- Up-to-date: /home/wei/fire_scout_ws/install/px4_msgs/include/px4_msgs/px4_msgs/msg/detail/rover_speed_setpoint__type_support.cpp\n'}
[1.110691] (px4_msgs) StdoutLine: {'line': b'-- Up-to-date: /home/wei/fire_scout_ws/install/px4_msgs/include/px4_msgs/px4_msgs/msg/detail/vehicle_torque_setpoint__rosidl_typesupport_introspection_cpp.hpp\n'}
[1.110726] (px4_msgs) StdoutLine: {'line': b'-- Up-to-date: /home/wei/fire_scout_ws/install/px4_msgs/include/px4_msgs/px4_msgs/msg/detail/navigator_mission_item__type_support.cpp\n'}
[1.110760] (px4_msgs) StdoutLine: {'line': b'-- Up-to-date: /home/wei/fire_scout_ws/install/px4_msgs/include/px4_msgs/px4_msgs/msg/detail/debug_value__rosidl_typesupport_introspection_cpp.hpp\n'}
[1.110793] (px4_msgs) StdoutLine: {'line': b'-- Up-to-date: /home/wei/fire_scout_ws/install/px4_msgs/include/px4_msgs/px4_msgs/msg/detail/rc_channels__rosidl_typesupport_introspection_cpp.hpp\n'}
[1.110830] (px4_msgs) StdoutLine: {'line': b'-- Up-to-date: /home/wei/fire_scout_ws/install/px4_msgs/include/px4_msgs/px4_msgs/msg/detail/camera_capture__rosidl_typesupport_introspection_cpp.hpp\n'}
[1.110863] (px4_msgs) StdoutLine: {'line': b'-- Up-to-date: /home/wei/fire_scout_ws/install/px4_msgs/include/px4_msgs/px4_msgs/msg/detail/vehicle_imu__rosidl_typesupport_introspection_cpp.hpp\n'}
[1.110906] (px4_msgs) StdoutLine: {'line': b'-- Up-to-date: /home/wei/fire_scout_ws/install/px4_msgs/include/px4_msgs/px4_msgs/msg/detail/register_ext_component_reply__type_support.cpp\n'}
[1.110937] (px4_msgs) StdoutLine: {'line': b'-- Up-to-date: /home/wei/fire_scout_ws/install/px4_msgs/include/px4_msgs/px4_msgs/msg/detail/vehicle_status__type_support.cpp\n'}
[1.110971] (px4_msgs) StdoutLine: {'line': b'-- Up-to-date: /home/wei/fire_scout_ws/install/px4_msgs/include/px4_msgs/px4_msgs/msg/detail/rover_position_setpoint__rosidl_typesupport_introspection_cpp.hpp\n'}
[1.111003] (px4_msgs) StdoutLine: {'line': b'-- Up-to-date: /home/wei/fire_scout_ws/install/px4_msgs/include/px4_msgs/px4_msgs/msg/detail/home_position__type_support.cpp\n'}
[1.111034] (px4_msgs) StdoutLine: {'line': b'-- Up-to-date: /home/wei/fire_scout_ws/install/px4_msgs/include/px4_msgs/px4_msgs/msg/detail/sensor_combined__type_support.cpp\n'}
[1.111068] (px4_msgs) StdoutLine: {'line': b'-- Up-to-date: /home/wei/fire_scout_ws/install/px4_msgs/include/px4_msgs/px4_msgs/msg/detail/vehicle_local_position_setpoint__rosidl_typesupport_introspection_cpp.hpp\n'}
[1.111099] (px4_msgs) StdoutLine: {'line': b'-- Up-to-date: /home/wei/fire_scout_ws/install/px4_msgs/include/px4_msgs/px4_msgs/msg/detail/geofence_status__rosidl_typesupport_introspection_cpp.hpp\n'}
[1.111130] (px4_msgs) StdoutLine: {'line': b'-- Up-to-date: /home/wei/fire_scout_ws/install/px4_msgs/include/px4_msgs/px4_msgs/msg/detail/distance_sensor__rosidl_typesupport_introspection_cpp.hpp\n'}
[1.111160] (px4_msgs) StdoutLine: {'line': b'-- Up-to-date: /home/wei/fire_scout_ws/install/px4_msgs/include/px4_msgs/px4_msgs/msg/detail/message_format_request__rosidl_typesupport_introspection_cpp.hpp\n'}
[1.111195] (px4_msgs) StdoutLine: {'line': b'-- Up-to-date: /home/wei/fire_scout_ws/install/px4_msgs/include/px4_msgs/px4_msgs/msg/detail/sensor_uwb__type_support.cpp\n'}
[1.111237] (px4_msgs) StdoutLine: {'line': b'-- Up-to-date: /home/wei/fire_scout_ws/install/px4_msgs/include/px4_msgs/px4_msgs/msg/detail/mission_result__rosidl_typesupport_introspection_cpp.hpp\n'}
[1.111271] (px4_msgs) StdoutLine: {'line': b'-- Up-to-date: /home/wei/fire_scout_ws/install/px4_msgs/include/px4_msgs/px4_msgs/msg/detail/open_drone_id_self_id__rosidl_typesupport_introspection_cpp.hpp\n'}
[1.111307] (px4_msgs) StdoutLine: {'line': b'-- Up-to-date: /home/wei/fire_scout_ws/install/px4_msgs/include/px4_msgs/px4_msgs/msg/detail/vehicle_command_ack__rosidl_typesupport_introspection_cpp.hpp\n'}
[1.111339] (px4_msgs) StdoutLine: {'line': b'-- Up-to-date: /home/wei/fire_scout_ws/install/px4_msgs/include/px4_msgs/px4_msgs/msg/detail/sensor_preflight_mag__rosidl_typesupport_introspection_cpp.hpp\n'}
[1.111372] (px4_msgs) StdoutLine: {'line': b'-- Up-to-date: /home/wei/fire_scout_ws/install/px4_msgs/include/px4_msgs/px4_msgs/msg/detail/rover_speed_setpoint__rosidl_typesupport_introspection_cpp.hpp\n'}
[1.111407] (px4_msgs) StdoutLine: {'line': b'-- Up-to-date: /home/wei/fire_scout_ws/install/px4_msgs/include/px4_msgs/px4_msgs/msg/detail/vehicle_attitude__type_support.cpp\n'}
[1.111462] (px4_msgs) StdoutLine: {'line': b'-- Up-to-date: /home/wei/fire_scout_ws/install/px4_msgs/include/px4_msgs/px4_msgs/msg/detail/collision_constraints__rosidl_typesupport_introspection_cpp.hpp\n'}
[1.111509] (px4_msgs) StdoutLine: {'line': b'-- Up-to-date: /home/wei/fire_scout_ws/install/px4_msgs/include/px4_msgs/px4_msgs/msg/detail/position_controller_landing_status__rosidl_typesupport_introspection_cpp.hpp\n'}
[1.111543] (px4_msgs) StdoutLine: {'line': b'-- Up-to-date: /home/wei/fire_scout_ws/install/px4_msgs/include/px4_msgs/px4_msgs/msg/detail/vehicle_angular_velocity__type_support.cpp\n'}
[1.111577] (px4_msgs) StdoutLine: {'line': b'-- Up-to-date: /home/wei/fire_scout_ws/install/px4_msgs/include/px4_msgs/px4_msgs/msg/detail/register_ext_component_reply__rosidl_typesupport_introspection_cpp.hpp\n'}
[1.111622] (px4_msgs) StdoutLine: {'line': b'-- Up-to-date: /home/wei/fire_scout_ws/install/px4_msgs/include/px4_msgs/px4_msgs/msg/detail/landing_target_pose__rosidl_typesupport_introspection_cpp.hpp\n'}
[1.111656] (px4_msgs) StdoutLine: {'line': b'-- Up-to-date: /home/wei/fire_scout_ws/install/px4_msgs/include/px4_msgs/px4_msgs/msg/detail/cpuload__type_support.cpp\n'}
[1.111692] (px4_msgs) StdoutLine: {'line': b'-- Up-to-date: /home/wei/fire_scout_ws/install/px4_msgs/include/px4_msgs/px4_msgs/msg/detail/camera_status__type_support.cpp\n'}
[1.111726] (px4_msgs) StdoutLine: {'line': b'-- Up-to-date: /home/wei/fire_scout_ws/install/px4_msgs/include/px4_msgs/px4_msgs/msg/detail/battery_info__rosidl_typesupport_introspection_cpp.hpp\n'}
[1.111761] (px4_msgs) StdoutLine: {'line': b'-- Up-to-date: /home/wei/fire_scout_ws/install/px4_msgs/include/px4_msgs/px4_msgs/msg/detail/vehicle_global_position__type_support.cpp\n'}
[1.111792] (px4_msgs) StdoutLine: {'line': b'-- Up-to-date: /home/wei/fire_scout_ws/install/px4_msgs/include/px4_msgs/px4_msgs/msg/detail/system_power__rosidl_typesupport_introspection_cpp.hpp\n'}
[1.111833] (px4_msgs) StdoutLine: {'line': b'-- Up-to-date: /home/wei/fire_scout_ws/install/px4_msgs/include/px4_msgs/px4_msgs/msg/detail/actuator_servos__rosidl_typesupport_introspection_cpp.hpp\n'}
[1.111865] (px4_msgs) StdoutLine: {'line': b'-- Up-to-date: /home/wei/fire_scout_ws/install/px4_msgs/include/px4_msgs/px4_msgs/msg/detail/qshell_retval__rosidl_typesupport_introspection_cpp.hpp\n'}
[1.111897] (px4_msgs) StdoutLine: {'line': b'-- Up-to-date: /home/wei/fire_scout_ws/install/px4_msgs/include/px4_msgs/px4_msgs/msg/detail/camera_trigger__rosidl_typesupport_introspection_cpp.hpp\n'}
[1.111928] (px4_msgs) StdoutLine: {'line': b'-- Up-to-date: /home/wei/fire_scout_ws/install/px4_msgs/include/px4_msgs/px4_msgs/msg/detail/rover_rate_status__rosidl_typesupport_introspection_cpp.hpp\n'}
[1.111959] (px4_msgs) StdoutLine: {'line': b'-- Up-to-date: /home/wei/fire_scout_ws/install/px4_msgs/include/px4_msgs/px4_msgs/msg/detail/parameter_set_used_request__rosidl_typesupport_introspection_cpp.hpp\n'}
[1.111990] (px4_msgs) StdoutLine: {'line': b'-- Up-to-date: /home/wei/fire_scout_ws/install/px4_msgs/include/px4_msgs/px4_msgs/msg/detail/cpuload__rosidl_typesupport_introspection_cpp.hpp\n'}
[1.112026] (px4_msgs) StdoutLine: {'line': b'-- Up-to-date: /home/wei/fire_scout_ws/install/px4_msgs/include/px4_msgs/px4_msgs/msg/detail/sensor_baro__type_support.cpp\n'}
[1.112060] (px4_msgs) StdoutLine: {'line': b'-- Up-to-date: /home/wei/fire_scout_ws/install/px4_msgs/include/px4_msgs/px4_msgs/msg/detail/vehicle_rates_setpoint__rosidl_typesupport_introspection_cpp.hpp\n'}
[1.112099] (px4_msgs) StdoutLine: {'line': b'-- Up-to-date: /home/wei/fire_scout_ws/install/px4_msgs/include/px4_msgs/px4_msgs/msg/detail/dataman_request__rosidl_typesupport_introspection_cpp.hpp\n'}
[1.112129] (px4_msgs) StdoutLine: {'line': b'-- Up-to-date: /home/wei/fire_scout_ws/install/px4_msgs/include/px4_msgs/px4_msgs/msg/detail/autotune_attitude_control_status__rosidl_typesupport_introspection_cpp.hpp\n'}
[1.112172] (px4_msgs) StdoutLine: {'line': b'-- Up-to-date: /home/wei/fire_scout_ws/install/px4_msgs/include/px4_msgs/px4_msgs/msg/detail/sensors_status_imu__rosidl_typesupport_introspection_cpp.hpp\n'}
[1.112204] (px4_msgs) StdoutLine: {'line': b'-- Up-to-date: /home/wei/fire_scout_ws/install/px4_msgs/include/px4_msgs/px4_msgs/msg/detail/manual_control_setpoint__rosidl_typesupport_introspection_cpp.hpp\n'}
[1.112235] (px4_msgs) StdoutLine: {'line': b'-- Up-to-date: /home/wei/fire_scout_ws/install/px4_msgs/include/px4_msgs/px4_msgs/msg/detail/px4io_status__type_support.cpp\n'}
[1.112266] (px4_msgs) StdoutLine: {'line': b'-- Up-to-date: /home/wei/fire_scout_ws/install/px4_msgs/include/px4_msgs/px4_msgs/msg/detail/estimator_innovations__rosidl_typesupport_introspection_cpp.hpp\n'}
[1.112296] (px4_msgs) StdoutLine: {'line': b'-- Up-to-date: /home/wei/fire_scout_ws/install/px4_msgs/include/px4_msgs/px4_msgs/msg/detail/rate_ctrl_status__rosidl_typesupport_introspection_cpp.hpp\n'}
[1.112328] (px4_msgs) StdoutLine: {'line': b'-- Up-to-date: /home/wei/fire_scout_ws/install/px4_msgs/include/px4_msgs/px4_msgs/msg/detail/actuator_controls_status__rosidl_typesupport_introspection_cpp.hpp\n'}
[1.112373] (px4_msgs) StdoutLine: {'line': b'-- Up-to-date: /home/wei/fire_scout_ws/install/px4_msgs/include/px4_msgs/px4_msgs/msg/detail/dataman_response__rosidl_typesupport_introspection_cpp.hpp\n'}
[1.112408] (px4_msgs) StdoutLine: {'line': b'-- Up-to-date: /home/wei/fire_scout_ws/install/px4_msgs/include/px4_msgs/px4_msgs/msg/detail/mission__rosidl_typesupport_introspection_cpp.hpp\n'}
[1.112462] (px4_msgs) StdoutLine: {'line': b'-- Up-to-date: /home/wei/fire_scout_ws/install/px4_msgs/include/px4_msgs/px4_msgs/msg/detail/iridiumsbd_status__type_support.cpp\n'}
[1.112493] (px4_msgs) StdoutLine: {'line': b'-- Up-to-date: /home/wei/fire_scout_ws/install/px4_msgs/include/px4_msgs/px4_msgs/msg/detail/irlock_report__type_support.cpp\n'}
[1.112526] (px4_msgs) StdoutLine: {'line': b'-- Up-to-date: /home/wei/fire_scout_ws/install/px4_msgs/include/px4_msgs/px4_msgs/msg/detail/estimator_aid_source2d__rosidl_typesupport_introspection_cpp.hpp\n'}
[1.112570] (px4_msgs) StdoutLine: {'line': b'-- Up-to-date: /home/wei/fire_scout_ws/install/px4_msgs/include/px4_msgs/px4_msgs/msg/detail/vehicle_local_position__rosidl_typesupport_introspection_cpp.hpp\n'}
[1.112600] (px4_msgs) StdoutLine: {'line': b'-- Up-to-date: /home/wei/fire_scout_ws/install/px4_msgs/include/px4_msgs/px4_msgs/msg/detail/sensor_optical_flow__rosidl_typesupport_introspection_cpp.hpp\n'}
[1.112632] (px4_msgs) StdoutLine: {'line': b'-- Up-to-date: /home/wei/fire_scout_ws/install/px4_msgs/include/px4_msgs/px4_msgs/msg/detail/vehicle_constraints__type_support.cpp\n'}
[1.112662] (px4_msgs) StdoutLine: {'line': b'-- Up-to-date: /home/wei/fire_scout_ws/install/px4_msgs/include/px4_msgs/px4_msgs/msg/detail/heater_status__rosidl_typesupport_introspection_cpp.hpp\n'}
[1.112692] (px4_msgs) StdoutLine: {'line': b'-- Up-to-date: /home/wei/fire_scout_ws/install/px4_msgs/include/px4_msgs/px4_msgs/msg/detail/gimbal_manager_information__type_support.cpp\n'}
[1.112721] (px4_msgs) StdoutLine: {'line': b'-- Up-to-date: /home/wei/fire_scout_ws/install/px4_msgs/include/px4_msgs/px4_msgs/msg/detail/obstacle_distance__type_support.cpp\n'}
[1.112750] (px4_msgs) StdoutLine: {'line': b'-- Up-to-date: /home/wei/fire_scout_ws/install/px4_msgs/include/px4_msgs/px4_msgs/msg/detail/sensor_baro__rosidl_typesupport_introspection_cpp.hpp\n'}
[1.112794] (px4_msgs) StdoutLine: {'line': b'-- Up-to-date: /home/wei/fire_scout_ws/install/px4_msgs/include/px4_msgs/px4_msgs/msg/detail/mount_orientation__type_support.cpp\n'}
[1.112827] (px4_msgs) StdoutLine: {'line': b'-- Up-to-date: /home/wei/fire_scout_ws/install/px4_msgs/include/px4_msgs/px4_msgs/msg/detail/vehicle_global_position__rosidl_typesupport_introspection_cpp.hpp\n'}
[1.112856] (px4_msgs) StdoutLine: {'line': b'-- Up-to-date: /home/wei/fire_scout_ws/install/px4_msgs/include/px4_msgs/px4_msgs/msg/detail/navigator_status__type_support.cpp\n'}
[1.112886] (px4_msgs) StdoutLine: {'line': b'-- Up-to-date: /home/wei/fire_scout_ws/install/px4_msgs/include/px4_msgs/px4_msgs/msg/detail/input_rc__rosidl_typesupport_introspection_cpp.hpp\n'}
[1.112917] (px4_msgs) StdoutLine: {'line': b'-- Up-to-date: /home/wei/fire_scout_ws/install/px4_msgs/include/px4_msgs/px4_msgs/msg/detail/estimator_event_flags__rosidl_typesupport_introspection_cpp.hpp\n'}
[1.112945] (px4_msgs) StdoutLine: {'line': b'-- Up-to-date: /home/wei/fire_scout_ws/install/px4_msgs/include/px4_msgs/px4_msgs/msg/detail/landing_gear__rosidl_typesupport_introspection_cpp.hpp\n'}
[1.112978] (px4_msgs) StdoutLine: {'line': b'-- Up-to-date: /home/wei/fire_scout_ws/install/px4_msgs/include/px4_msgs/px4_msgs/msg/detail/hover_thrust_estimate__rosidl_typesupport_introspection_cpp.hpp\n'}
[1.113008] (px4_msgs) StdoutLine: {'line': b'-- Up-to-date: /home/wei/fire_scout_ws/install/px4_msgs/include/px4_msgs/px4_msgs/msg/detail/failsafe_flags__type_support.cpp\n'}
[1.113036] (px4_msgs) StdoutLine: {'line': b'-- Up-to-date: /home/wei/fire_scout_ws/install/px4_msgs/include/px4_msgs/px4_msgs/msg/detail/adc_report__rosidl_typesupport_introspection_cpp.hpp\n'}
[1.113063] (px4_msgs) StdoutLine: {'line': b'-- Up-to-date: /home/wei/fire_scout_ws/install/px4_msgs/include/px4_msgs/px4_msgs/msg/detail/actuator_test__type_support.cpp\n'}
[1.113116] (px4_msgs) StdoutLine: {'line': b'-- Up-to-date: /home/wei/fire_scout_ws/install/px4_msgs/include/px4_msgs/px4_msgs/msg/detail/trajectory_setpoint6dof__type_support.cpp\n'}
[1.113148] (px4_msgs) StdoutLine: {'line': b'-- Up-to-date: /home/wei/fire_scout_ws/install/px4_msgs/include/px4_msgs/px4_msgs/msg/detail/vehicle_attitude_setpoint__type_support.cpp\n'}
[1.113177] (px4_msgs) StdoutLine: {'line': b'-- Up-to-date: /home/wei/fire_scout_ws/install/px4_msgs/include/px4_msgs/px4_msgs/msg/detail/hover_thrust_estimate__type_support.cpp\n'}
[1.113206] (px4_msgs) StdoutLine: {'line': b'-- Up-to-date: /home/wei/fire_scout_ws/install/px4_msgs/include/px4_msgs/px4_msgs/msg/detail/debug_array__type_support.cpp\n'}
[1.113235] (px4_msgs) StdoutLine: {'line': b'-- Up-to-date: /home/wei/fire_scout_ws/install/px4_msgs/include/px4_msgs/px4_msgs/msg/detail/estimator_bias3d__rosidl_typesupport_introspection_cpp.hpp\n'}
[1.113273] (px4_msgs) StdoutLine: {'line': b'-- Up-to-date: /home/wei/fire_scout_ws/install/px4_msgs/include/px4_msgs/px4_msgs/msg/detail/sensor_mag__type_support.cpp\n'}
[1.113302] (px4_msgs) StdoutLine: {'line': b'-- Up-to-date: /home/wei/fire_scout_ws/install/px4_msgs/include/px4_msgs/px4_msgs/msg/detail/open_drone_id_system__type_support.cpp\n'}
[1.113331] (px4_msgs) StdoutLine: {'line': b'-- Up-to-date: /home/wei/fire_scout_ws/install/px4_msgs/include/px4_msgs/px4_msgs/msg/detail/rover_steering_setpoint__type_support.cpp\n'}
[1.113359] (px4_msgs) StdoutLine: {'line': b'-- Up-to-date: /home/wei/fire_scout_ws/install/px4_msgs/include/px4_msgs/px4_msgs/msg/detail/gpio_in__rosidl_typesupport_introspection_cpp.hpp\n'}
[1.113397] (px4_msgs) StdoutLine: {'line': b'-- Up-to-date: /home/wei/fire_scout_ws/install/px4_msgs/include/px4_msgs/px4_msgs/msg/detail/mavlink_log__rosidl_typesupport_introspection_cpp.hpp\n'}
[1.113431] (px4_msgs) StdoutLine: {'line': b'-- Up-to-date: /home/wei/fire_scout_ws/install/px4_msgs/include/px4_msgs/px4_msgs/msg/detail/geofence_result__type_support.cpp\n'}
[1.113473] (px4_msgs) StdoutLine: {'line': b'-- Up-to-date: /home/wei/fire_scout_ws/install/px4_msgs/include/px4_msgs/px4_msgs/msg/detail/generator_status__type_support.cpp\n'}
[1.113509] (px4_msgs) StdoutLine: {'line': b'-- Up-to-date: /home/wei/fire_scout_ws/install/px4_msgs/include/px4_msgs/px4_msgs/msg/detail/logger_status__rosidl_typesupport_introspection_cpp.hpp\n'}
[1.113541] (px4_msgs) StdoutLine: {'line': b'-- Up-to-date: /home/wei/fire_scout_ws/install/px4_msgs/include/px4_msgs/px4_msgs/msg/detail/gimbal_controls__type_support.cpp\n'}
[1.113581] (px4_msgs) StdoutLine: {'line': b'-- Up-to-date: /home/wei/fire_scout_ws/install/px4_msgs/include/px4_msgs/px4_msgs/msg/detail/obstacle_distance__rosidl_typesupport_introspection_cpp.hpp\n'}
[1.113613] (px4_msgs) StdoutLine: {'line': b'-- Up-to-date: /home/wei/fire_scout_ws/install/px4_msgs/include/px4_msgs/px4_msgs/msg/detail/gimbal_manager_set_attitude__type_support.cpp\n'}
[1.113643] (px4_msgs) StdoutLine: {'line': b'-- Up-to-date: /home/wei/fire_scout_ws/install/px4_msgs/include/px4_msgs/px4_msgs/msg/detail/longitudinal_control_configuration__type_support.cpp\n'}
[1.113675] (px4_msgs) StdoutLine: {'line': b'-- Up-to-date: /home/wei/fire_scout_ws/install/px4_msgs/include/px4_msgs/px4_msgs/msg/detail/estimator_selector_status__rosidl_typesupport_introspection_cpp.hpp\n'}
[1.113728] (px4_msgs) StdoutLine: {'line': b'-- Up-to-date: /home/wei/fire_scout_ws/install/px4_msgs/include/px4_msgs/px4_msgs/msg/detail/mavlink_log__type_support.cpp\n'}
[1.113762] (px4_msgs) StdoutLine: {'line': b'-- Up-to-date: /home/wei/fire_scout_ws/install/px4_msgs/include/px4_msgs/px4_msgs/msg/detail/sensor_optical_flow__type_support.cpp\n'}
[1.113790] (px4_msgs) StdoutLine: {'line': b'-- Up-to-date: /home/wei/fire_scout_ws/install/px4_msgs/include/px4_msgs/px4_msgs/msg/detail/rpm__rosidl_typesupport_introspection_cpp.hpp\n'}
[1.113821] (px4_msgs) StdoutLine: {'line': b'-- Up-to-date: /home/wei/fire_scout_ws/install/px4_msgs/include/px4_msgs/px4_msgs/msg/detail/estimator_bias3d__type_support.cpp\n'}
[1.113851] (px4_msgs) StdoutLine: {'line': b'-- Up-to-date: /home/wei/fire_scout_ws/install/px4_msgs/include/px4_msgs/px4_msgs/msg/detail/vehicle_local_position_setpoint__type_support.cpp\n'}
[1.113881] (px4_msgs) StdoutLine: {'line': b'-- Up-to-date: /home/wei/fire_scout_ws/install/px4_msgs/include/px4_msgs/px4_msgs/msg/detail/register_ext_component_request__rosidl_typesupport_introspection_cpp.hpp\n'}
[1.113911] (px4_msgs) StdoutLine: {'line': b'-- Up-to-date: /home/wei/fire_scout_ws/install/px4_msgs/include/px4_msgs/px4_msgs/msg/detail/adc_report__type_support.cpp\n'}
[1.113941] (px4_msgs) StdoutLine: {'line': b'-- Up-to-date: /home/wei/fire_scout_ws/install/px4_msgs/include/px4_msgs/px4_msgs/msg/detail/flight_phase_estimation__type_support.cpp\n'}
[1.113983] (px4_msgs) StdoutLine: {'line': b'-- Up-to-date: /home/wei/fire_scout_ws/install/px4_msgs/include/px4_msgs/px4_msgs/msg/detail/esc_report__type_support.cpp\n'}
[1.114015] (px4_msgs) StdoutLine: {'line': b'-- Up-to-date: /home/wei/fire_scout_ws/install/px4_msgs/include/px4_msgs/px4_msgs/msg/detail/vehicle_thrust_setpoint__rosidl_typesupport_introspection_cpp.hpp\n'}
[1.114057] (px4_msgs) StdoutLine: {'line': b'-- Up-to-date: /home/wei/fire_scout_ws/install/px4_msgs/include/px4_msgs/px4_msgs/msg/detail/power_monitor__rosidl_typesupport_introspection_cpp.hpp\n'}
[1.114091] (px4_msgs) StdoutLine: {'line': b'-- Up-to-date: /home/wei/fire_scout_ws/install/px4_msgs/include/px4_msgs/px4_msgs/msg/detail/estimator_status__type_support.cpp\n'}
[1.114122] (px4_msgs) StdoutLine: {'line': b'-- Up-to-date: /home/wei/fire_scout_ws/install/px4_msgs/include/px4_msgs/px4_msgs/msg/detail/gps_dump__rosidl_typesupport_introspection_cpp.hpp\n'}
[1.114152] (px4_msgs) StdoutLine: {'line': b'-- Up-to-date: /home/wei/fire_scout_ws/install/px4_msgs/include/px4_msgs/px4_msgs/msg/detail/vehicle_optical_flow_vel__rosidl_typesupport_introspection_cpp.hpp\n'}
[1.114185] (px4_msgs) StdoutLine: {'line': b'-- Up-to-date: /home/wei/fire_scout_ws/install/px4_msgs/include/px4_msgs/px4_msgs/msg/detail/task_stack_info__rosidl_typesupport_introspection_cpp.hpp\n'}
[1.114217] (px4_msgs) StdoutLine: {'line': b'-- Up-to-date: /home/wei/fire_scout_ws/install/px4_msgs/include/px4_msgs/px4_msgs/msg/detail/sensor_accel__type_support.cpp\n'}
[1.114248] (px4_msgs) StdoutLine: {'line': b'-- Up-to-date: /home/wei/fire_scout_ws/install/px4_msgs/include/px4_msgs/px4_msgs/msg/detail/rover_steering_setpoint__rosidl_typesupport_introspection_cpp.hpp\n'}
[1.114290] (px4_msgs) StdoutLine: {'line': b'-- Up-to-date: /home/wei/fire_scout_ws/install/px4_msgs/include/px4_msgs/px4_msgs/msg/detail/home_position__rosidl_typesupport_introspection_cpp.hpp\n'}
[1.114322] (px4_msgs) StdoutLine: {'line': b'-- Up-to-date: /home/wei/fire_scout_ws/install/px4_msgs/include/px4_msgs/px4_msgs/msg/detail/camera_status__rosidl_typesupport_introspection_cpp.hpp\n'}
[1.114352] (px4_msgs) StdoutLine: {'line': b'-- Up-to-date: /home/wei/fire_scout_ws/install/px4_msgs/include/px4_msgs/px4_msgs/msg/detail/pure_pursuit_status__type_support.cpp\n'}
[1.114385] (px4_msgs) StdoutLine: {'line': b'-- Up-to-date: /home/wei/fire_scout_ws/install/px4_msgs/include/px4_msgs/px4_msgs/msg/detail/parameter_set_value_response__type_support.cpp\n'}
[1.114417] (px4_msgs) StdoutLine: {'line': b'-- Up-to-date: /home/wei/fire_scout_ws/install/px4_msgs/include/px4_msgs/px4_msgs/msg/detail/fuel_tank_status__type_support.cpp\n'}
[1.114472] (px4_msgs) StdoutLine: {'line': b'-- Up-to-date: /home/wei/fire_scout_ws/install/px4_msgs/include/px4_msgs/px4_msgs/msg/detail/vehicle_attitude_setpoint__rosidl_typesupport_introspection_cpp.hpp\n'}
[1.114508] (px4_msgs) StdoutLine: {'line': b'-- Up-to-date: /home/wei/fire_scout_ws/install/px4_msgs/include/px4_msgs/px4_msgs/msg/detail/orb_test_large__type_support.cpp\n'}
[1.114542] (px4_msgs) StdoutLine: {'line': b'-- Up-to-date: /home/wei/fire_scout_ws/install/px4_msgs/include/px4_msgs/px4_msgs/msg/detail/sensor_gnss_relative__type_support.cpp\n'}
[1.114577] (px4_msgs) StdoutLine: {'line': b'-- Up-to-date: /home/wei/fire_scout_ws/install/px4_msgs/include/px4_msgs/px4_msgs/msg/detail/vehicle_optical_flow__type_support.cpp\n'}
[1.114610] (px4_msgs) StdoutLine: {'line': b'-- Up-to-date: /home/wei/fire_scout_ws/install/px4_msgs/include/px4_msgs/px4_msgs/msg/detail/open_drone_id_system__rosidl_typesupport_introspection_cpp.hpp\n'}
[1.114644] (px4_msgs) StdoutLine: {'line': b'-- Up-to-date: /home/wei/fire_scout_ws/install/px4_msgs/include/px4_msgs/px4_msgs/msg/detail/battery_info__type_support.cpp\n'}
[1.114679] (px4_msgs) StdoutLine: {'line': b'-- Up-to-date: /home/wei/fire_scout_ws/install/px4_msgs/include/px4_msgs/px4_msgs/msg/detail/timesync_status__type_support.cpp\n'}
[1.114719] (px4_msgs) StdoutLine: {'line': b'-- Up-to-date: /home/wei/fire_scout_ws/install/px4_msgs/include/px4_msgs/px4_msgs/msg/detail/rover_attitude_status__rosidl_typesupport_introspection_cpp.hpp\n'}
[1.114750] (px4_msgs) StdoutLine: {'line': b'-- Up-to-date: /home/wei/fire_scout_ws/install/px4_msgs/include/px4_msgs/px4_msgs/msg/detail/fixed_wing_longitudinal_setpoint__type_support.cpp\n'}
[1.114785] (px4_msgs) StdoutLine: {'line': b'-- Up-to-date: /home/wei/fire_scout_ws/install/px4_msgs/include/px4_msgs/px4_msgs/msg/detail/rc_parameter_map__rosidl_typesupport_introspection_cpp.hpp\n'}
[1.114814] (px4_msgs) StdoutLine: {'line': b'-- Up-to-date: /home/wei/fire_scout_ws/install/px4_msgs/include/px4_msgs/px4_msgs/msg/detail/gimbal_manager_set_manual_control__rosidl_typesupport_introspection_cpp.hpp\n'}
[1.114844] (px4_msgs) StdoutLine: {'line': b'-- Up-to-date: /home/wei/fire_scout_ws/install/px4_msgs/include/px4_msgs/px4_msgs/msg/detail/ekf2_timestamps__rosidl_typesupport_introspection_cpp.hpp\n'}
[1.114875] (px4_msgs) StdoutLine: {'line': b'-- Up-to-date: /home/wei/fire_scout_ws/install/px4_msgs/include/px4_msgs/px4_msgs/msg/detail/vehicle_roi__type_support.cpp\n'}
[1.114905] (px4_msgs) StdoutLine: {'line': b'-- Up-to-date: /home/wei/fire_scout_ws/install/px4_msgs/include/px4_msgs/px4_msgs/msg/detail/differential_pressure__rosidl_typesupport_introspection_cpp.hpp\n'}
[1.114935] (px4_msgs) StdoutLine: {'line': b'-- Up-to-date: /home/wei/fire_scout_ws/install/px4_msgs/include/px4_msgs/px4_msgs/msg/detail/irlock_report__rosidl_typesupport_introspection_cpp.hpp\n'}
[1.114972] (px4_msgs) StdoutLine: {'line': b'-- Up-to-date: /home/wei/fire_scout_ws/install/px4_msgs/include/px4_msgs/px4_msgs/msg/detail/pure_pursuit_status__rosidl_typesupport_introspection_cpp.hpp\n'}
[1.115001] (px4_msgs) StdoutLine: {'line': b'-- Up-to-date: /home/wei/fire_scout_ws/install/px4_msgs/include/px4_msgs/px4_msgs/msg/detail/vtol_vehicle_status__type_support.cpp\n'}
[1.115032] (px4_msgs) StdoutLine: {'line': b'-- Up-to-date: /home/wei/fire_scout_ws/install/px4_msgs/include/px4_msgs/px4_msgs/msg/detail/longitudinal_control_configuration__rosidl_typesupport_introspection_cpp.hpp\n'}
[1.115086] (px4_msgs) StdoutLine: {'line': b'-- Up-to-date: /home/wei/fire_scout_ws/install/px4_msgs/include/px4_msgs/px4_msgs/msg/detail/ulog_stream__type_support.cpp\n'}
[1.115120] (px4_msgs) StdoutLine: {'line': b'-- Up-to-date: /home/wei/fire_scout_ws/install/px4_msgs/include/px4_msgs/px4_msgs/msg/detail/neural_control__type_support.cpp\n'}
[1.115151] (px4_msgs) StdoutLine: {'line': b'-- Up-to-date: /home/wei/fire_scout_ws/install/px4_msgs/include/px4_msgs/px4_msgs/msg/detail/actuator_motors__type_support.cpp\n'}
[1.115182] (px4_msgs) StdoutLine: {'line': b'-- Up-to-date: /home/wei/fire_scout_ws/install/px4_msgs/include/px4_msgs/px4_msgs/msg/detail/control_allocator_status__type_support.cpp\n'}
[1.115212] (px4_msgs) StdoutLine: {'line': b'-- Up-to-date: /home/wei/fire_scout_ws/install/px4_msgs/include/px4_msgs/px4_msgs/msg/detail/arming_check_reply__rosidl_typesupport_introspection_cpp.hpp\n'}
[1.115241] (px4_msgs) StdoutLine: {'line': b'-- Up-to-date: /home/wei/fire_scout_ws/install/px4_msgs/include/px4_msgs/px4_msgs/msg/detail/estimator_status_flags__rosidl_typesupport_introspection_cpp.hpp\n'}
[1.115271] (px4_msgs) StdoutLine: {'line': b'-- Up-to-date: /home/wei/fire_scout_ws/install/px4_msgs/include/px4_msgs/px4_msgs/msg/detail/ulog_stream__rosidl_typesupport_introspection_cpp.hpp\n'}
[1.115300] (px4_msgs) StdoutLine: {'line': b'-- Up-to-date: /home/wei/fire_scout_ws/install/px4_msgs/include/px4_msgs/px4_msgs/msg/detail/distance_sensor_mode_change_request__rosidl_typesupport_introspection_cpp.hpp\n'}
[1.115330] (px4_msgs) StdoutLine: {'line': b'-- Up-to-date: /home/wei/fire_scout_ws/install/px4_msgs/include/px4_msgs/px4_msgs/msg/detail/velocity_limits__type_support.cpp\n'}
[1.115373] (px4_msgs) StdoutLine: {'line': b'-- Up-to-date: /home/wei/fire_scout_ws/install/px4_msgs/include/px4_msgs/px4_msgs/msg/detail/landing_target_innovations__rosidl_typesupport_introspection_cpp.hpp\n'}
[1.115407] (px4_msgs) StdoutLine: {'line': b'-- Up-to-date: /home/wei/fire_scout_ws/install/px4_msgs/include/px4_msgs/px4_msgs/msg/detail/power_button_state__rosidl_typesupport_introspection_cpp.hpp\n'}
[1.115449] (px4_msgs) StdoutLine: {'line': b'-- Up-to-date: /home/wei/fire_scout_ws/install/px4_msgs/include/px4_msgs/px4_msgs/msg/detail/actuator_controls_status__type_support.cpp\n'}
[1.115480] (px4_msgs) StdoutLine: {'line': b'-- Up-to-date: /home/wei/fire_scout_ws/install/px4_msgs/include/px4_msgs/px4_msgs/msg/detail/estimator_selector_status__type_support.cpp\n'}
[1.115510] (px4_msgs) StdoutLine: {'line': b'-- Up-to-date: /home/wei/fire_scout_ws/install/px4_msgs/include/px4_msgs/px4_msgs/msg/detail/vtol_vehicle_status__rosidl_typesupport_introspection_cpp.hpp\n'}
[1.115543] (px4_msgs) StdoutLine: {'line': b'-- Up-to-date: /home/wei/fire_scout_ws/install/px4_msgs/include/px4_msgs/px4_msgs/msg/detail/failure_detector_status__rosidl_typesupport_introspection_cpp.hpp\n'}
[1.115572] (px4_msgs) StdoutLine: {'line': b'-- Up-to-date: /home/wei/fire_scout_ws/install/px4_msgs/include/px4_msgs/px4_msgs/msg/detail/actuator_motors__rosidl_typesupport_introspection_cpp.hpp\n'}
[1.115601] (px4_msgs) StdoutLine: {'line': b'-- Up-to-date: /home/wei/fire_scout_ws/install/px4_msgs/include/px4_msgs/px4_msgs/msg/detail/orb_test_large__rosidl_typesupport_introspection_cpp.hpp\n'}
[1.115632] (px4_msgs) StdoutLine: {'line': b'-- Up-to-date: /home/wei/fire_scout_ws/install/px4_msgs/include/px4_msgs/px4_msgs/msg/detail/ekf2_timestamps__type_support.cpp\n'}
[1.115666] (px4_msgs) StdoutLine: {'line': b'-- Up-to-date: /home/wei/fire_scout_ws/install/px4_msgs/include/px4_msgs/px4_msgs/msg/detail/message_format_request__type_support.cpp\n'}
[1.115698] (px4_msgs) StdoutLine: {'line': b'-- Up-to-date: /home/wei/fire_scout_ws/install/px4_msgs/include/px4_msgs/px4_msgs/msg/detail/offboard_control_mode__rosidl_typesupport_introspection_cpp.hpp\n'}
[1.115729] (px4_msgs) StdoutLine: {'line': b'-- Up-to-date: /home/wei/fire_scout_ws/install/px4_msgs/include/px4_msgs/px4_msgs/msg/detail/airspeed_validated__rosidl_typesupport_introspection_cpp.hpp\n'}
[1.115758] (px4_msgs) StdoutLine: {'line': b'-- Up-to-date: /home/wei/fire_scout_ws/install/px4_msgs/include/px4_msgs/px4_msgs/msg/detail/mode_completed__rosidl_typesupport_introspection_cpp.hpp\n'}
[1.115793] (px4_msgs) StdoutLine: {'line': b'-- Up-to-date: /home/wei/fire_scout_ws/install/px4_msgs/include/px4_msgs/px4_msgs/msg/detail/sensor_mag__rosidl_typesupport_introspection_cpp.hpp\n'}
[1.115828] (px4_msgs) StdoutLine: {'line': b'-- Up-to-date: /home/wei/fire_scout_ws/install/px4_msgs/include/px4_msgs/px4_msgs/msg/detail/goto_setpoint__rosidl_typesupport_introspection_cpp.hpp\n'}
[1.115880] (px4_msgs) StdoutLine: {'line': b'-- Up-to-date: /home/wei/fire_scout_ws/install/px4_msgs/include/px4_msgs/px4_msgs/msg/detail/geofence_result__rosidl_typesupport_introspection_cpp.hpp\n'}
[1.115915] (px4_msgs) StdoutLine: {'line': b'-- Up-to-date: /home/wei/fire_scout_ws/install/px4_msgs/include/px4_msgs/px4_msgs/msg/detail/gpio_request__rosidl_typesupport_introspection_cpp.hpp\n'}
[1.115944] (px4_msgs) StdoutLine: {'line': b'-- Up-to-date: /home/wei/fire_scout_ws/install/px4_msgs/include/px4_msgs/px4_msgs/msg/detail/follow_target__rosidl_typesupport_introspection_cpp.hpp\n'}
[1.115974] (px4_msgs) StdoutLine: {'line': b'-- Up-to-date: /home/wei/fire_scout_ws/install/px4_msgs/include/px4_msgs/px4_msgs/msg/detail/gimbal_device_set_attitude__rosidl_typesupport_introspection_cpp.hpp\n'}
[1.116006] (px4_msgs) StdoutLine: {'line': b'-- Up-to-date: /home/wei/fire_scout_ws/install/px4_msgs/include/px4_msgs/px4_msgs/msg/detail/gpio_out__rosidl_typesupport_introspection_cpp.hpp\n'}
[1.116038] (px4_msgs) StdoutLine: {'line': b'-- Up-to-date: /home/wei/fire_scout_ws/install/px4_msgs/include/px4_msgs/px4_msgs/msg/detail/rover_rate_setpoint__type_support.cpp\n'}
[1.116070] (px4_msgs) StdoutLine: {'line': b'-- Up-to-date: /home/wei/fire_scout_ws/install/px4_msgs/include/px4_msgs/px4_msgs/msg/detail/action_request__type_support.cpp\n'}
[1.116112] (px4_msgs) StdoutLine: {'line': b'-- Up-to-date: /home/wei/fire_scout_ws/install/px4_msgs/include/px4_msgs/px4_msgs/msg/detail/rover_speed_status__type_support.cpp\n'}
[1.116145] (px4_msgs) StdoutLine: {'line': b'-- Up-to-date: /home/wei/fire_scout_ws/install/px4_msgs/include/px4_msgs/px4_msgs/msg/detail/vehicle_command__rosidl_typesupport_introspection_cpp.hpp\n'}
[1.116177] (px4_msgs) StdoutLine: {'line': b'-- Up-to-date: /home/wei/fire_scout_ws/install/px4_msgs/include/px4_msgs/px4_msgs/msg/detail/navigator_status__rosidl_typesupport_introspection_cpp.hpp\n'}
[1.116209] (px4_msgs) StdoutLine: {'line': b'-- Up-to-date: /home/wei/fire_scout_ws/install/px4_msgs/include/px4_msgs/px4_msgs/msg/detail/register_ext_component_request__type_support.cpp\n'}
[1.116241] (px4_msgs) StdoutLine: {'line': b'-- Up-to-date: /home/wei/fire_scout_ws/install/px4_msgs/include/px4_msgs/px4_msgs/msg/detail/fixed_wing_lateral_setpoint__type_support.cpp\n'}
[1.116273] (px4_msgs) StdoutLine: {'line': b'-- Up-to-date: /home/wei/fire_scout_ws/install/px4_msgs/include/px4_msgs/px4_msgs/msg/detail/vehicle_attitude__rosidl_typesupport_introspection_cpp.hpp\n'}
[1.116317] (px4_msgs) StdoutLine: {'line': b'-- Up-to-date: /home/wei/fire_scout_ws/install/px4_msgs/include/px4_msgs/px4_msgs/msg/detail/fixed_wing_runway_control__type_support.cpp\n'}
[1.116349] (px4_msgs) StdoutLine: {'line': b'-- Up-to-date: /home/wei/fire_scout_ws/install/px4_msgs/include/px4_msgs/px4_msgs/msg/detail/mode_completed__type_support.cpp\n'}
[1.116393] (px4_msgs) StdoutLine: {'line': b'-- Up-to-date: /home/wei/fire_scout_ws/install/px4_msgs/include/px4_msgs/px4_msgs/msg/detail/task_stack_info__type_support.cpp\n'}
[1.116424] (px4_msgs) StdoutLine: {'line': b'-- Up-to-date: /home/wei/fire_scout_ws/install/px4_msgs/include/px4_msgs/px4_msgs/msg/detail/uavcan_parameter_value__rosidl_typesupport_introspection_cpp.hpp\n'}
[1.116457] (px4_msgs) StdoutLine: {'line': b'-- Up-to-date: /home/wei/fire_scout_ws/install/px4_msgs/include/px4_msgs/px4_msgs/msg/detail/gimbal_controls__rosidl_typesupport_introspection_cpp.hpp\n'}
[1.116488] (px4_msgs) StdoutLine: {'line': b'-- Up-to-date: /home/wei/fire_scout_ws/install/px4_msgs/include/px4_msgs/px4_msgs/msg/detail/wind__rosidl_typesupport_introspection_cpp.hpp\n'}
[1.116531] (px4_msgs) StdoutLine: {'line': b'-- Up-to-date: /home/wei/fire_scout_ws/install/px4_msgs/include/px4_msgs/px4_msgs/msg/detail/message_format_response__rosidl_typesupport_introspection_cpp.hpp\n'}
[1.116564] (px4_msgs) StdoutLine: {'line': b'-- Up-to-date: /home/wei/fire_scout_ws/install/px4_msgs/include/px4_msgs/px4_msgs/msg/detail/sensor_gnss_status__type_support.cpp\n'}
[1.116596] (px4_msgs) StdoutLine: {'line': b'-- Up-to-date: /home/wei/fire_scout_ws/install/px4_msgs/include/px4_msgs/px4_msgs/msg/detail/gimbal_device_information__rosidl_typesupport_introspection_cpp.hpp\n'}
[1.116626] (px4_msgs) StdoutLine: {'line': b'-- Up-to-date: /home/wei/fire_scout_ws/install/px4_msgs/include/px4_msgs/px4_msgs/msg/detail/fuel_tank_status__rosidl_typesupport_introspection_cpp.hpp\n'}
[1.116657] (px4_msgs) StdoutLine: {'line': b'-- Up-to-date: /home/wei/fire_scout_ws/install/px4_msgs/include/px4_msgs/px4_msgs/msg/detail/vehicle_rates_setpoint__type_support.cpp\n'}
[1.116687] (px4_msgs) StdoutLine: {'line': b'-- Up-to-date: /home/wei/fire_scout_ws/install/px4_msgs/include/px4_msgs/px4_msgs/msg/detail/onboard_computer_status__type_support.cpp\n'}
[1.116719] (px4_msgs) StdoutLine: {'line': b'-- Up-to-date: /home/wei/fire_scout_ws/install/px4_msgs/include/px4_msgs/px4_msgs/msg/detail/telemetry_status__rosidl_typesupport_introspection_cpp.hpp\n'}
[1.116777] (px4_msgs) StdoutLine: {'line': b'-- Up-to-date: /home/wei/fire_scout_ws/install/px4_msgs/include/px4_msgs/px4_msgs/msg/detail/sensor_hygrometer__rosidl_typesupport_introspection_cpp.hpp\n'}
[1.116810] (px4_msgs) StdoutLine: {'line': b'-- Up-to-date: /home/wei/fire_scout_ws/install/px4_msgs/include/px4_msgs/px4_msgs/msg/detail/rover_attitude_status__type_support.cpp\n'}
[1.116842] (px4_msgs) StdoutLine: {'line': b'-- Up-to-date: /home/wei/fire_scout_ws/install/px4_msgs/include/px4_msgs/px4_msgs/msg/detail/telemetry_status__type_support.cpp\n'}
[1.116878] (px4_msgs) StdoutLine: {'line': b'-- Up-to-date: /home/wei/fire_scout_ws/install/px4_msgs/include/px4_msgs/px4_msgs/msg/detail/transponder_report__rosidl_typesupport_introspection_cpp.hpp\n'}
[1.116909] (px4_msgs) StdoutLine: {'line': b'-- Up-to-date: /home/wei/fire_scout_ws/install/px4_msgs/include/px4_msgs/px4_msgs/msg/detail/arming_check_request__rosidl_typesupport_introspection_cpp.hpp\n'}
[1.116939] (px4_msgs) StdoutLine: {'line': b'-- Up-to-date: /home/wei/fire_scout_ws/install/px4_msgs/include/px4_msgs/px4_msgs/msg/detail/estimator_aid_source2d__type_support.cpp\n'}
[1.116969] (px4_msgs) StdoutLine: {'line': b'-- Up-to-date: /home/wei/fire_scout_ws/install/px4_msgs/include/px4_msgs/px4_msgs/msg/detail/estimator_status_flags__type_support.cpp\n'}
[1.117000] (px4_msgs) StdoutLine: {'line': b'-- Up-to-date: /home/wei/fire_scout_ws/install/px4_msgs/include/px4_msgs/px4_msgs/msg/detail/estimator_status__rosidl_typesupport_introspection_cpp.hpp\n'}
[1.117031] (px4_msgs) StdoutLine: {'line': b'-- Up-to-date: /home/wei/fire_scout_ws/install/px4_msgs/include/px4_msgs/px4_msgs/msg/detail/tecs_status__rosidl_typesupport_introspection_cpp.hpp\n'}
[1.117073] (px4_msgs) StdoutLine: {'line': b'-- Up-to-date: /home/wei/fire_scout_ws/install/px4_msgs/include/px4_msgs/px4_msgs/msg/detail/vehicle_imu_status__rosidl_typesupport_introspection_cpp.hpp\n'}
[1.117108] (px4_msgs) StdoutLine: {'line': b'-- Up-to-date: /home/wei/fire_scout_ws/install/px4_msgs/include/px4_msgs/px4_msgs/msg/detail/fixed_wing_lateral_guidance_status__type_support.cpp\n'}
[1.117143] (px4_msgs) StdoutLine: {'line': b'-- Up-to-date: /home/wei/fire_scout_ws/install/px4_msgs/include/px4_msgs/px4_msgs/msg/detail/vehicle_optical_flow__rosidl_typesupport_introspection_cpp.hpp\n'}
[1.117175] (px4_msgs) StdoutLine: {'line': b'-- Up-to-date: /home/wei/fire_scout_ws/install/px4_msgs/include/px4_msgs/px4_msgs/msg/detail/unregister_ext_component__rosidl_typesupport_introspection_cpp.hpp\n'}
[1.117207] (px4_msgs) StdoutLine: {'line': b'-- Up-to-date: /home/wei/fire_scout_ws/install/px4_msgs/include/px4_msgs/px4_msgs/msg/detail/tecs_status__type_support.cpp\n'}
[1.117237] (px4_msgs) StdoutLine: {'line': b'-- Up-to-date: /home/wei/fire_scout_ws/install/px4_msgs/include/px4_msgs/px4_msgs/msg/detail/collision_constraints__type_support.cpp\n'}
[1.117278] (px4_msgs) StdoutLine: {'line': b'-- Up-to-date: /home/wei/fire_scout_ws/install/px4_msgs/include/px4_msgs/px4_msgs/msg/detail/geofence_status__type_support.cpp\n'}
[1.117310] (px4_msgs) StdoutLine: {'line': b'-- Up-to-date: /home/wei/fire_scout_ws/install/px4_msgs/include/px4_msgs/px4_msgs/msg/detail/distance_sensor_mode_change_request__type_support.cpp\n'}
[1.117344] (px4_msgs) StdoutLine: {'line': b'-- Up-to-date: /home/wei/fire_scout_ws/install/px4_msgs/include/px4_msgs/px4_msgs/msg/detail/dataman_request__type_support.cpp\n'}
[1.117382] (px4_msgs) StdoutLine: {'line': b'-- Up-to-date: /home/wei/fire_scout_ws/install/px4_msgs/include/px4_msgs/px4_msgs/msg/detail/ping__rosidl_typesupport_introspection_cpp.hpp\n'}
[1.117414] (px4_msgs) StdoutLine: {'line': b'-- Up-to-date: /home/wei/fire_scout_ws/install/px4_msgs/include/px4_msgs/px4_msgs/msg/detail/satellite_info__rosidl_typesupport_introspection_cpp.hpp\n'}
[1.117448] (px4_msgs) StdoutLine: {'line': b'-- Up-to-date: /home/wei/fire_scout_ws/install/px4_msgs/include/px4_msgs/px4_msgs/msg/detail/actuator_test__rosidl_typesupport_introspection_cpp.hpp\n'}
[1.117493] (px4_msgs) StdoutLine: {'line': b'-- Up-to-date: /home/wei/fire_scout_ws/install/px4_msgs/include/px4_msgs/px4_msgs/msg/detail/wind__type_support.cpp\n'}
[1.117524] (px4_msgs) StdoutLine: {'line': b'-- Up-to-date: /home/wei/fire_scout_ws/install/px4_msgs/include/px4_msgs/px4_msgs/msg/detail/estimator_aid_source1d__type_support.cpp\n'}
[1.117556] (px4_msgs) StdoutLine: {'line': b'-- Up-to-date: /home/wei/fire_scout_ws/install/px4_msgs/include/px4_msgs/px4_msgs/msg/detail/parameter_update__type_support.cpp\n'}
[1.117587] (px4_msgs) StdoutLine: {'line': b'-- Up-to-date: /home/wei/fire_scout_ws/install/px4_msgs/include/px4_msgs/px4_msgs/msg/detail/gps_dump__type_support.cpp\n'}
[1.117619] (px4_msgs) StdoutLine: {'line': b'-- Up-to-date: /home/wei/fire_scout_ws/install/px4_msgs/include/px4_msgs/px4_msgs/msg/detail/takeoff_status__type_support.cpp\n'}
[1.117649] (px4_msgs) StdoutLine: {'line': b'-- Up-to-date: /home/wei/fire_scout_ws/install/px4_msgs/include/px4_msgs/px4_msgs/msg/detail/log_message__type_support.cpp\n'}
[1.117690] (px4_msgs) StdoutLine: {'line': b'-- Up-to-date: /home/wei/fire_scout_ws/install/px4_msgs/include/px4_msgs/px4_msgs/msg/detail/fixed_wing_runway_control__rosidl_typesupport_introspection_cpp.hpp\n'}
[1.117722] (px4_msgs) StdoutLine: {'line': b'-- Up-to-date: /home/wei/fire_scout_ws/install/px4_msgs/include/px4_msgs/px4_msgs/msg/detail/estimator_sensor_bias__type_support.cpp\n'}
[1.117752] (px4_msgs) StdoutLine: {'line': b'-- Up-to-date: /home/wei/fire_scout_ws/install/px4_msgs/include/px4_msgs/px4_msgs/msg/detail/estimator_event_flags__type_support.cpp\n'}
[1.117781] (px4_msgs) StdoutLine: {'line': b'-- Up-to-date: /home/wei/fire_scout_ws/install/px4_msgs/include/px4_msgs/px4_msgs/msg/detail/parameter_set_used_request__type_support.cpp\n'}
[1.117810] (px4_msgs) StdoutLine: {'line': b'-- Up-to-date: /home/wei/fire_scout_ws/install/px4_msgs/include/px4_msgs/px4_msgs/msg/detail/actuator_armed__rosidl_typesupport_introspection_cpp.hpp\n'}
[1.117842] (px4_msgs) StdoutLine: {'line': b'-- Up-to-date: /home/wei/fire_scout_ws/install/px4_msgs/include/px4_msgs/px4_msgs/msg/detail/actuator_servos__type_support.cpp\n'}
[1.117875] (px4_msgs) StdoutLine: {'line': b'-- Up-to-date: /home/wei/fire_scout_ws/install/px4_msgs/include/px4_msgs/px4_msgs/msg/detail/gimbal_manager_information__rosidl_typesupport_introspection_cpp.hpp\n'}
[1.117903] (px4_msgs) StdoutLine: {'line': b'-- Up-to-date: /home/wei/fire_scout_ws/install/px4_msgs/include/px4_msgs/px4_msgs/msg/detail/sensor_gyro__rosidl_typesupport_introspection_cpp.hpp\n'}
[1.117932] (px4_msgs) StdoutLine: {'line': b'-- Up-to-date: /home/wei/fire_scout_ws/install/px4_msgs/include/px4_msgs/px4_msgs/msg/detail/input_rc__type_support.cpp\n'}
[1.117960] (px4_msgs) StdoutLine: {'line': b'-- Up-to-date: /home/wei/fire_scout_ws/install/px4_msgs/include/px4_msgs/px4_msgs/msg/detail/gimbal_manager_status__rosidl_typesupport_introspection_cpp.hpp\n'}
[1.118015] (px4_msgs) StdoutLine: {'line': b'-- Up-to-date: /home/wei/fire_scout_ws/install/px4_msgs/include/px4_msgs/px4_msgs/msg/detail/figure_eight_status__rosidl_typesupport_introspection_cpp.hpp\n'}
[1.118044] (px4_msgs) StdoutLine: {'line': b'-- Up-to-date: /home/wei/fire_scout_ws/install/px4_msgs/include/px4_msgs/px4_msgs/msg/detail/mavlink_tunnel__type_support.cpp\n'}
[1.118074] (px4_msgs) StdoutLine: {'line': b'-- Up-to-date: /home/wei/fire_scout_ws/install/px4_msgs/include/px4_msgs/px4_msgs/msg/detail/sensor_gyro_fifo__rosidl_typesupport_introspection_cpp.hpp\n'}
[1.118104] (px4_msgs) StdoutLine: {'line': b'-- Up-to-date: /home/wei/fire_scout_ws/install/px4_msgs/include/px4_msgs/px4_msgs/msg/detail/sensor_gyro_fft__rosidl_typesupport_introspection_cpp.hpp\n'}
[1.118134] (px4_msgs) StdoutLine: {'line': b'-- Up-to-date: /home/wei/fire_scout_ws/install/px4_msgs/include/px4_msgs/px4_msgs/msg/detail/pwm_input__rosidl_typesupport_introspection_cpp.hpp\n'}
[1.118176] (px4_msgs) StdoutLine: {'line': b'-- Up-to-date: /home/wei/fire_scout_ws/install/px4_msgs/include/px4_msgs/px4_msgs/msg/detail/sensor_gps__type_support.cpp\n'}
[1.118206] (px4_msgs) StdoutLine: {'line': b'-- Up-to-date: /home/wei/fire_scout_ws/install/px4_msgs/include/px4_msgs/px4_msgs/msg/detail/mission__type_support.cpp\n'}
[1.118236] (px4_msgs) StdoutLine: {'line': b'-- Up-to-date: /home/wei/fire_scout_ws/install/px4_msgs/include/px4_msgs/px4_msgs/msg/detail/qshell_req__rosidl_typesupport_introspection_cpp.hpp\n'}
[1.118267] (px4_msgs) StdoutLine: {'line': b'-- Up-to-date: /home/wei/fire_scout_ws/install/px4_msgs/include/px4_msgs/px4_msgs/msg/detail/qshell_req__type_support.cpp\n'}
[1.118296] (px4_msgs) StdoutLine: {'line': b'-- Up-to-date: /home/wei/fire_scout_ws/install/px4_msgs/include/px4_msgs/px4_msgs/msg/detail/actuator_outputs__rosidl_typesupport_introspection_cpp.hpp\n'}
[1.118325] (px4_msgs) StdoutLine: {'line': b'-- Up-to-date: /home/wei/fire_scout_ws/install/px4_msgs/include/px4_msgs/px4_msgs/msg/detail/offboard_control_mode__type_support.cpp\n'}
[1.118364] (px4_msgs) StdoutLine: {'line': b'-- Up-to-date: /home/wei/fire_scout_ws/install/px4_msgs/include/px4_msgs/px4_msgs/msg/detail/gps_inject_data__rosidl_typesupport_introspection_cpp.hpp\n'}
[1.118401] (px4_msgs) StdoutLine: {'line': b'-- Up-to-date: /home/wei/fire_scout_ws/install/px4_msgs/include/px4_msgs/px4_msgs/msg/detail/fixed_wing_lateral_status__type_support.cpp\n'}
[1.118430] (px4_msgs) StdoutLine: {'line': b'-- Up-to-date: /home/wei/fire_scout_ws/install/px4_msgs/include/px4_msgs/px4_msgs/msg/detail/magnetometer_bias_estimate__type_support.cpp\n'}
[1.118467] (px4_msgs) StdoutLine: {'line': b'-- Up-to-date: /home/wei/fire_scout_ws/install/px4_msgs/include/px4_msgs/px4_msgs/msg/detail/position_setpoint__type_support.cpp\n'}
[1.118499] (px4_msgs) StdoutLine: {'line': b'-- Up-to-date: /home/wei/fire_scout_ws/install/px4_msgs/include/px4_msgs/px4_msgs/msg/detail/gimbal_device_attitude_status__type_support.cpp\n'}
[1.118529] (px4_msgs) StdoutLine: {'line': b'-- Up-to-date: /home/wei/fire_scout_ws/install/px4_msgs/include/px4_msgs/px4_msgs/msg/detail/generator_status__rosidl_typesupport_introspection_cpp.hpp\n'}
[1.118563] (px4_msgs) StdoutLine: {'line': b'-- Up-to-date: /home/wei/fire_scout_ws/install/px4_msgs/include/px4_msgs/px4_msgs/msg/detail/sensor_gyro_fifo__type_support.cpp\n'}
[1.118596] (px4_msgs) StdoutLine: {'line': b'-- Up-to-date: /home/wei/fire_scout_ws/install/px4_msgs/include/px4_msgs/px4_msgs/msg/detail/dataman_response__type_support.cpp\n'}
[1.118642] (px4_msgs) StdoutLine: {'line': b'-- Up-to-date: /home/wei/fire_scout_ws/install/px4_msgs/include/px4_msgs/px4_msgs/msg/detail/rover_throttle_setpoint__type_support.cpp\n'}
[1.118671] (px4_msgs) StdoutLine: {'line': b'-- Up-to-date: /home/wei/fire_scout_ws/install/px4_msgs/include/px4_msgs/px4_msgs/msg/detail/rover_position_setpoint__type_support.cpp\n'}
[1.118702] (px4_msgs) StdoutLine: {'line': b'-- Up-to-date: /home/wei/fire_scout_ws/install/px4_msgs/include/px4_msgs/px4_msgs/msg/detail/qshell_retval__type_support.cpp\n'}
[1.118733] (px4_msgs) StdoutLine: {'line': b'-- Up-to-date: /home/wei/fire_scout_ws/install/px4_msgs/include/px4_msgs/px4_msgs/msg/detail/estimator_states__type_support.cpp\n'}
[1.118764] (px4_msgs) StdoutLine: {'line': b'-- Up-to-date: /home/wei/fire_scout_ws/install/px4_msgs/include/px4_msgs/px4_msgs/msg/detail/vehicle_air_data__rosidl_typesupport_introspection_cpp.hpp\n'}
[1.118796] (px4_msgs) StdoutLine: {'line': b'-- Up-to-date: /home/wei/fire_scout_ws/install/px4_msgs/include/px4_msgs/px4_msgs/srv\n'}
[1.118826] (px4_msgs) StdoutLine: {'line': b'-- Up-to-date: /home/wei/fire_scout_ws/install/px4_msgs/include/px4_msgs/px4_msgs/srv/detail\n'}
[1.118862] (px4_msgs) StdoutLine: {'line': b'-- Up-to-date: /home/wei/fire_scout_ws/install/px4_msgs/include/px4_msgs/px4_msgs/srv/detail/vehicle_command__type_support.cpp\n'}
[1.118893] (px4_msgs) StdoutLine: {'line': b'-- Up-to-date: /home/wei/fire_scout_ws/install/px4_msgs/include/px4_msgs/px4_msgs/srv/detail/vehicle_command__rosidl_typesupport_introspection_cpp.hpp\n'}
[1.118924] (px4_msgs) StdoutLine: {'line': b'-- Up-to-date: /home/wei/fire_scout_ws/install/px4_msgs/lib/libpx4_msgs__rosidl_typesupport_introspection_cpp.so\n'}
[1.118967] (px4_msgs) StdoutLine: {'line': b'-- Up-to-date: /home/wei/fire_scout_ws/install/px4_msgs/lib/libpx4_msgs__rosidl_typesupport_cpp.so\n'}
[1.118998] (px4_msgs) StdoutLine: {'line': b'-- Up-to-date: /home/wei/fire_scout_ws/install/px4_msgs/share/px4_msgs/environment/pythonpath.sh\n'}
[1.119029] (px4_msgs) StdoutLine: {'line': b'-- Up-to-date: /home/wei/fire_scout_ws/install/px4_msgs/share/px4_msgs/environment/pythonpath.dsv\n'}
[1.119059] (px4_msgs) StdoutLine: {'line': b'-- Up-to-date: /home/wei/fire_scout_ws/install/px4_msgs/local/lib/python3.10/dist-packages/px4_msgs-2.0.1-py3.10.egg-info\n'}
[1.119089] (px4_msgs) StdoutLine: {'line': b'-- Installing: /home/wei/fire_scout_ws/install/px4_msgs/local/lib/python3.10/dist-packages/px4_msgs-2.0.1-py3.10.egg-info/dependency_links.txt\n'}
[1.119120] (px4_msgs) StdoutLine: {'line': b'-- Installing: /home/wei/fire_scout_ws/install/px4_msgs/local/lib/python3.10/dist-packages/px4_msgs-2.0.1-py3.10.egg-info/PKG-INFO\n'}
[1.119176] (px4_msgs) StdoutLine: {'line': b'-- Installing: /home/wei/fire_scout_ws/install/px4_msgs/local/lib/python3.10/dist-packages/px4_msgs-2.0.1-py3.10.egg-info/SOURCES.txt\n'}
[1.119209] (px4_msgs) StdoutLine: {'line': b'-- Installing: /home/wei/fire_scout_ws/install/px4_msgs/local/lib/python3.10/dist-packages/px4_msgs-2.0.1-py3.10.egg-info/top_level.txt\n'}
[1.119242] (px4_msgs) StdoutLine: {'line': b'-- Up-to-date: /home/wei/fire_scout_ws/install/px4_msgs/local/lib/python3.10/dist-packages/px4_msgs\n'}
[1.119278] (px4_msgs) StdoutLine: {'line': b'-- Up-to-date: /home/wei/fire_scout_ws/install/px4_msgs/local/lib/python3.10/dist-packages/px4_msgs/_px4_msgs_s.ep.rosidl_typesupport_introspection_c.c\n'}
[1.119324] (px4_msgs) StdoutLine: {'line': b'-- Up-to-date: /home/wei/fire_scout_ws/install/px4_msgs/local/lib/python3.10/dist-packages/px4_msgs/_px4_msgs_s.ep.rosidl_typesupport_fastrtps_c.c\n'}
[1.119363] (px4_msgs) StdoutLine: {'line': b'-- Up-to-date: /home/wei/fire_scout_ws/install/px4_msgs/local/lib/python3.10/dist-packages/px4_msgs/__init__.py\n'}
[1.119404] (px4_msgs) StdoutLine: {'line': b'-- Up-to-date: /home/wei/fire_scout_ws/install/px4_msgs/local/lib/python3.10/dist-packages/px4_msgs/px4_msgs_s__rosidl_typesupport_introspection_c.cpython-310-x86_64-linux-gnu.so\n'}
[1.119439] (px4_msgs) StdoutLine: {'line': b'-- Up-to-date: /home/wei/fire_scout_ws/install/px4_msgs/local/lib/python3.10/dist-packages/px4_msgs/libpx4_msgs__rosidl_generator_py.so\n'}
[1.119472] (px4_msgs) StdoutLine: {'line': b'-- Up-to-date: /home/wei/fire_scout_ws/install/px4_msgs/local/lib/python3.10/dist-packages/px4_msgs/px4_msgs_s__rosidl_typesupport_c.cpython-310-x86_64-linux-gnu.so\n'}
[1.119507] (px4_msgs) StdoutLine: {'line': b'-- Up-to-date: /home/wei/fire_scout_ws/install/px4_msgs/local/lib/python3.10/dist-packages/px4_msgs/px4_msgs_s__rosidl_typesupport_fastrtps_c.cpython-310-x86_64-linux-gnu.so\n'}
[1.119541] (px4_msgs) StdoutLine: {'line': b'-- Up-to-date: /home/wei/fire_scout_ws/install/px4_msgs/local/lib/python3.10/dist-packages/px4_msgs/_px4_msgs_s.ep.rosidl_typesupport_c.c\n'}
[1.119590] (px4_msgs) StdoutLine: {'line': b'-- Up-to-date: /home/wei/fire_scout_ws/install/px4_msgs/local/lib/python3.10/dist-packages/px4_msgs/msg\n'}
[1.119628] (px4_msgs) StdoutLine: {'line': b'-- Up-to-date: /home/wei/fire_scout_ws/install/px4_msgs/local/lib/python3.10/dist-packages/px4_msgs/msg/_gimbal_manager_status.py\n'}
[1.119661] (px4_msgs) StdoutLine: {'line': b'-- Up-to-date: /home/wei/fire_scout_ws/install/px4_msgs/local/lib/python3.10/dist-packages/px4_msgs/msg/_control_allocator_status.py\n'}
[1.119694] (px4_msgs) StdoutLine: {'line': b'-- Up-to-date: /home/wei/fire_scout_ws/install/px4_msgs/local/lib/python3.10/dist-packages/px4_msgs/msg/_actuator_controls_status.py\n'}
[1.119729] (px4_msgs) StdoutLine: {'line': b'-- Up-to-date: /home/wei/fire_scout_ws/install/px4_msgs/local/lib/python3.10/dist-packages/px4_msgs/msg/_mag_worker_data_s.c\n'}
[1.119760] (px4_msgs) StdoutLine: {'line': b'-- Up-to-date: /home/wei/fire_scout_ws/install/px4_msgs/local/lib/python3.10/dist-packages/px4_msgs/msg/_autotune_attitude_control_status.py\n'}
[1.119791] (px4_msgs) StdoutLine: {'line': b'-- Up-to-date: /home/wei/fire_scout_ws/install/px4_msgs/local/lib/python3.10/dist-packages/px4_msgs/msg/_gpio_config_s.c\n'}
[1.119822] (px4_msgs) StdoutLine: {'line': b'-- Up-to-date: /home/wei/fire_scout_ws/install/px4_msgs/local/lib/python3.10/dist-packages/px4_msgs/msg/_telemetry_status.py\n'}
[1.119852] (px4_msgs) StdoutLine: {'line': b'-- Up-to-date: /home/wei/fire_scout_ws/install/px4_msgs/local/lib/python3.10/dist-packages/px4_msgs/msg/_internal_combustion_engine_status.py\n'}
[1.119891] (px4_msgs) StdoutLine: {'line': b'-- Up-to-date: /home/wei/fire_scout_ws/install/px4_msgs/local/lib/python3.10/dist-packages/px4_msgs/msg/_debug_vect_s.c\n'}
[1.119923] (px4_msgs) StdoutLine: {'line': b'-- Up-to-date: /home/wei/fire_scout_ws/install/px4_msgs/local/lib/python3.10/dist-packages/px4_msgs/msg/_mount_orientation.py\n'}
[1.119958] (px4_msgs) StdoutLine: {'line': b'-- Up-to-date: /home/wei/fire_scout_ws/install/px4_msgs/local/lib/python3.10/dist-packages/px4_msgs/msg/_lateral_control_configuration.py\n'}
[1.119989] (px4_msgs) StdoutLine: {'line': b'-- Up-to-date: /home/wei/fire_scout_ws/install/px4_msgs/local/lib/python3.10/dist-packages/px4_msgs/msg/_pure_pursuit_status_s.c\n'}
[1.120021] (px4_msgs) StdoutLine: {'line': b'-- Up-to-date: /home/wei/fire_scout_ws/install/px4_msgs/local/lib/python3.10/dist-packages/px4_msgs/msg/_sensor_correction_s.c\n'}
[1.120052] (px4_msgs) StdoutLine: {'line': b'-- Up-to-date: /home/wei/fire_scout_ws/install/px4_msgs/local/lib/python3.10/dist-packages/px4_msgs/msg/_sensor_gps.py\n'}
[1.120096] (px4_msgs) StdoutLine: {'line': b'-- Up-to-date: /home/wei/fire_scout_ws/install/px4_msgs/local/lib/python3.10/dist-packages/px4_msgs/msg/_sensor_gyro_s.c\n'}
[1.120127] (px4_msgs) StdoutLine: {'line': b'-- Up-to-date: /home/wei/fire_scout_ws/install/px4_msgs/local/lib/python3.10/dist-packages/px4_msgs/msg/_parameter_set_value_response.py\n'}
[1.120159] (px4_msgs) StdoutLine: {'line': b'-- Up-to-date: /home/wei/fire_scout_ws/install/px4_msgs/local/lib/python3.10/dist-packages/px4_msgs/msg/_irlock_report_s.c\n'}
[1.120189] (px4_msgs) StdoutLine: {'line': b'-- Up-to-date: /home/wei/fire_scout_ws/install/px4_msgs/local/lib/python3.10/dist-packages/px4_msgs/msg/_actuator_controls_status_s.c\n'}
[1.120221] (px4_msgs) StdoutLine: {'line': b'-- Up-to-date: /home/wei/fire_scout_ws/install/px4_msgs/local/lib/python3.10/dist-packages/px4_msgs/msg/_gimbal_device_information.py\n'}
[1.120252] (px4_msgs) StdoutLine: {'line': b'-- Up-to-date: /home/wei/fire_scout_ws/install/px4_msgs/local/lib/python3.10/dist-packages/px4_msgs/msg/_failure_detector_status_s.c\n'}
[1.120295] (px4_msgs) StdoutLine: {'line': b'-- Up-to-date: /home/wei/fire_scout_ws/install/px4_msgs/local/lib/python3.10/dist-packages/px4_msgs/msg/_input_rc_s.c\n'}
[1.120330] (px4_msgs) StdoutLine: {'line': b'-- Up-to-date: /home/wei/fire_scout_ws/install/px4_msgs/local/lib/python3.10/dist-packages/px4_msgs/msg/_estimator_aid_source3d.py\n'}
[1.120361] (px4_msgs) StdoutLine: {'line': b'-- Up-to-date: /home/wei/fire_scout_ws/install/px4_msgs/local/lib/python3.10/dist-packages/px4_msgs/msg/_gimbal_manager_set_attitude_s.c\n'}
[1.120398] (px4_msgs) StdoutLine: {'line': b'-- Up-to-date: /home/wei/fire_scout_ws/install/px4_msgs/local/lib/python3.10/dist-packages/px4_msgs/msg/_estimator_event_flags_s.c\n'}
[1.120444] (px4_msgs) StdoutLine: {'line': b'-- Up-to-date: /home/wei/fire_scout_ws/install/px4_msgs/local/lib/python3.10/dist-packages/px4_msgs/msg/_position_controller_landing_status.py\n'}
[1.120477] (px4_msgs) StdoutLine: {'line': b'-- Up-to-date: /home/wei/fire_scout_ws/install/px4_msgs/local/lib/python3.10/dist-packages/px4_msgs/msg/_vehicle_imu_status.py\n'}
[1.120511] (px4_msgs) StdoutLine: {'line': b'-- Up-to-date: /home/wei/fire_scout_ws/install/px4_msgs/local/lib/python3.10/dist-packages/px4_msgs/msg/_sensor_gnss_status.py\n'}
[1.120548] (px4_msgs) StdoutLine: {'line': b'-- Up-to-date: /home/wei/fire_scout_ws/install/px4_msgs/local/lib/python3.10/dist-packages/px4_msgs/msg/_navigator_status.py\n'}
[1.120596] (px4_msgs) StdoutLine: {'line': b'-- Up-to-date: /home/wei/fire_scout_ws/install/px4_msgs/local/lib/python3.10/dist-packages/px4_msgs/msg/_ekf2_timestamps.py\n'}
[1.120633] (px4_msgs) StdoutLine: {'line': b'-- Up-to-date: /home/wei/fire_scout_ws/install/px4_msgs/local/lib/python3.10/dist-packages/px4_msgs/msg/_follow_target_estimator.py\n'}
[1.120667] (px4_msgs) StdoutLine: {'line': b'-- Up-to-date: /home/wei/fire_scout_ws/install/px4_msgs/local/lib/python3.10/dist-packages/px4_msgs/msg/_geofence_result_s.c\n'}
[1.120700] (px4_msgs) StdoutLine: {'line': b'-- Up-to-date: /home/wei/fire_scout_ws/install/px4_msgs/local/lib/python3.10/dist-packages/px4_msgs/msg/_vehicle_land_detected.py\n'}
[1.120733] (px4_msgs) StdoutLine: {'line': b'-- Up-to-date: /home/wei/fire_scout_ws/install/px4_msgs/local/lib/python3.10/dist-packages/px4_msgs/msg/_mission_result_s.c\n'}
[1.120768] (px4_msgs) StdoutLine: {'line': b'-- Up-to-date: /home/wei/fire_scout_ws/install/px4_msgs/local/lib/python3.10/dist-packages/px4_msgs/msg/_vehicle_thrust_setpoint.py\n'}
[1.120803] (px4_msgs) StdoutLine: {'line': b'-- Up-to-date: /home/wei/fire_scout_ws/install/px4_msgs/local/lib/python3.10/dist-packages/px4_msgs/msg/_neural_control_s.c\n'}
[1.120837] (px4_msgs) StdoutLine: {'line': b'-- Up-to-date: /home/wei/fire_scout_ws/install/px4_msgs/local/lib/python3.10/dist-packages/px4_msgs/msg/_debug_key_value_s.c\n'}
[1.120870] (px4_msgs) StdoutLine: {'line': b'-- Up-to-date: /home/wei/fire_scout_ws/install/px4_msgs/local/lib/python3.10/dist-packages/px4_msgs/msg/_sensor_gnss_status_s.c\n'}
[1.120918] (px4_msgs) StdoutLine: {'line': b'-- Up-to-date: /home/wei/fire_scout_ws/install/px4_msgs/local/lib/python3.10/dist-packages/px4_msgs/msg/_rtl_time_estimate.py\n'}
[1.120956] (px4_msgs) StdoutLine: {'line': b'-- Up-to-date: /home/wei/fire_scout_ws/install/px4_msgs/local/lib/python3.10/dist-packages/px4_msgs/msg/_rover_attitude_status_s.c\n'}
[1.120996] (px4_msgs) StdoutLine: {'line': b'-- Up-to-date: /home/wei/fire_scout_ws/install/px4_msgs/local/lib/python3.10/dist-packages/px4_msgs/msg/_landing_target_innovations.py\n'}
[1.121035] (px4_msgs) StdoutLine: {'line': b'-- Up-to-date: /home/wei/fire_scout_ws/install/px4_msgs/local/lib/python3.10/dist-packages/px4_msgs/msg/_mission_s.c\n'}
[1.121071] (px4_msgs) StdoutLine: {'line': b'-- Up-to-date: /home/wei/fire_scout_ws/install/px4_msgs/local/lib/python3.10/dist-packages/px4_msgs/msg/__init__.py\n'}
[1.121113] (px4_msgs) StdoutLine: {'line': b'-- Up-to-date: /home/wei/fire_scout_ws/install/px4_msgs/local/lib/python3.10/dist-packages/px4_msgs/msg/_gps_inject_data.py\n'}
[1.121145] (px4_msgs) StdoutLine: {'line': b'-- Up-to-date: /home/wei/fire_scout_ws/install/px4_msgs/local/lib/python3.10/dist-packages/px4_msgs/msg/_fixed_wing_longitudinal_setpoint_s.c\n'}
[1.121178] (px4_msgs) StdoutLine: {'line': b'-- Up-to-date: /home/wei/fire_scout_ws/install/px4_msgs/local/lib/python3.10/dist-packages/px4_msgs/msg/_estimator_sensor_bias_s.c\n'}
[1.121211] (px4_msgs) StdoutLine: {'line': b'-- Up-to-date: /home/wei/fire_scout_ws/install/px4_msgs/local/lib/python3.10/dist-packages/px4_msgs/msg/_autotune_attitude_control_status_s.c\n'}
[1.121246] (px4_msgs) StdoutLine: {'line': b'-- Up-to-date: /home/wei/fire_scout_ws/install/px4_msgs/local/lib/python3.10/dist-packages/px4_msgs/msg/_landing_gear.py\n'}
[1.121302] (px4_msgs) StdoutLine: {'line': b'-- Up-to-date: /home/wei/fire_scout_ws/install/px4_msgs/local/lib/python3.10/dist-packages/px4_msgs/msg/_vehicle_angular_velocity.py\n'}
[1.121357] (px4_msgs) StdoutLine: {'line': b'-- Up-to-date: /home/wei/fire_scout_ws/install/px4_msgs/local/lib/python3.10/dist-packages/px4_msgs/msg/_vtol_vehicle_status.py\n'}
[1.121399] (px4_msgs) StdoutLine: {'line': b'-- Up-to-date: /home/wei/fire_scout_ws/install/px4_msgs/local/lib/python3.10/dist-packages/px4_msgs/msg/_takeoff_status_s.c\n'}
[1.121435] (px4_msgs) StdoutLine: {'line': b'-- Up-to-date: /home/wei/fire_scout_ws/install/px4_msgs/local/lib/python3.10/dist-packages/px4_msgs/msg/_gpio_request_s.c\n'}
[1.121470] (px4_msgs) StdoutLine: {'line': b'-- Up-to-date: /home/wei/fire_scout_ws/install/px4_msgs/local/lib/python3.10/dist-packages/px4_msgs/msg/_geofence_result.py\n'}
[1.121506] (px4_msgs) StdoutLine: {'line': b'-- Up-to-date: /home/wei/fire_scout_ws/install/px4_msgs/local/lib/python3.10/dist-packages/px4_msgs/msg/_vehicle_optical_flow.py\n'}
[1.121539] (px4_msgs) StdoutLine: {'line': b'-- Up-to-date: /home/wei/fire_scout_ws/install/px4_msgs/local/lib/python3.10/dist-packages/px4_msgs/msg/_gimbal_manager_status_s.c\n'}
[1.121573] (px4_msgs) StdoutLine: {'line': b'-- Up-to-date: /home/wei/fire_scout_ws/install/px4_msgs/local/lib/python3.10/dist-packages/px4_msgs/msg/_fixed_wing_lateral_setpoint.py\n'}
[1.121611] (px4_msgs) StdoutLine: {'line': b'-- Up-to-date: /home/wei/fire_scout_ws/install/px4_msgs/local/lib/python3.10/dist-packages/px4_msgs/msg/_cellular_status.py\n'}
[1.121643] (px4_msgs) StdoutLine: {'line': b'-- Up-to-date: /home/wei/fire_scout_ws/install/px4_msgs/local/lib/python3.10/dist-packages/px4_msgs/msg/_sensor_airflow_s.c\n'}
[1.121675] (px4_msgs) StdoutLine: {'line': b'-- Up-to-date: /home/wei/fire_scout_ws/install/px4_msgs/local/lib/python3.10/dist-packages/px4_msgs/msg/_dataman_request.py\n'}
[1.121707] (px4_msgs) StdoutLine: {'line': b'-- Up-to-date: /home/wei/fire_scout_ws/install/px4_msgs/local/lib/python3.10/dist-packages/px4_msgs/msg/_sensor_gyro_fifo.py\n'}
[1.121765] (px4_msgs) StdoutLine: {'line': b'-- Up-to-date: /home/wei/fire_scout_ws/install/px4_msgs/local/lib/python3.10/dist-packages/px4_msgs/msg/_distance_sensor.py\n'}
[1.121797] (px4_msgs) StdoutLine: {'line': b'-- Up-to-date: /home/wei/fire_scout_ws/install/px4_msgs/local/lib/python3.10/dist-packages/px4_msgs/msg/_camera_capture_s.c\n'}
[1.121827] (px4_msgs) StdoutLine: {'line': b'-- Up-to-date: /home/wei/fire_scout_ws/install/px4_msgs/local/lib/python3.10/dist-packages/px4_msgs/msg/_trajectory_setpoint6dof.py\n'}
[1.121867] (px4_msgs) StdoutLine: {'line': b'-- Up-to-date: /home/wei/fire_scout_ws/install/px4_msgs/local/lib/python3.10/dist-packages/px4_msgs/msg/_health_report_s.c\n'}
[1.121900] (px4_msgs) StdoutLine: {'line': b'-- Up-to-date: /home/wei/fire_scout_ws/install/px4_msgs/local/lib/python3.10/dist-packages/px4_msgs/msg/_airspeed_wind_s.c\n'}
[1.121934] (px4_msgs) StdoutLine: {'line': b'-- Up-to-date: /home/wei/fire_scout_ws/install/px4_msgs/local/lib/python3.10/dist-packages/px4_msgs/msg/_rover_speed_setpoint_s.c\n'}
[1.121966] (px4_msgs) StdoutLine: {'line': b'-- Up-to-date: /home/wei/fire_scout_ws/install/px4_msgs/local/lib/python3.10/dist-packages/px4_msgs/msg/_qshell_retval.py\n'}
[1.121998] (px4_msgs) StdoutLine: {'line': b'-- Up-to-date: /home/wei/fire_scout_ws/install/px4_msgs/local/lib/python3.10/dist-packages/px4_msgs/msg/_open_drone_id_arm_status_s.c\n'}
[1.122030] (px4_msgs) StdoutLine: {'line': b'-- Up-to-date: /home/wei/fire_scout_ws/install/px4_msgs/local/lib/python3.10/dist-packages/px4_msgs/msg/_estimator_status_flags.py\n'}
[1.122065] (px4_msgs) StdoutLine: {'line': b'-- Up-to-date: /home/wei/fire_scout_ws/install/px4_msgs/local/lib/python3.10/dist-packages/px4_msgs/msg/_vehicle_imu_status_s.c\n'}
[1.122100] (px4_msgs) StdoutLine: {'line': b'-- Up-to-date: /home/wei/fire_scout_ws/install/px4_msgs/local/lib/python3.10/dist-packages/px4_msgs/msg/_esc_report_s.c\n'}
[1.122146] (px4_msgs) StdoutLine: {'line': b'-- Up-to-date: /home/wei/fire_scout_ws/install/px4_msgs/local/lib/python3.10/dist-packages/px4_msgs/msg/_actuator_outputs_s.c\n'}
[1.122179] (px4_msgs) StdoutLine: {'line': b'-- Up-to-date: /home/wei/fire_scout_ws/install/px4_msgs/local/lib/python3.10/dist-packages/px4_msgs/msg/_rover_rate_setpoint.py\n'}
[1.122210] (px4_msgs) StdoutLine: {'line': b'-- Up-to-date: /home/wei/fire_scout_ws/install/px4_msgs/local/lib/python3.10/dist-packages/px4_msgs/msg/_rc_parameter_map.py\n'}
[1.122241] (px4_msgs) StdoutLine: {'line': b'-- Up-to-date: /home/wei/fire_scout_ws/install/px4_msgs/local/lib/python3.10/dist-packages/px4_msgs/msg/_fuel_tank_status.py\n'}
[1.122288] (px4_msgs) StdoutLine: {'line': b'-- Up-to-date: /home/wei/fire_scout_ws/install/px4_msgs/local/lib/python3.10/dist-packages/px4_msgs/msg/_orb_test_medium.py\n'}
[1.122320] (px4_msgs) StdoutLine: {'line': b'-- Up-to-date: /home/wei/fire_scout_ws/install/px4_msgs/local/lib/python3.10/dist-packages/px4_msgs/msg/_gimbal_manager_information_s.c\n'}
[1.122351] (px4_msgs) StdoutLine: {'line': b'-- Up-to-date: /home/wei/fire_scout_ws/install/px4_msgs/local/lib/python3.10/dist-packages/px4_msgs/msg/_tiltrotor_extra_controls.py\n'}
[1.122386] (px4_msgs) StdoutLine: {'line': b'-- Up-to-date: /home/wei/fire_scout_ws/install/px4_msgs/local/lib/python3.10/dist-packages/px4_msgs/msg/_ping.py\n'}
[1.122418] (px4_msgs) StdoutLine: {'line': b'-- Up-to-date: /home/wei/fire_scout_ws/install/px4_msgs/local/lib/python3.10/dist-packages/px4_msgs/msg/_actuator_test_s.c\n'}
[1.122452] (px4_msgs) StdoutLine: {'line': b'-- Up-to-date: /home/wei/fire_scout_ws/install/px4_msgs/local/lib/python3.10/dist-packages/px4_msgs/msg/_sensor_selection_s.c\n'}
[1.122499] (px4_msgs) StdoutLine: {'line': b'-- Up-to-date: /home/wei/fire_scout_ws/install/px4_msgs/local/lib/python3.10/dist-packages/px4_msgs/msg/_distance_sensor_mode_change_request.py\n'}
[1.122532] (px4_msgs) StdoutLine: {'line': b'-- Up-to-date: /home/wei/fire_scout_ws/install/px4_msgs/local/lib/python3.10/dist-packages/px4_msgs/msg/_sensor_combined.py\n'}
[1.122568] (px4_msgs) StdoutLine: {'line': b'-- Up-to-date: /home/wei/fire_scout_ws/install/px4_msgs/local/lib/python3.10/dist-packages/px4_msgs/msg/_vehicle_attitude.py\n'}
[1.122600] (px4_msgs) StdoutLine: {'line': b'-- Up-to-date: /home/wei/fire_scout_ws/install/px4_msgs/local/lib/python3.10/dist-packages/px4_msgs/msg/_hover_thrust_estimate.py\n'}
[1.122634] (px4_msgs) StdoutLine: {'line': b'-- Up-to-date: /home/wei/fire_scout_ws/install/px4_msgs/local/lib/python3.10/dist-packages/px4_msgs/msg/_rtl_status_s.c\n'}
[1.122670] (px4_msgs) StdoutLine: {'line': b'-- Up-to-date: /home/wei/fire_scout_ws/install/px4_msgs/local/lib/python3.10/dist-packages/px4_msgs/msg/_gps_dump_s.c\n'}
[1.122704] (px4_msgs) StdoutLine: {'line': b'-- Up-to-date: /home/wei/fire_scout_ws/install/px4_msgs/local/lib/python3.10/dist-packages/px4_msgs/msg/_uavcan_parameter_value.py\n'}
[1.122746] (px4_msgs) StdoutLine: {'line': b'-- Up-to-date: /home/wei/fire_scout_ws/install/px4_msgs/local/lib/python3.10/dist-packages/px4_msgs/msg/_vehicle_local_position_setpoint.py\n'}
[1.122779] (px4_msgs) StdoutLine: {'line': b'-- Up-to-date: /home/wei/fire_scout_ws/install/px4_msgs/local/lib/python3.10/dist-packages/px4_msgs/msg/_adc_report.py\n'}
[1.122812] (px4_msgs) StdoutLine: {'line': b'-- Up-to-date: /home/wei/fire_scout_ws/install/px4_msgs/local/lib/python3.10/dist-packages/px4_msgs/msg/_estimator_states.py\n'}
[1.122843] (px4_msgs) StdoutLine: {'line': b'-- Up-to-date: /home/wei/fire_scout_ws/install/px4_msgs/local/lib/python3.10/dist-packages/px4_msgs/msg/_sensor_gnss_relative_s.c\n'}
[1.122874] (px4_msgs) StdoutLine: {'line': b'-- Up-to-date: /home/wei/fire_scout_ws/install/px4_msgs/local/lib/python3.10/dist-packages/px4_msgs/msg/_action_request_s.c\n'}
[1.122905] (px4_msgs) StdoutLine: {'line': b'-- Up-to-date: /home/wei/fire_scout_ws/install/px4_msgs/local/lib/python3.10/dist-packages/px4_msgs/msg/_log_message.py\n'}
[1.122936] (px4_msgs) StdoutLine: {'line': b'-- Up-to-date: /home/wei/fire_scout_ws/install/px4_msgs/local/lib/python3.10/dist-packages/px4_msgs/msg/_differential_pressure_s.c\n'}
[1.122967] (px4_msgs) StdoutLine: {'line': b'-- Up-to-date: /home/wei/fire_scout_ws/install/px4_msgs/local/lib/python3.10/dist-packages/px4_msgs/msg/_normalized_unsigned_setpoint.py\n'}
[1.122999] (px4_msgs) StdoutLine: {'line': b'-- Up-to-date: /home/wei/fire_scout_ws/install/px4_msgs/local/lib/python3.10/dist-packages/px4_msgs/msg/_transponder_report_s.c\n'}
[1.123031] (px4_msgs) StdoutLine: {'line': b'-- Up-to-date: /home/wei/fire_scout_ws/install/px4_msgs/local/lib/python3.10/dist-packages/px4_msgs/msg/_vehicle_magnetometer.py\n'}
[1.123075] (px4_msgs) StdoutLine: {'line': b'-- Up-to-date: /home/wei/fire_scout_ws/install/px4_msgs/local/lib/python3.10/dist-packages/px4_msgs/msg/_rover_attitude_setpoint_s.c\n'}
[1.123106] (px4_msgs) StdoutLine: {'line': b'-- Up-to-date: /home/wei/fire_scout_ws/install/px4_msgs/local/lib/python3.10/dist-packages/px4_msgs/msg/_sensor_gnss_relative.py\n'}
[1.123138] (px4_msgs) StdoutLine: {'line': b'-- Up-to-date: /home/wei/fire_scout_ws/install/px4_msgs/local/lib/python3.10/dist-packages/px4_msgs/msg/_launch_detection_status_s.c\n'}
[1.123171] (px4_msgs) StdoutLine: {'line': b'-- Up-to-date: /home/wei/fire_scout_ws/install/px4_msgs/local/lib/python3.10/dist-packages/px4_msgs/msg/_longitudinal_control_configuration_s.c\n'}
[1.123202] (px4_msgs) StdoutLine: {'line': b'-- Up-to-date: /home/wei/fire_scout_ws/install/px4_msgs/local/lib/python3.10/dist-packages/px4_msgs/msg/_sensor_gyro.py\n'}
[1.123235] (px4_msgs) StdoutLine: {'line': b'-- Up-to-date: /home/wei/fire_scout_ws/install/px4_msgs/local/lib/python3.10/dist-packages/px4_msgs/msg/_qshell_retval_s.c\n'}
[1.123278] (px4_msgs) StdoutLine: {'line': b'-- Up-to-date: /home/wei/fire_scout_ws/install/px4_msgs/local/lib/python3.10/dist-packages/px4_msgs/msg/_distance_sensor_mode_change_request_s.c\n'}
[1.123313] (px4_msgs) StdoutLine: {'line': b'-- Up-to-date: /home/wei/fire_scout_ws/install/px4_msgs/local/lib/python3.10/dist-packages/px4_msgs/msg/_gimbal_device_set_attitude_s.c\n'}
[1.123345] (px4_msgs) StdoutLine: {'line': b'-- Up-to-date: /home/wei/fire_scout_ws/install/px4_msgs/local/lib/python3.10/dist-packages/px4_msgs/msg/_vehicle_command_ack.py\n'}
[1.123391] (px4_msgs) StdoutLine: {'line': b'-- Up-to-date: /home/wei/fire_scout_ws/install/px4_msgs/local/lib/python3.10/dist-packages/px4_msgs/msg/_collision_constraints.py\n'}
[1.123427] (px4_msgs) StdoutLine: {'line': b'-- Up-to-date: /home/wei/fire_scout_ws/install/px4_msgs/local/lib/python3.10/dist-packages/px4_msgs/msg/_estimator_selector_status.py\n'}
[1.123481] (px4_msgs) StdoutLine: {'line': b'-- Up-to-date: /home/wei/fire_scout_ws/install/px4_msgs/local/lib/python3.10/dist-packages/px4_msgs/msg/_parameter_reset_request_s.c\n'}
[1.123514] (px4_msgs) StdoutLine: {'line': b'-- Up-to-date: /home/wei/fire_scout_ws/install/px4_msgs/local/lib/python3.10/dist-packages/px4_msgs/msg/_rover_speed_status_s.c\n'}
[1.123554] (px4_msgs) StdoutLine: {'line': b'-- Up-to-date: /home/wei/fire_scout_ws/install/px4_msgs/local/lib/python3.10/dist-packages/px4_msgs/msg/_rover_throttle_setpoint.py\n'}
[1.123587] (px4_msgs) StdoutLine: {'line': b'-- Up-to-date: /home/wei/fire_scout_ws/install/px4_msgs/local/lib/python3.10/dist-packages/px4_msgs/msg/_rc_channels.py\n'}
[1.123621] (px4_msgs) StdoutLine: {'line': b'-- Up-to-date: /home/wei/fire_scout_ws/install/px4_msgs/local/lib/python3.10/dist-packages/px4_msgs/msg/_vehicle_thrust_setpoint_s.c\n'}
[1.123655] (px4_msgs) StdoutLine: {'line': b'-- Up-to-date: /home/wei/fire_scout_ws/install/px4_msgs/local/lib/python3.10/dist-packages/px4_msgs/msg/_tiltrotor_extra_controls_s.c\n'}
[1.123685] (px4_msgs) StdoutLine: {'line': b'-- Up-to-date: /home/wei/fire_scout_ws/install/px4_msgs/local/lib/python3.10/dist-packages/px4_msgs/msg/_open_drone_id_system_s.c\n'}
[1.123738] (px4_msgs) StdoutLine: {'line': b'-- Up-to-date: /home/wei/fire_scout_ws/install/px4_msgs/local/lib/python3.10/dist-packages/px4_msgs/msg/_ulog_stream.py\n'}
[1.123769] (px4_msgs) StdoutLine: {'line': b'-- Up-to-date: /home/wei/fire_scout_ws/install/px4_msgs/local/lib/python3.10/dist-packages/px4_msgs/msg/_mode_completed_s.c\n'}
[1.123802] (px4_msgs) StdoutLine: {'line': b'-- Up-to-date: /home/wei/fire_scout_ws/install/px4_msgs/local/lib/python3.10/dist-packages/px4_msgs/msg/_open_drone_id_operator_id.py\n'}
[1.123833] (px4_msgs) StdoutLine: {'line': b'-- Up-to-date: /home/wei/fire_scout_ws/install/px4_msgs/local/lib/python3.10/dist-packages/px4_msgs/msg/_rover_position_setpoint.py\n'}
[1.123864] (px4_msgs) StdoutLine: {'line': b'-- Up-to-date: /home/wei/fire_scout_ws/install/px4_msgs/local/lib/python3.10/dist-packages/px4_msgs/msg/_unregister_ext_component.py\n'}
[1.123895] (px4_msgs) StdoutLine: {'line': b'-- Up-to-date: /home/wei/fire_scout_ws/install/px4_msgs/local/lib/python3.10/dist-packages/px4_msgs/msg/_landing_gear_wheel_s.c\n'}
[1.123926] (px4_msgs) StdoutLine: {'line': b'-- Up-to-date: /home/wei/fire_scout_ws/install/px4_msgs/local/lib/python3.10/dist-packages/px4_msgs/msg/_event_s.c\n'}
[1.123957] (px4_msgs) StdoutLine: {'line': b'-- Up-to-date: /home/wei/fire_scout_ws/install/px4_msgs/local/lib/python3.10/dist-packages/px4_msgs/msg/_sensor_gyro_fft.py\n'}
[1.123989] (px4_msgs) StdoutLine: {'line': b'-- Up-to-date: /home/wei/fire_scout_ws/install/px4_msgs/local/lib/python3.10/dist-packages/px4_msgs/msg/_mission.py\n'}
[1.124021] (px4_msgs) StdoutLine: {'line': b'-- Up-to-date: /home/wei/fire_scout_ws/install/px4_msgs/local/lib/python3.10/dist-packages/px4_msgs/msg/_sensor_hygrometer_s.c\n'}
[1.124065] (px4_msgs) StdoutLine: {'line': b'-- Up-to-date: /home/wei/fire_scout_ws/install/px4_msgs/local/lib/python3.10/dist-packages/px4_msgs/msg/_vehicle_attitude_s.c\n'}
[1.124097] (px4_msgs) StdoutLine: {'line': b'-- Up-to-date: /home/wei/fire_scout_ws/install/px4_msgs/local/lib/python3.10/dist-packages/px4_msgs/msg/_action_request.py\n'}
[1.124130] (px4_msgs) StdoutLine: {'line': b'-- Up-to-date: /home/wei/fire_scout_ws/install/px4_msgs/local/lib/python3.10/dist-packages/px4_msgs/msg/_trajectory_setpoint_s.c\n'}
[1.124161] (px4_msgs) StdoutLine: {'line': b'-- Up-to-date: /home/wei/fire_scout_ws/install/px4_msgs/local/lib/python3.10/dist-packages/px4_msgs/msg/_heater_status.py\n'}
[1.124192] (px4_msgs) StdoutLine: {'line': b'-- Up-to-date: /home/wei/fire_scout_ws/install/px4_msgs/local/lib/python3.10/dist-packages/px4_msgs/msg/_gimbal_controls.py\n'}
[1.124232] (px4_msgs) StdoutLine: {'line': b'-- Up-to-date: /home/wei/fire_scout_ws/install/px4_msgs/local/lib/python3.10/dist-packages/px4_msgs/msg/_vehicle_status_s.c\n'}
[1.124266] (px4_msgs) StdoutLine: {'line': b'-- Up-to-date: /home/wei/fire_scout_ws/install/px4_msgs/local/lib/python3.10/dist-packages/px4_msgs/msg/_position_setpoint_s.c\n'}
[1.124298] (px4_msgs) StdoutLine: {'line': b'-- Up-to-date: /home/wei/fire_scout_ws/install/px4_msgs/local/lib/python3.10/dist-packages/px4_msgs/msg/_rover_speed_setpoint.py\n'}
[1.124330] (px4_msgs) StdoutLine: {'line': b'-- Up-to-date: /home/wei/fire_scout_ws/install/px4_msgs/local/lib/python3.10/dist-packages/px4_msgs/msg/_control_allocator_status_s.c\n'}
[1.124360] (px4_msgs) StdoutLine: {'line': b'-- Up-to-date: /home/wei/fire_scout_ws/install/px4_msgs/local/lib/python3.10/dist-packages/px4_msgs/msg/_can_interface_status.py\n'}
[1.124396] (px4_msgs) StdoutLine: {'line': b'-- Up-to-date: /home/wei/fire_scout_ws/install/px4_msgs/local/lib/python3.10/dist-packages/px4_msgs/msg/_ulog_stream_s.c\n'}
[1.124431] (px4_msgs) StdoutLine: {'line': b'-- Up-to-date: /home/wei/fire_scout_ws/install/px4_msgs/local/lib/python3.10/dist-packages/px4_msgs/msg/_register_ext_component_reply.py\n'}
[1.124476] (px4_msgs) StdoutLine: {'line': b'-- Up-to-date: /home/wei/fire_scout_ws/install/px4_msgs/local/lib/python3.10/dist-packages/px4_msgs/msg/_offboard_control_mode.py\n'}
[1.124515] (px4_msgs) StdoutLine: {'line': b'-- Up-to-date: /home/wei/fire_scout_ws/install/px4_msgs/local/lib/python3.10/dist-packages/px4_msgs/msg/_tecs_status.py\n'}
[1.124549] (px4_msgs) StdoutLine: {'line': b'-- Up-to-date: /home/wei/fire_scout_ws/install/px4_msgs/local/lib/python3.10/dist-packages/px4_msgs/msg/_debug_value.py\n'}
[1.124585] (px4_msgs) StdoutLine: {'line': b'-- Up-to-date: /home/wei/fire_scout_ws/install/px4_msgs/local/lib/python3.10/dist-packages/px4_msgs/msg/_rover_position_setpoint_s.c\n'}
[1.124623] (px4_msgs) StdoutLine: {'line': b'-- Up-to-date: /home/wei/fire_scout_ws/install/px4_msgs/local/lib/python3.10/dist-packages/px4_msgs/msg/_adc_report_s.c\n'}
[1.124659] (px4_msgs) StdoutLine: {'line': b'-- Up-to-date: /home/wei/fire_scout_ws/install/px4_msgs/local/lib/python3.10/dist-packages/px4_msgs/msg/_dronecan_node_status_s.c\n'}
[1.124722] (px4_msgs) StdoutLine: {'line': b'-- Up-to-date: /home/wei/fire_scout_ws/install/px4_msgs/local/lib/python3.10/dist-packages/px4_msgs/msg/_distance_sensor_s.c\n'}
[1.124755] (px4_msgs) StdoutLine: {'line': b'-- Up-to-date: /home/wei/fire_scout_ws/install/px4_msgs/local/lib/python3.10/dist-packages/px4_msgs/msg/_sensors_status_imu_s.c\n'}
[1.124791] (px4_msgs) StdoutLine: {'line': b'-- Up-to-date: /home/wei/fire_scout_ws/install/px4_msgs/local/lib/python3.10/dist-packages/px4_msgs/msg/_mavlink_tunnel.py\n'}
[1.124826] (px4_msgs) StdoutLine: {'line': b'-- Up-to-date: /home/wei/fire_scout_ws/install/px4_msgs/local/lib/python3.10/dist-packages/px4_msgs/msg/_vehicle_optical_flow_vel_s.c\n'}
[1.124861] (px4_msgs) StdoutLine: {'line': b'-- Up-to-date: /home/wei/fire_scout_ws/install/px4_msgs/local/lib/python3.10/dist-packages/px4_msgs/msg/_takeoff_status.py\n'}
[1.124897] (px4_msgs) StdoutLine: {'line': b'-- Up-to-date: /home/wei/fire_scout_ws/install/px4_msgs/local/lib/python3.10/dist-packages/px4_msgs/msg/_geofence_status_s.c\n'}
[1.124933] (px4_msgs) StdoutLine: {'line': b'-- Up-to-date: /home/wei/fire_scout_ws/install/px4_msgs/local/lib/python3.10/dist-packages/px4_msgs/msg/_dataman_response_s.c\n'}
[1.124966] (px4_msgs) StdoutLine: {'line': b'-- Up-to-date: /home/wei/fire_scout_ws/install/px4_msgs/local/lib/python3.10/dist-packages/px4_msgs/msg/_camera_status.py\n'}
[1.125000] (px4_msgs) StdoutLine: {'line': b'-- Up-to-date: /home/wei/fire_scout_ws/install/px4_msgs/local/lib/python3.10/dist-packages/px4_msgs/msg/_gpio_in.py\n'}
[1.125036] (px4_msgs) StdoutLine: {'line': b'-- Up-to-date: /home/wei/fire_scout_ws/install/px4_msgs/local/lib/python3.10/dist-packages/px4_msgs/msg/_health_report.py\n'}
[1.125095] (px4_msgs) StdoutLine: {'line': b'-- Up-to-date: /home/wei/fire_scout_ws/install/px4_msgs/local/lib/python3.10/dist-packages/px4_msgs/msg/_trajectory_setpoint6dof_s.c\n'}
[1.125126] (px4_msgs) StdoutLine: {'line': b'-- Up-to-date: /home/wei/fire_scout_ws/install/px4_msgs/local/lib/python3.10/dist-packages/px4_msgs/msg/_yaw_estimator_status_s.c\n'}
[1.125168] (px4_msgs) StdoutLine: {'line': b'-- Up-to-date: /home/wei/fire_scout_ws/install/px4_msgs/local/lib/python3.10/dist-packages/px4_msgs/msg/_sensor_optical_flow_s.c\n'}
[1.125200] (px4_msgs) StdoutLine: {'line': b'-- Up-to-date: /home/wei/fire_scout_ws/install/px4_msgs/local/lib/python3.10/dist-packages/px4_msgs/msg/_vehicle_roi.py\n'}
[1.125234] (px4_msgs) StdoutLine: {'line': b'-- Up-to-date: /home/wei/fire_scout_ws/install/px4_msgs/local/lib/python3.10/dist-packages/px4_msgs/msg/_fixed_wing_runway_control.py\n'}
[1.125266] (px4_msgs) StdoutLine: {'line': b'-- Up-to-date: /home/wei/fire_scout_ws/install/px4_msgs/local/lib/python3.10/dist-packages/px4_msgs/msg/_trajectory_setpoint.py\n'}
[1.125314] (px4_msgs) StdoutLine: {'line': b'-- Up-to-date: /home/wei/fire_scout_ws/install/px4_msgs/local/lib/python3.10/dist-packages/px4_msgs/msg/_estimator_gps_status_s.c\n'}
[1.125347] (px4_msgs) StdoutLine: {'line': b'-- Up-to-date: /home/wei/fire_scout_ws/install/px4_msgs/local/lib/python3.10/dist-packages/px4_msgs/msg/_parameter_update_s.c\n'}
[1.125387] (px4_msgs) StdoutLine: {'line': b'-- Up-to-date: /home/wei/fire_scout_ws/install/px4_msgs/local/lib/python3.10/dist-packages/px4_msgs/msg/_gimbal_manager_set_manual_control.py\n'}
[1.125421] (px4_msgs) StdoutLine: {'line': b'-- Up-to-date: /home/wei/fire_scout_ws/install/px4_msgs/local/lib/python3.10/dist-packages/px4_msgs/msg/_config_overrides.py\n'}
[1.125454] (px4_msgs) StdoutLine: {'line': b'-- Up-to-date: /home/wei/fire_scout_ws/install/px4_msgs/local/lib/python3.10/dist-packages/px4_msgs/msg/_timesync_status_s.c\n'}
[1.125506] (px4_msgs) StdoutLine: {'line': b'-- Up-to-date: /home/wei/fire_scout_ws/install/px4_msgs/local/lib/python3.10/dist-packages/px4_msgs/msg/_wind.py\n'}
[1.125540] (px4_msgs) StdoutLine: {'line': b'-- Up-to-date: /home/wei/fire_scout_ws/install/px4_msgs/local/lib/python3.10/dist-packages/px4_msgs/msg/_rover_rate_setpoint_s.c\n'}
[1.125574] (px4_msgs) StdoutLine: {'line': b'-- Up-to-date: /home/wei/fire_scout_ws/install/px4_msgs/local/lib/python3.10/dist-packages/px4_msgs/msg/_pps_capture_s.c\n'}
[1.125609] (px4_msgs) StdoutLine: {'line': b'-- Up-to-date: /home/wei/fire_scout_ws/install/px4_msgs/local/lib/python3.10/dist-packages/px4_msgs/msg/_flight_phase_estimation.py\n'}
[1.125645] (px4_msgs) StdoutLine: {'line': b'-- Up-to-date: /home/wei/fire_scout_ws/install/px4_msgs/local/lib/python3.10/dist-packages/px4_msgs/msg/_follow_target_status_s.c\n'}
[1.125678] (px4_msgs) StdoutLine: {'line': b'-- Up-to-date: /home/wei/fire_scout_ws/install/px4_msgs/local/lib/python3.10/dist-packages/px4_msgs/msg/_magnetometer_bias_estimate.py\n'}
[1.125712] (px4_msgs) StdoutLine: {'line': b'-- Up-to-date: /home/wei/fire_scout_ws/install/px4_msgs/local/lib/python3.10/dist-packages/px4_msgs/msg/_px4io_status_s.c\n'}
[1.125767] (px4_msgs) StdoutLine: {'line': b'-- Up-to-date: /home/wei/fire_scout_ws/install/px4_msgs/local/lib/python3.10/dist-packages/px4_msgs/msg/_vehicle_control_mode_s.c\n'}
[1.125800] (px4_msgs) StdoutLine: {'line': b'-- Up-to-date: /home/wei/fire_scout_ws/install/px4_msgs/local/lib/python3.10/dist-packages/px4_msgs/msg/_vehicle_global_position.py\n'}
[1.125833] (px4_msgs) StdoutLine: {'line': b'-- Up-to-date: /home/wei/fire_scout_ws/install/px4_msgs/local/lib/python3.10/dist-packages/px4_msgs/msg/_rover_speed_status.py\n'}
[1.125867] (px4_msgs) StdoutLine: {'line': b'-- Up-to-date: /home/wei/fire_scout_ws/install/px4_msgs/local/lib/python3.10/dist-packages/px4_msgs/msg/_generator_status.py\n'}
[1.125900] (px4_msgs) StdoutLine: {'line': b'-- Up-to-date: /home/wei/fire_scout_ws/install/px4_msgs/local/lib/python3.10/dist-packages/px4_msgs/msg/_debug_vect.py\n'}
[1.125945] (px4_msgs) StdoutLine: {'line': b'-- Up-to-date: /home/wei/fire_scout_ws/install/px4_msgs/local/lib/python3.10/dist-packages/px4_msgs/msg/_offboard_control_mode_s.c\n'}
[1.125978] (px4_msgs) StdoutLine: {'line': b'-- Up-to-date: /home/wei/fire_scout_ws/install/px4_msgs/local/lib/python3.10/dist-packages/px4_msgs/msg/_parameter_set_value_request_s.c\n'}
[1.126014] (px4_msgs) StdoutLine: {'line': b'-- Up-to-date: /home/wei/fire_scout_ws/install/px4_msgs/local/lib/python3.10/dist-packages/px4_msgs/msg/_cellular_status_s.c\n'}
[1.126048] (px4_msgs) StdoutLine: {'line': b'-- Up-to-date: /home/wei/fire_scout_ws/install/px4_msgs/local/lib/python3.10/dist-packages/px4_msgs/msg/_estimator_aid_source2d.py\n'}
[1.126081] (px4_msgs) StdoutLine: {'line': b'-- Up-to-date: /home/wei/fire_scout_ws/install/px4_msgs/local/lib/python3.10/dist-packages/px4_msgs/msg/_logger_status.py\n'}
[1.126128] (px4_msgs) StdoutLine: {'line': b'-- Up-to-date: /home/wei/fire_scout_ws/install/px4_msgs/local/lib/python3.10/dist-packages/px4_msgs/msg/_transponder_report.py\n'}
[1.126163] (px4_msgs) StdoutLine: {'line': b'-- Up-to-date: /home/wei/fire_scout_ws/install/px4_msgs/local/lib/python3.10/dist-packages/px4_msgs/msg/_fixed_wing_runway_control_s.c\n'}
[1.126193] (px4_msgs) StdoutLine: {'line': b'-- Up-to-date: /home/wei/fire_scout_ws/install/px4_msgs/local/lib/python3.10/dist-packages/px4_msgs/msg/_parameter_update.py\n'}
[1.126224] (px4_msgs) StdoutLine: {'line': b'-- Up-to-date: /home/wei/fire_scout_ws/install/px4_msgs/local/lib/python3.10/dist-packages/px4_msgs/msg/_mavlink_log.py\n'}
[1.126254] (px4_msgs) StdoutLine: {'line': b'-- Up-to-date: /home/wei/fire_scout_ws/install/px4_msgs/local/lib/python3.10/dist-packages/px4_msgs/msg/_tune_control.py\n'}
[1.126284] (px4_msgs) StdoutLine: {'line': b'-- Up-to-date: /home/wei/fire_scout_ws/install/px4_msgs/local/lib/python3.10/dist-packages/px4_msgs/msg/_estimator_innovations_s.c\n'}
[1.126331] (px4_msgs) StdoutLine: {'line': b'-- Up-to-date: /home/wei/fire_scout_ws/install/px4_msgs/local/lib/python3.10/dist-packages/px4_msgs/msg/_dronecan_node_status.py\n'}
[1.126363] (px4_msgs) StdoutLine: {'line': b'-- Up-to-date: /home/wei/fire_scout_ws/install/px4_msgs/local/lib/python3.10/dist-packages/px4_msgs/msg/_gpio_in_s.c\n'}
[1.126399] (px4_msgs) StdoutLine: {'line': b'-- Up-to-date: /home/wei/fire_scout_ws/install/px4_msgs/local/lib/python3.10/dist-packages/px4_msgs/msg/_estimator_status_flags_s.c\n'}
[1.126432] (px4_msgs) StdoutLine: {'line': b'-- Up-to-date: /home/wei/fire_scout_ws/install/px4_msgs/local/lib/python3.10/dist-packages/px4_msgs/msg/_home_position_s.c\n'}
[1.126485] (px4_msgs) StdoutLine: {'line': b'-- Up-to-date: /home/wei/fire_scout_ws/install/px4_msgs/local/lib/python3.10/dist-packages/px4_msgs/msg/_gps_dump.py\n'}
[1.126534] (px4_msgs) StdoutLine: {'line': b'-- Up-to-date: /home/wei/fire_scout_ws/install/px4_msgs/local/lib/python3.10/dist-packages/px4_msgs/msg/_actuator_outputs.py\n'}
[1.126571] (px4_msgs) StdoutLine: {'line': b'-- Up-to-date: /home/wei/fire_scout_ws/install/px4_msgs/local/lib/python3.10/dist-packages/px4_msgs/msg/_velocity_limits.py\n'}
[1.126607] (px4_msgs) StdoutLine: {'line': b'-- Up-to-date: /home/wei/fire_scout_ws/install/px4_msgs/local/lib/python3.10/dist-packages/px4_msgs/msg/_internal_combustion_engine_control_s.c\n'}
[1.126641] (px4_msgs) StdoutLine: {'line': b'-- Up-to-date: /home/wei/fire_scout_ws/install/px4_msgs/local/lib/python3.10/dist-packages/px4_msgs/msg/_arming_check_reply_s.c\n'}
[1.126674] (px4_msgs) StdoutLine: {'line': b'-- Up-to-date: /home/wei/fire_scout_ws/install/px4_msgs/local/lib/python3.10/dist-packages/px4_msgs/msg/_vehicle_optical_flow_vel.py\n'}
[1.126706] (px4_msgs) StdoutLine: {'line': b'-- Up-to-date: /home/wei/fire_scout_ws/install/px4_msgs/local/lib/python3.10/dist-packages/px4_msgs/msg/_pps_capture.py\n'}
[1.126736] (px4_msgs) StdoutLine: {'line': b'-- Up-to-date: /home/wei/fire_scout_ws/install/px4_msgs/local/lib/python3.10/dist-packages/px4_msgs/msg/_rpm.py\n'}
[1.126779] (px4_msgs) StdoutLine: {'line': b'-- Up-to-date: /home/wei/fire_scout_ws/install/px4_msgs/local/lib/python3.10/dist-packages/px4_msgs/msg/_camera_capture.py\n'}
[1.126812] (px4_msgs) StdoutLine: {'line': b'-- Up-to-date: /home/wei/fire_scout_ws/install/px4_msgs/local/lib/python3.10/dist-packages/px4_msgs/msg/_input_rc.py\n'}
[1.126845] (px4_msgs) StdoutLine: {'line': b'-- Up-to-date: /home/wei/fire_scout_ws/install/px4_msgs/local/lib/python3.10/dist-packages/px4_msgs/msg/_estimator_status.py\n'}
[1.126876] (px4_msgs) StdoutLine: {'line': b'-- Up-to-date: /home/wei/fire_scout_ws/install/px4_msgs/local/lib/python3.10/dist-packages/px4_msgs/msg/_estimator_innovations.py\n'}
[1.126913] (px4_msgs) StdoutLine: {'line': b'-- Up-to-date: /home/wei/fire_scout_ws/install/px4_msgs/local/lib/python3.10/dist-packages/px4_msgs/msg/_actuator_servos_trim_s.c\n'}
[1.126945] (px4_msgs) StdoutLine: {'line': b'-- Up-to-date: /home/wei/fire_scout_ws/install/px4_msgs/local/lib/python3.10/dist-packages/px4_msgs/msg/_vehicle_attitude_setpoint_s.c\n'}
[1.126976] (px4_msgs) StdoutLine: {'line': b'-- Up-to-date: /home/wei/fire_scout_ws/install/px4_msgs/local/lib/python3.10/dist-packages/px4_msgs/msg/_wheel_encoders_s.c\n'}
[1.127007] (px4_msgs) StdoutLine: {'line': b'-- Up-to-date: /home/wei/fire_scout_ws/install/px4_msgs/local/lib/python3.10/dist-packages/px4_msgs/msg/_battery_info.py\n'}
[1.127038] (px4_msgs) StdoutLine: {'line': b'-- Up-to-date: /home/wei/fire_scout_ws/install/px4_msgs/local/lib/python3.10/dist-packages/px4_msgs/msg/_estimator_status_s.c\n'}
[1.127069] (px4_msgs) StdoutLine: {'line': b'-- Up-to-date: /home/wei/fire_scout_ws/install/px4_msgs/local/lib/python3.10/dist-packages/px4_msgs/msg/_vehicle_odometry_s.c\n'}
[1.127137] (px4_msgs) StdoutLine: {'line': b'-- Up-to-date: /home/wei/fire_scout_ws/install/px4_msgs/local/lib/python3.10/dist-packages/px4_msgs/msg/_vehicle_command.py\n'}
[1.127170] (px4_msgs) StdoutLine: {'line': b'-- Up-to-date: /home/wei/fire_scout_ws/install/px4_msgs/local/lib/python3.10/dist-packages/px4_msgs/msg/_velocity_limits_s.c\n'}
[1.127202] (px4_msgs) StdoutLine: {'line': b'-- Up-to-date: /home/wei/fire_scout_ws/install/px4_msgs/local/lib/python3.10/dist-packages/px4_msgs/msg/_estimator_aid_source3d_s.c\n'}
[1.127233] (px4_msgs) StdoutLine: {'line': b'-- Up-to-date: /home/wei/fire_scout_ws/install/px4_msgs/local/lib/python3.10/dist-packages/px4_msgs/msg/_vehicle_odometry.py\n'}
[1.127264] (px4_msgs) StdoutLine: {'line': b'-- Up-to-date: /home/wei/fire_scout_ws/install/px4_msgs/local/lib/python3.10/dist-packages/px4_msgs/msg/_sensor_gyro_fft_s.c\n'}
[1.127295] (px4_msgs) StdoutLine: {'line': b'-- Up-to-date: /home/wei/fire_scout_ws/install/px4_msgs/local/lib/python3.10/dist-packages/px4_msgs/msg/_parameter_set_value_response_s.c\n'}
[1.127326] (px4_msgs) StdoutLine: {'line': b'-- Up-to-date: /home/wei/fire_scout_ws/install/px4_msgs/local/lib/python3.10/dist-packages/px4_msgs/msg/_manual_control_setpoint.py\n'}
[1.127356] (px4_msgs) StdoutLine: {'line': b'-- Up-to-date: /home/wei/fire_scout_ws/install/px4_msgs/local/lib/python3.10/dist-packages/px4_msgs/msg/_estimator_bias.py\n'}
[1.127393] (px4_msgs) StdoutLine: {'line': b'-- Up-to-date: /home/wei/fire_scout_ws/install/px4_msgs/local/lib/python3.10/dist-packages/px4_msgs/msg/_follow_target_s.c\n'}
[1.127426] (px4_msgs) StdoutLine: {'line': b'-- Up-to-date: /home/wei/fire_scout_ws/install/px4_msgs/local/lib/python3.10/dist-packages/px4_msgs/msg/_failsafe_flags.py\n'}
[1.127502] (px4_msgs) StdoutLine: {'line': b'-- Up-to-date: /home/wei/fire_scout_ws/install/px4_msgs/local/lib/python3.10/dist-packages/px4_msgs/msg/_qshell_req.py\n'}
[1.127557] (px4_msgs) StdoutLine: {'line': b'-- Up-to-date: /home/wei/fire_scout_ws/install/px4_msgs/local/lib/python3.10/dist-packages/px4_msgs/msg/_battery_status_s.c\n'}
[1.127591] (px4_msgs) StdoutLine: {'line': b'-- Up-to-date: /home/wei/fire_scout_ws/install/px4_msgs/local/lib/python3.10/dist-packages/px4_msgs/msg/_sensor_correction.py\n'}
[1.127627] (px4_msgs) StdoutLine: {'line': b'-- Up-to-date: /home/wei/fire_scout_ws/install/px4_msgs/local/lib/python3.10/dist-packages/px4_msgs/msg/_log_message_s.c\n'}
[1.127662] (px4_msgs) StdoutLine: {'line': b'-- Up-to-date: /home/wei/fire_scout_ws/install/px4_msgs/local/lib/python3.10/dist-packages/px4_msgs/msg/_system_power_s.c\n'}
[1.127697] (px4_msgs) StdoutLine: {'line': b'-- Up-to-date: /home/wei/fire_scout_ws/install/px4_msgs/local/lib/python3.10/dist-packages/px4_msgs/msg/_position_setpoint.py\n'}
[1.127734] (px4_msgs) StdoutLine: {'line': b'-- Up-to-date: /home/wei/fire_scout_ws/install/px4_msgs/local/lib/python3.10/dist-packages/px4_msgs/msg/_yaw_estimator_status.py\n'}
[1.127767] (px4_msgs) StdoutLine: {'line': b'-- Up-to-date: /home/wei/fire_scout_ws/install/px4_msgs/local/lib/python3.10/dist-packages/px4_msgs/msg/_dataman_response.py\n'}
[1.127798] (px4_msgs) StdoutLine: {'line': b'-- Up-to-date: /home/wei/fire_scout_ws/install/px4_msgs/local/lib/python3.10/dist-packages/px4_msgs/msg/_config_overrides_s.c\n'}
[1.127830] (px4_msgs) StdoutLine: {'line': b'-- Up-to-date: /home/wei/fire_scout_ws/install/px4_msgs/local/lib/python3.10/dist-packages/px4_msgs/msg/_parameter_reset_request.py\n'}
[1.127861] (px4_msgs) StdoutLine: {'line': b'-- Up-to-date: /home/wei/fire_scout_ws/install/px4_msgs/local/lib/python3.10/dist-packages/px4_msgs/msg/_vehicle_air_data.py\n'}
[1.127892] (px4_msgs) StdoutLine: {'line': b'-- Up-to-date: /home/wei/fire_scout_ws/install/px4_msgs/local/lib/python3.10/dist-packages/px4_msgs/msg/_manual_control_switches.py\n'}
[1.127946] (px4_msgs) StdoutLine: {'line': b'-- Up-to-date: /home/wei/fire_scout_ws/install/px4_msgs/local/lib/python3.10/dist-packages/px4_msgs/msg/_satellite_info_s.c\n'}
[1.127979] (px4_msgs) StdoutLine: {'line': b'-- Up-to-date: /home/wei/fire_scout_ws/install/px4_msgs/local/lib/python3.10/dist-packages/px4_msgs/msg/_open_drone_id_self_id_s.c\n'}
[1.128012] (px4_msgs) StdoutLine: {'line': b'-- Up-to-date: /home/wei/fire_scout_ws/install/px4_msgs/local/lib/python3.10/dist-packages/px4_msgs/msg/_gpio_out.py\n'}
[1.128042] (px4_msgs) StdoutLine: {'line': b'-- Up-to-date: /home/wei/fire_scout_ws/install/px4_msgs/local/lib/python3.10/dist-packages/px4_msgs/msg/_sensors_status_imu.py\n'}
[1.128087] (px4_msgs) StdoutLine: {'line': b'-- Up-to-date: /home/wei/fire_scout_ws/install/px4_msgs/local/lib/python3.10/dist-packages/px4_msgs/msg/_event.py\n'}
[1.128119] (px4_msgs) StdoutLine: {'line': b'-- Up-to-date: /home/wei/fire_scout_ws/install/px4_msgs/local/lib/python3.10/dist-packages/px4_msgs/msg/_vehicle_land_detected_s.c\n'}
[1.128151] (px4_msgs) StdoutLine: {'line': b'-- Up-to-date: /home/wei/fire_scout_ws/install/px4_msgs/local/lib/python3.10/dist-packages/px4_msgs/msg/_camera_trigger.py\n'}
[1.128183] (px4_msgs) StdoutLine: {'line': b'-- Up-to-date: /home/wei/fire_scout_ws/install/px4_msgs/local/lib/python3.10/dist-packages/px4_msgs/msg/_actuator_servos_s.c\n'}
[1.128215] (px4_msgs) StdoutLine: {'line': b'-- Up-to-date: /home/wei/fire_scout_ws/install/px4_msgs/local/lib/python3.10/dist-packages/px4_msgs/msg/_rtl_time_estimate_s.c\n'}
[1.128250] (px4_msgs) StdoutLine: {'line': b'-- Up-to-date: /home/wei/fire_scout_ws/install/px4_msgs/local/lib/python3.10/dist-packages/px4_msgs/msg/_onboard_computer_status.py\n'}
[1.128289] (px4_msgs) StdoutLine: {'line': b'-- Up-to-date: /home/wei/fire_scout_ws/install/px4_msgs/local/lib/python3.10/dist-packages/px4_msgs/msg/_satellite_info.py\n'}
[1.128340] (px4_msgs) StdoutLine: {'line': b'-- Up-to-date: /home/wei/fire_scout_ws/install/px4_msgs/local/lib/python3.10/dist-packages/px4_msgs/msg/_vehicle_local_position.py\n'}
[1.128381] (px4_msgs) StdoutLine: {'line': b'-- Up-to-date: /home/wei/fire_scout_ws/install/px4_msgs/local/lib/python3.10/dist-packages/px4_msgs/msg/_sensor_combined_s.c\n'}
[1.128418] (px4_msgs) StdoutLine: {'line': b'-- Up-to-date: /home/wei/fire_scout_ws/install/px4_msgs/local/lib/python3.10/dist-packages/px4_msgs/msg/_iridiumsbd_status_s.c\n'}
[1.128451] (px4_msgs) StdoutLine: {'line': b'-- Up-to-date: /home/wei/fire_scout_ws/install/px4_msgs/local/lib/python3.10/dist-packages/px4_msgs/msg/_register_ext_component_request_s.c\n'}
[1.128503] (px4_msgs) StdoutLine: {'line': b'-- Up-to-date: /home/wei/fire_scout_ws/install/px4_msgs/local/lib/python3.10/dist-packages/px4_msgs/msg/_lateral_control_configuration_s.c\n'}
[1.128536] (px4_msgs) StdoutLine: {'line': b'-- Up-to-date: /home/wei/fire_scout_ws/install/px4_msgs/local/lib/python3.10/dist-packages/px4_msgs/msg/_vtol_vehicle_status_s.c\n'}
[1.128574] (px4_msgs) StdoutLine: {'line': b'-- Up-to-date: /home/wei/fire_scout_ws/install/px4_msgs/local/lib/python3.10/dist-packages/px4_msgs/msg/_task_stack_info_s.c\n'}
[1.128609] (px4_msgs) StdoutLine: {'line': b'-- Up-to-date: /home/wei/fire_scout_ws/install/px4_msgs/local/lib/python3.10/dist-packages/px4_msgs/msg/_cpuload_s.c\n'}
[1.128642] (px4_msgs) StdoutLine: {'line': b'-- Up-to-date: /home/wei/fire_scout_ws/install/px4_msgs/local/lib/python3.10/dist-packages/px4_msgs/msg/_estimator_sensor_bias.py\n'}
[1.128676] (px4_msgs) StdoutLine: {'line': b'-- Up-to-date: /home/wei/fire_scout_ws/install/px4_msgs/local/lib/python3.10/dist-packages/px4_msgs/msg/_figure_eight_status.py\n'}
[1.128726] (px4_msgs) StdoutLine: {'line': b'-- Up-to-date: /home/wei/fire_scout_ws/install/px4_msgs/local/lib/python3.10/dist-packages/px4_msgs/msg/_register_ext_component_request.py\n'}
[1.128760] (px4_msgs) StdoutLine: {'line': b'-- Up-to-date: /home/wei/fire_scout_ws/install/px4_msgs/local/lib/python3.10/dist-packages/px4_msgs/msg/_arming_check_request.py\n'}
[1.128793] (px4_msgs) StdoutLine: {'line': b'-- Up-to-date: /home/wei/fire_scout_ws/install/px4_msgs/local/lib/python3.10/dist-packages/px4_msgs/msg/_iridiumsbd_status.py\n'}
[1.128828] (px4_msgs) StdoutLine: {'line': b'-- Up-to-date: /home/wei/fire_scout_ws/install/px4_msgs/local/lib/python3.10/dist-packages/px4_msgs/msg/_vehicle_angular_acceleration_setpoint.py\n'}
[1.128862] (px4_msgs) StdoutLine: {'line': b'-- Up-to-date: /home/wei/fire_scout_ws/install/px4_msgs/local/lib/python3.10/dist-packages/px4_msgs/msg/_px4io_status.py\n'}
[1.128895] (px4_msgs) StdoutLine: {'line': b'-- Up-to-date: /home/wei/fire_scout_ws/install/px4_msgs/local/lib/python3.10/dist-packages/px4_msgs/msg/_ekf2_timestamps_s.c\n'}
[1.128927] (px4_msgs) StdoutLine: {'line': b'-- Up-to-date: /home/wei/fire_scout_ws/install/px4_msgs/local/lib/python3.10/dist-packages/px4_msgs/msg/_failure_detector_status.py\n'}
[1.128979] (px4_msgs) StdoutLine: {'line': b'-- Up-to-date: /home/wei/fire_scout_ws/install/px4_msgs/local/lib/python3.10/dist-packages/px4_msgs/msg/_sensor_selection.py\n'}
[1.129016] (px4_msgs) StdoutLine: {'line': b'-- Up-to-date: /home/wei/fire_scout_ws/install/px4_msgs/local/lib/python3.10/dist-packages/px4_msgs/msg/_airspeed.py\n'}
[1.129050] (px4_msgs) StdoutLine: {'line': b'-- Up-to-date: /home/wei/fire_scout_ws/install/px4_msgs/local/lib/python3.10/dist-packages/px4_msgs/msg/_sensor_optical_flow.py\n'}
[1.129084] (px4_msgs) StdoutLine: {'line': b'-- Up-to-date: /home/wei/fire_scout_ws/install/px4_msgs/local/lib/python3.10/dist-packages/px4_msgs/msg/_airspeed_validated.py\n'}
[1.129123] (px4_msgs) StdoutLine: {'line': b'-- Up-to-date: /home/wei/fire_scout_ws/install/px4_msgs/local/lib/python3.10/dist-packages/px4_msgs/msg/_orb_test_s.c\n'}
[1.129156] (px4_msgs) StdoutLine: {'line': b'-- Up-to-date: /home/wei/fire_scout_ws/install/px4_msgs/local/lib/python3.10/dist-packages/px4_msgs/msg/_estimator_aid_source1d_s.c\n'}
[1.129189] (px4_msgs) StdoutLine: {'line': b'-- Up-to-date: /home/wei/fire_scout_ws/install/px4_msgs/local/lib/python3.10/dist-packages/px4_msgs/msg/_mavlink_tunnel_s.c\n'}
[1.129225] (px4_msgs) StdoutLine: {'line': b'-- Up-to-date: /home/wei/fire_scout_ws/install/px4_msgs/local/lib/python3.10/dist-packages/px4_msgs/msg/_normalized_unsigned_setpoint_s.c\n'}
[1.129259] (px4_msgs) StdoutLine: {'line': b'-- Up-to-date: /home/wei/fire_scout_ws/install/px4_msgs/local/lib/python3.10/dist-packages/px4_msgs/msg/_power_monitor.py\n'}
[1.129299] (px4_msgs) StdoutLine: {'line': b'-- Up-to-date: /home/wei/fire_scout_ws/install/px4_msgs/local/lib/python3.10/dist-packages/px4_msgs/msg/_rc_parameter_map_s.c\n'}
[1.129354] (px4_msgs) StdoutLine: {'line': b'-- Up-to-date: /home/wei/fire_scout_ws/install/px4_msgs/local/lib/python3.10/dist-packages/px4_msgs/msg/_task_stack_info.py\n'}
[1.129396] (px4_msgs) StdoutLine: {'line': b'-- Up-to-date: /home/wei/fire_scout_ws/install/px4_msgs/local/lib/python3.10/dist-packages/px4_msgs/msg/_sensor_mag.py\n'}
[1.129437] (px4_msgs) StdoutLine: {'line': b'-- Up-to-date: /home/wei/fire_scout_ws/install/px4_msgs/local/lib/python3.10/dist-packages/px4_msgs/msg/_estimator_bias_s.c\n'}
[1.129473] (px4_msgs) StdoutLine: {'line': b'-- Up-to-date: /home/wei/fire_scout_ws/install/px4_msgs/local/lib/python3.10/dist-packages/px4_msgs/msg/_vehicle_constraints.py\n'}
[1.129520] (px4_msgs) StdoutLine: {'line': b'-- Up-to-date: /home/wei/fire_scout_ws/install/px4_msgs/local/lib/python3.10/dist-packages/px4_msgs/msg/_sensor_uwb.py\n'}
[1.129578] (px4_msgs) StdoutLine: {'line': b'-- Up-to-date: /home/wei/fire_scout_ws/install/px4_msgs/local/lib/python3.10/dist-packages/px4_msgs/msg/_vehicle_command_s.c\n'}
[1.129618] (px4_msgs) StdoutLine: {'line': b'-- Up-to-date: /home/wei/fire_scout_ws/install/px4_msgs/local/lib/python3.10/dist-packages/px4_msgs/msg/_fixed_wing_lateral_guidance_status.py\n'}
[1.129656] (px4_msgs) StdoutLine: {'line': b'-- Up-to-date: /home/wei/fire_scout_ws/install/px4_msgs/local/lib/python3.10/dist-packages/px4_msgs/msg/_gimbal_device_attitude_status_s.c\n'}
[1.129696] (px4_msgs) StdoutLine: {'line': b'-- Up-to-date: /home/wei/fire_scout_ws/install/px4_msgs/local/lib/python3.10/dist-packages/px4_msgs/msg/_camera_trigger_s.c\n'}
[1.129731] (px4_msgs) StdoutLine: {'line': b'-- Up-to-date: /home/wei/fire_scout_ws/install/px4_msgs/local/lib/python3.10/dist-packages/px4_msgs/msg/_uavcan_parameter_request.py\n'}
[1.129766] (px4_msgs) StdoutLine: {'line': b'-- Up-to-date: /home/wei/fire_scout_ws/install/px4_msgs/local/lib/python3.10/dist-packages/px4_msgs/msg/_mag_worker_data.py\n'}
[1.129822] (px4_msgs) StdoutLine: {'line': b'-- Up-to-date: /home/wei/fire_scout_ws/install/px4_msgs/local/lib/python3.10/dist-packages/px4_msgs/msg/_fixed_wing_longitudinal_setpoint.py\n'}
[1.130008] (px4_msgs) StdoutLine: {'line': b'-- Up-to-date: /home/wei/fire_scout_ws/install/px4_msgs/local/lib/python3.10/dist-packages/px4_msgs/msg/_estimator_gps_status.py\n'}
[1.130060] (px4_msgs) StdoutLine: {'line': b'-- Up-to-date: /home/wei/fire_scout_ws/install/px4_msgs/local/lib/python3.10/dist-packages/px4_msgs/msg/_estimator_aid_source1d.py\n'}
[1.130097] (px4_msgs) StdoutLine: {'line': b'-- Up-to-date: /home/wei/fire_scout_ws/install/px4_msgs/local/lib/python3.10/dist-packages/px4_msgs/msg/_arming_check_request_s.c\n'}
[1.130140] (px4_msgs) StdoutLine: {'line': b'-- Up-to-date: /home/wei/fire_scout_ws/install/px4_msgs/local/lib/python3.10/dist-packages/px4_msgs/msg/_gimbal_manager_set_manual_control_s.c\n'}
[1.130177] (px4_msgs) StdoutLine: {'line': b'-- Up-to-date: /home/wei/fire_scout_ws/install/px4_msgs/local/lib/python3.10/dist-packages/px4_msgs/msg/_manual_control_switches_s.c\n'}
[1.130214] (px4_msgs) StdoutLine: {'line': b'-- Up-to-date: /home/wei/fire_scout_ws/install/px4_msgs/local/lib/python3.10/dist-packages/px4_msgs/msg/_vehicle_acceleration.py\n'}
[1.130250] (px4_msgs) StdoutLine: {'line': b'-- Up-to-date: /home/wei/fire_scout_ws/install/px4_msgs/local/lib/python3.10/dist-packages/px4_msgs/msg/_heater_status_s.c\n'}
[1.130286] (px4_msgs) StdoutLine: {'line': b'-- Up-to-date: /home/wei/fire_scout_ws/install/px4_msgs/local/lib/python3.10/dist-packages/px4_msgs/msg/_goto_setpoint.py\n'}
[1.130323] (px4_msgs) StdoutLine: {'line': b'-- Up-to-date: /home/wei/fire_scout_ws/install/px4_msgs/local/lib/python3.10/dist-packages/px4_msgs/msg/_timesync_status.py\n'}
[1.130359] (px4_msgs) StdoutLine: {'line': b'-- Up-to-date: /home/wei/fire_scout_ws/install/px4_msgs/local/lib/python3.10/dist-packages/px4_msgs/msg/_gripper.py\n'}
[1.130399] (px4_msgs) StdoutLine: {'line': b'-- Up-to-date: /home/wei/fire_scout_ws/install/px4_msgs/local/lib/python3.10/dist-packages/px4_msgs/msg/_ulog_stream_ack.py\n'}
[1.130465] (px4_msgs) StdoutLine: {'line': b'-- Up-to-date: /home/wei/fire_scout_ws/install/px4_msgs/local/lib/python3.10/dist-packages/px4_msgs/msg/_actuator_armed.py\n'}
[1.130503] (px4_msgs) StdoutLine: {'line': b'-- Up-to-date: /home/wei/fire_scout_ws/install/px4_msgs/local/lib/python3.10/dist-packages/px4_msgs/msg/_camera_status_s.c\n'}
[1.130541] (px4_msgs) StdoutLine: {'line': b'-- Up-to-date: /home/wei/fire_scout_ws/install/px4_msgs/local/lib/python3.10/dist-packages/px4_msgs/msg/_rover_attitude_status.py\n'}
[1.130575] (px4_msgs) StdoutLine: {'line': b'-- Up-to-date: /home/wei/fire_scout_ws/install/px4_msgs/local/lib/python3.10/dist-packages/px4_msgs/msg/_navigator_mission_item.py\n'}
[1.130609] (px4_msgs) StdoutLine: {'line': b'-- Up-to-date: /home/wei/fire_scout_ws/install/px4_msgs/local/lib/python3.10/dist-packages/px4_msgs/msg/_estimator_aid_source2d_s.c\n'}
[1.130647] (px4_msgs) StdoutLine: {'line': b'-- Up-to-date: /home/wei/fire_scout_ws/install/px4_msgs/local/lib/python3.10/dist-packages/px4_msgs/msg/_airspeed_s.c\n'}
[1.130698] (px4_msgs) StdoutLine: {'line': b'-- Up-to-date: /home/wei/fire_scout_ws/install/px4_msgs/local/lib/python3.10/dist-packages/px4_msgs/msg/_sensor_accel.py\n'}
[1.130731] (px4_msgs) StdoutLine: {'line': b'-- Up-to-date: /home/wei/fire_scout_ws/install/px4_msgs/local/lib/python3.10/dist-packages/px4_msgs/msg/_vehicle_torque_setpoint.py\n'}
[1.130769] (px4_msgs) StdoutLine: {'line': b'-- Up-to-date: /home/wei/fire_scout_ws/install/px4_msgs/local/lib/python3.10/dist-packages/px4_msgs/msg/_collision_constraints_s.c\n'}
[1.130802] (px4_msgs) StdoutLine: {'line': b'-- Up-to-date: /home/wei/fire_scout_ws/install/px4_msgs/local/lib/python3.10/dist-packages/px4_msgs/msg/_orbit_status_s.c\n'}
[1.130835] (px4_msgs) StdoutLine: {'line': b'-- Up-to-date: /home/wei/fire_scout_ws/install/px4_msgs/local/lib/python3.10/dist-packages/px4_msgs/msg/_fuel_tank_status_s.c\n'}
[1.130884] (px4_msgs) StdoutLine: {'line': b'-- Up-to-date: /home/wei/fire_scout_ws/install/px4_msgs/local/lib/python3.10/dist-packages/px4_msgs/msg/_vehicle_status.py\n'}
[1.130918] (px4_msgs) StdoutLine: {'line': b'-- Up-to-date: /home/wei/fire_scout_ws/install/px4_msgs/local/lib/python3.10/dist-packages/px4_msgs/msg/_actuator_motors.py\n'}
[1.130952] (px4_msgs) StdoutLine: {'line': b'-- Up-to-date: /home/wei/fire_scout_ws/install/px4_msgs/local/lib/python3.10/dist-packages/px4_msgs/msg/_gripper_s.c\n'}
[1.130986] (px4_msgs) StdoutLine: {'line': b'-- Up-to-date: /home/wei/fire_scout_ws/install/px4_msgs/local/lib/python3.10/dist-packages/px4_msgs/msg/_sensor_preflight_mag_s.c\n'}
[1.131020] (px4_msgs) StdoutLine: {'line': b'-- Up-to-date: /home/wei/fire_scout_ws/install/px4_msgs/local/lib/python3.10/dist-packages/px4_msgs/msg/_vehicle_angular_velocity_s.c\n'}
[1.131053] (px4_msgs) StdoutLine: {'line': b'-- Up-to-date: /home/wei/fire_scout_ws/install/px4_msgs/local/lib/python3.10/dist-packages/px4_msgs/msg/_landing_target_innovations_s.c\n'}
[1.131087] (px4_msgs) StdoutLine: {'line': b'-- Up-to-date: /home/wei/fire_scout_ws/install/px4_msgs/local/lib/python3.10/dist-packages/px4_msgs/msg/_rover_rate_status.py\n'}
[1.131121] (px4_msgs) StdoutLine: {'line': b'-- Up-to-date: /home/wei/fire_scout_ws/install/px4_msgs/local/lib/python3.10/dist-packages/px4_msgs/msg/_follow_target.py\n'}
[1.131168] (px4_msgs) StdoutLine: {'line': b'-- Up-to-date: /home/wei/fire_scout_ws/install/px4_msgs/local/lib/python3.10/dist-packages/px4_msgs/msg/_follow_target_status.py\n'}
[1.131202] (px4_msgs) StdoutLine: {'line': b'-- Up-to-date: /home/wei/fire_scout_ws/install/px4_msgs/local/lib/python3.10/dist-packages/px4_msgs/msg/_led_control_s.c\n'}
[1.131235] (px4_msgs) StdoutLine: {'line': b'-- Up-to-date: /home/wei/fire_scout_ws/install/px4_msgs/local/lib/python3.10/dist-packages/px4_msgs/msg/_vehicle_constraints_s.c\n'}
[1.131267] (px4_msgs) StdoutLine: {'line': b'-- Up-to-date: /home/wei/fire_scout_ws/install/px4_msgs/local/lib/python3.10/dist-packages/px4_msgs/msg/_manual_control_setpoint_s.c\n'}
[1.131301] (px4_msgs) StdoutLine: {'line': b'-- Up-to-date: /home/wei/fire_scout_ws/install/px4_msgs/local/lib/python3.10/dist-packages/px4_msgs/msg/_cpuload.py\n'}
[1.131334] (px4_msgs) StdoutLine: {'line': b'-- Up-to-date: /home/wei/fire_scout_ws/install/px4_msgs/local/lib/python3.10/dist-packages/px4_msgs/msg/_position_setpoint_triplet_s.c\n'}
[1.131371] (px4_msgs) StdoutLine: {'line': b'-- Up-to-date: /home/wei/fire_scout_ws/install/px4_msgs/local/lib/python3.10/dist-packages/px4_msgs/msg/_tune_control_s.c\n'}
[1.131409] (px4_msgs) StdoutLine: {'line': b'-- Up-to-date: /home/wei/fire_scout_ws/install/px4_msgs/local/lib/python3.10/dist-packages/px4_msgs/msg/_vehicle_magnetometer_s.c\n'}
[1.131443] (px4_msgs) StdoutLine: {'line': b'-- Up-to-date: /home/wei/fire_scout_ws/install/px4_msgs/local/lib/python3.10/dist-packages/px4_msgs/msg/_wind_s.c\n'}
[1.131477] (px4_msgs) StdoutLine: {'line': b'-- Up-to-date: /home/wei/fire_scout_ws/install/px4_msgs/local/lib/python3.10/dist-packages/px4_msgs/msg/_telemetry_status_s.c\n'}
[1.131513] (px4_msgs) StdoutLine: {'line': b'-- Up-to-date: /home/wei/fire_scout_ws/install/px4_msgs/local/lib/python3.10/dist-packages/px4_msgs/msg/_landing_target_pose.py\n'}
[1.131548] (px4_msgs) StdoutLine: {'line': b'-- Up-to-date: /home/wei/fire_scout_ws/install/px4_msgs/local/lib/python3.10/dist-packages/px4_msgs/msg/_vehicle_angular_acceleration_setpoint_s.c\n'}
[1.131582] (px4_msgs) StdoutLine: {'line': b'-- Up-to-date: /home/wei/fire_scout_ws/install/px4_msgs/local/lib/python3.10/dist-packages/px4_msgs/msg/_internal_combustion_engine_control.py\n'}
[1.131619] (px4_msgs) StdoutLine: {'line': b'-- Up-to-date: /home/wei/fire_scout_ws/install/px4_msgs/local/lib/python3.10/dist-packages/px4_msgs/msg/_vehicle_global_position_s.c\n'}
[1.131654] (px4_msgs) StdoutLine: {'line': b'-- Up-to-date: /home/wei/fire_scout_ws/install/px4_msgs/local/lib/python3.10/dist-packages/px4_msgs/msg/_sensor_airflow.py\n'}
[1.131691] (px4_msgs) StdoutLine: {'line': b'-- Up-to-date: /home/wei/fire_scout_ws/install/px4_msgs/local/lib/python3.10/dist-packages/px4_msgs/msg/_failsafe_flags_s.c\n'}
[1.131725] (px4_msgs) StdoutLine: {'line': b'-- Up-to-date: /home/wei/fire_scout_ws/install/px4_msgs/local/lib/python3.10/dist-packages/px4_msgs/msg/_orb_test_medium_s.c\n'}
[1.131760] (px4_msgs) StdoutLine: {'line': b'-- Up-to-date: /home/wei/fire_scout_ws/install/px4_msgs/local/lib/python3.10/dist-packages/px4_msgs/msg/_button_event_s.c\n'}
[1.131794] (px4_msgs) StdoutLine: {'line': b'-- Up-to-date: /home/wei/fire_scout_ws/install/px4_msgs/local/lib/python3.10/dist-packages/px4_msgs/msg/_esc_status_s.c\n'}
[1.131828] (px4_msgs) StdoutLine: {'line': b'-- Up-to-date: /home/wei/fire_scout_ws/install/px4_msgs/local/lib/python3.10/dist-packages/px4_msgs/msg/_rpm_s.c\n'}
[1.131880] (px4_msgs) StdoutLine: {'line': b'-- Up-to-date: /home/wei/fire_scout_ws/install/px4_msgs/local/lib/python3.10/dist-packages/px4_msgs/msg/_system_power.py\n'}
[1.131921] (px4_msgs) StdoutLine: {'line': b'-- Up-to-date: /home/wei/fire_scout_ws/install/px4_msgs/local/lib/python3.10/dist-packages/px4_msgs/msg/_sensor_uwb_s.c\n'}
[1.131957] (px4_msgs) StdoutLine: {'line': b'-- Up-to-date: /home/wei/fire_scout_ws/install/px4_msgs/local/lib/python3.10/dist-packages/px4_msgs/msg/_actuator_servos.py\n'}
[1.131990] (px4_msgs) StdoutLine: {'line': b'-- Up-to-date: /home/wei/fire_scout_ws/install/px4_msgs/local/lib/python3.10/dist-packages/px4_msgs/msg/_vehicle_control_mode.py\n'}
[1.132024] (px4_msgs) StdoutLine: {'line': b'-- Up-to-date: /home/wei/fire_scout_ws/install/px4_msgs/local/lib/python3.10/dist-packages/px4_msgs/msg/_airspeed_wind.py\n'}
[1.132060] (px4_msgs) StdoutLine: {'line': b'-- Up-to-date: /home/wei/fire_scout_ws/install/px4_msgs/local/lib/python3.10/dist-packages/px4_msgs/msg/_vehicle_imu.py\n'}
[1.132095] (px4_msgs) StdoutLine: {'line': b'-- Up-to-date: /home/wei/fire_scout_ws/install/px4_msgs/local/lib/python3.10/dist-packages/px4_msgs/msg/_open_drone_id_arm_status.py\n'}
[1.132130] (px4_msgs) StdoutLine: {'line': b'-- Up-to-date: /home/wei/fire_scout_ws/install/px4_msgs/local/lib/python3.10/dist-packages/px4_msgs/msg/_actuator_test.py\n'}
[1.132165] (px4_msgs) StdoutLine: {'line': b'-- Up-to-date: /home/wei/fire_scout_ws/install/px4_msgs/local/lib/python3.10/dist-packages/px4_msgs/msg/_position_controller_status_s.c\n'}
[1.132200] (px4_msgs) StdoutLine: {'line': b'-- Up-to-date: /home/wei/fire_scout_ws/install/px4_msgs/local/lib/python3.10/dist-packages/px4_msgs/msg/_rate_ctrl_status_s.c\n'}
[1.132238] (px4_msgs) StdoutLine: {'line': b'-- Up-to-date: /home/wei/fire_scout_ws/install/px4_msgs/local/lib/python3.10/dist-packages/px4_msgs/msg/_sensor_gps_s.c\n'}
[1.132291] (px4_msgs) StdoutLine: {'line': b'-- Up-to-date: /home/wei/fire_scout_ws/install/px4_msgs/local/lib/python3.10/dist-packages/px4_msgs/msg/_landing_target_pose_s.c\n'}
[1.132326] (px4_msgs) StdoutLine: {'line': b'-- Up-to-date: /home/wei/fire_scout_ws/install/px4_msgs/local/lib/python3.10/dist-packages/px4_msgs/msg/_estimator_bias3d_s.c\n'}
[1.132360] (px4_msgs) StdoutLine: {'line': b'-- Up-to-date: /home/wei/fire_scout_ws/install/px4_msgs/local/lib/python3.10/dist-packages/px4_msgs/msg/_wheel_encoders.py\n'}
[1.132402] (px4_msgs) StdoutLine: {'line': b'-- Up-to-date: /home/wei/fire_scout_ws/install/px4_msgs/local/lib/python3.10/dist-packages/px4_msgs/msg/_vehicle_torque_setpoint_s.c\n'}
[1.132448] (px4_msgs) StdoutLine: {'line': b'-- Up-to-date: /home/wei/fire_scout_ws/install/px4_msgs/local/lib/python3.10/dist-packages/px4_msgs/msg/_sensor_baro_s.c\n'}
[1.132484] (px4_msgs) StdoutLine: {'line': b'-- Up-to-date: /home/wei/fire_scout_ws/install/px4_msgs/local/lib/python3.10/dist-packages/px4_msgs/msg/_vehicle_acceleration_s.c\n'}
[1.132519] (px4_msgs) StdoutLine: {'line': b'-- Up-to-date: /home/wei/fire_scout_ws/install/px4_msgs/local/lib/python3.10/dist-packages/px4_msgs/msg/_fixed_wing_lateral_setpoint_s.c\n'}
[1.132553] (px4_msgs) StdoutLine: {'line': b'-- Up-to-date: /home/wei/fire_scout_ws/install/px4_msgs/local/lib/python3.10/dist-packages/px4_msgs/msg/_home_position.py\n'}
[1.132591] (px4_msgs) StdoutLine: {'line': b'-- Up-to-date: /home/wei/fire_scout_ws/install/px4_msgs/local/lib/python3.10/dist-packages/px4_msgs/msg/_landing_gear_s.c\n'}
[1.132632] (px4_msgs) StdoutLine: {'line': b'-- Up-to-date: /home/wei/fire_scout_ws/install/px4_msgs/local/lib/python3.10/dist-packages/px4_msgs/msg/_gpio_out_s.c\n'}
[1.132685] (px4_msgs) StdoutLine: {'line': b'-- Up-to-date: /home/wei/fire_scout_ws/install/px4_msgs/local/lib/python3.10/dist-packages/px4_msgs/msg/_landing_gear_wheel.py\n'}
[1.132721] (px4_msgs) StdoutLine: {'line': b'-- Up-to-date: /home/wei/fire_scout_ws/install/px4_msgs/local/lib/python3.10/dist-packages/px4_msgs/msg/_position_controller_landing_status_s.c\n'}
[1.132755] (px4_msgs) StdoutLine: {'line': b'-- Up-to-date: /home/wei/fire_scout_ws/install/px4_msgs/local/lib/python3.10/dist-packages/px4_msgs/msg/_radio_status.py\n'}
[1.132790] (px4_msgs) StdoutLine: {'line': b'-- Up-to-date: /home/wei/fire_scout_ws/install/px4_msgs/local/lib/python3.10/dist-packages/px4_msgs/msg/_rover_throttle_setpoint_s.c\n'}
[1.132825] (px4_msgs) StdoutLine: {'line': b'-- Up-to-date: /home/wei/fire_scout_ws/install/px4_msgs/local/lib/python3.10/dist-packages/px4_msgs/msg/_rover_steering_setpoint_s.c\n'}
[1.132859] (px4_msgs) StdoutLine: {'line': b'-- Up-to-date: /home/wei/fire_scout_ws/install/px4_msgs/local/lib/python3.10/dist-packages/px4_msgs/msg/_mount_orientation_s.c\n'}
[1.132894] (px4_msgs) StdoutLine: {'line': b'-- Up-to-date: /home/wei/fire_scout_ws/install/px4_msgs/local/lib/python3.10/dist-packages/px4_msgs/msg/_mission_result.py\n'}
[1.132929] (px4_msgs) StdoutLine: {'line': b'-- Up-to-date: /home/wei/fire_scout_ws/install/px4_msgs/local/lib/python3.10/dist-packages/px4_msgs/msg/_differential_pressure.py\n'}
[1.132963] (px4_msgs) StdoutLine: {'line': b'-- Up-to-date: /home/wei/fire_scout_ws/install/px4_msgs/local/lib/python3.10/dist-packages/px4_msgs/msg/_actuator_servos_trim.py\n'}
[1.132996] (px4_msgs) StdoutLine: {'line': b'-- Up-to-date: /home/wei/fire_scout_ws/install/px4_msgs/local/lib/python3.10/dist-packages/px4_msgs/msg/_gpio_request.py\n'}
[1.133032] (px4_msgs) StdoutLine: {'line': b'-- Up-to-date: /home/wei/fire_scout_ws/install/px4_msgs/local/lib/python3.10/dist-packages/px4_msgs/msg/_hover_thrust_estimate_s.c\n'}
[1.133092] (px4_msgs) StdoutLine: {'line': b'-- Up-to-date: /home/wei/fire_scout_ws/install/px4_msgs/local/lib/python3.10/dist-packages/px4_msgs/msg/_battery_status.py\n'}
[1.133139] (px4_msgs) StdoutLine: {'line': b'-- Up-to-date: /home/wei/fire_scout_ws/install/px4_msgs/local/lib/python3.10/dist-packages/px4_msgs/msg/_vehicle_attitude_setpoint.py\n'}
[1.133174] (px4_msgs) StdoutLine: {'line': b'-- Up-to-date: /home/wei/fire_scout_ws/install/px4_msgs/local/lib/python3.10/dist-packages/px4_msgs/msg/_uavcan_parameter_value_s.c\n'}
[1.133209] (px4_msgs) StdoutLine: {'line': b'-- Up-to-date: /home/wei/fire_scout_ws/install/px4_msgs/local/lib/python3.10/dist-packages/px4_msgs/msg/_figure_eight_status_s.c\n'}
[1.133244] (px4_msgs) StdoutLine: {'line': b'-- Up-to-date: /home/wei/fire_scout_ws/install/px4_msgs/local/lib/python3.10/dist-packages/px4_msgs/msg/_vehicle_imu_s.c\n'}
[1.133279] (px4_msgs) StdoutLine: {'line': b'-- Up-to-date: /home/wei/fire_scout_ws/install/px4_msgs/local/lib/python3.10/dist-packages/px4_msgs/msg/_qshell_req_s.c\n'}
[1.133312] (px4_msgs) StdoutLine: {'line': b'-- Up-to-date: /home/wei/fire_scout_ws/install/px4_msgs/local/lib/python3.10/dist-packages/px4_msgs/msg/_gimbal_device_information_s.c\n'}
[1.133347] (px4_msgs) StdoutLine: {'line': b'-- Up-to-date: /home/wei/fire_scout_ws/install/px4_msgs/local/lib/python3.10/dist-packages/px4_msgs/msg/_sensor_baro.py\n'}
[1.133386] (px4_msgs) StdoutLine: {'line': b'-- Up-to-date: /home/wei/fire_scout_ws/install/px4_msgs/local/lib/python3.10/dist-packages/px4_msgs/msg/_message_format_request_s.c\n'}
[1.133422] (px4_msgs) StdoutLine: {'line': b'-- Up-to-date: /home/wei/fire_scout_ws/install/px4_msgs/local/lib/python3.10/dist-packages/px4_msgs/msg/_sensors_status.py\n'}
[1.133461] (px4_msgs) StdoutLine: {'line': b'-- Up-to-date: /home/wei/fire_scout_ws/install/px4_msgs/local/lib/python3.10/dist-packages/px4_msgs/msg/_open_drone_id_operator_id_s.c\n'}
[1.133498] (px4_msgs) StdoutLine: {'line': b'-- Up-to-date: /home/wei/fire_scout_ws/install/px4_msgs/local/lib/python3.10/dist-packages/px4_msgs/msg/_internal_combustion_engine_status_s.c\n'}
[1.133535] (px4_msgs) StdoutLine: {'line': b'-- Up-to-date: /home/wei/fire_scout_ws/install/px4_msgs/local/lib/python3.10/dist-packages/px4_msgs/msg/_irlock_report.py\n'}
[1.133575] (px4_msgs) StdoutLine: {'line': b'-- Up-to-date: /home/wei/fire_scout_ws/install/px4_msgs/local/lib/python3.10/dist-packages/px4_msgs/msg/_gimbal_manager_information.py\n'}
[1.133637] (px4_msgs) StdoutLine: {'line': b'-- Up-to-date: /home/wei/fire_scout_ws/install/px4_msgs/local/lib/python3.10/dist-packages/px4_msgs/msg/_pure_pursuit_status.py\n'}
[1.133673] (px4_msgs) StdoutLine: {'line': b'-- Up-to-date: /home/wei/fire_scout_ws/install/px4_msgs/local/lib/python3.10/dist-packages/px4_msgs/msg/_debug_array_s.c\n'}
[1.133708] (px4_msgs) StdoutLine: {'line': b'-- Up-to-date: /home/wei/fire_scout_ws/install/px4_msgs/local/lib/python3.10/dist-packages/px4_msgs/msg/_gpio_config.py\n'}
[1.133744] (px4_msgs) StdoutLine: {'line': b'-- Up-to-date: /home/wei/fire_scout_ws/install/px4_msgs/local/lib/python3.10/dist-packages/px4_msgs/msg/_message_format_request.py\n'}
[1.133783] (px4_msgs) StdoutLine: {'line': b'-- Up-to-date: /home/wei/fire_scout_ws/install/px4_msgs/local/lib/python3.10/dist-packages/px4_msgs/msg/_ulog_stream_ack_s.c\n'}
[1.133818] (px4_msgs) StdoutLine: {'line': b'-- Up-to-date: /home/wei/fire_scout_ws/install/px4_msgs/local/lib/python3.10/dist-packages/px4_msgs/msg/_flight_phase_estimation_s.c\n'}
[1.133853] (px4_msgs) StdoutLine: {'line': b'-- Up-to-date: /home/wei/fire_scout_ws/install/px4_msgs/local/lib/python3.10/dist-packages/px4_msgs/msg/_estimator_states_s.c\n'}
[1.133888] (px4_msgs) StdoutLine: {'line': b'-- Up-to-date: /home/wei/fire_scout_ws/install/px4_msgs/local/lib/python3.10/dist-packages/px4_msgs/msg/_estimator_event_flags.py\n'}
[1.133940] (px4_msgs) StdoutLine: {'line': b'-- Up-to-date: /home/wei/fire_scout_ws/install/px4_msgs/local/lib/python3.10/dist-packages/px4_msgs/msg/_orb_test_large_s.c\n'}
[1.133976] (px4_msgs) StdoutLine: {'line': b'-- Up-to-date: /home/wei/fire_scout_ws/install/px4_msgs/local/lib/python3.10/dist-packages/px4_msgs/msg/_rtl_status.py\n'}
[1.134015] (px4_msgs) StdoutLine: {'line': b'-- Up-to-date: /home/wei/fire_scout_ws/install/px4_msgs/local/lib/python3.10/dist-packages/px4_msgs/msg/_geofence_status.py\n'}
[1.134050] (px4_msgs) StdoutLine: {'line': b'-- Up-to-date: /home/wei/fire_scout_ws/install/px4_msgs/local/lib/python3.10/dist-packages/px4_msgs/msg/_uavcan_parameter_request_s.c\n'}
[1.134085] (px4_msgs) StdoutLine: {'line': b'-- Up-to-date: /home/wei/fire_scout_ws/install/px4_msgs/local/lib/python3.10/dist-packages/px4_msgs/msg/_esc_status.py\n'}
[1.134120] (px4_msgs) StdoutLine: {'line': b'-- Up-to-date: /home/wei/fire_scout_ws/install/px4_msgs/local/lib/python3.10/dist-packages/px4_msgs/msg/_arming_check_reply.py\n'}
[1.134156] (px4_msgs) StdoutLine: {'line': b'-- Up-to-date: /home/wei/fire_scout_ws/install/px4_msgs/local/lib/python3.10/dist-packages/px4_msgs/msg/_radio_status_s.c\n'}
[1.134191] (px4_msgs) StdoutLine: {'line': b'-- Up-to-date: /home/wei/fire_scout_ws/install/px4_msgs/local/lib/python3.10/dist-packages/px4_msgs/msg/_vehicle_local_position_setpoint_s.c\n'}
[1.134226] (px4_msgs) StdoutLine: {'line': b'-- Up-to-date: /home/wei/fire_scout_ws/install/px4_msgs/local/lib/python3.10/dist-packages/px4_msgs/msg/_sensor_gyro_fifo_s.c\n'}
[1.134279] (px4_msgs) StdoutLine: {'line': b'-- Up-to-date: /home/wei/fire_scout_ws/install/px4_msgs/local/lib/python3.10/dist-packages/px4_msgs/msg/_ping_s.c\n'}
[1.134315] (px4_msgs) StdoutLine: {'line': b'-- Up-to-date: /home/wei/fire_scout_ws/install/px4_msgs/local/lib/python3.10/dist-packages/px4_msgs/msg/_airspeed_validated_s.c\n'}
[1.134351] (px4_msgs) StdoutLine: {'line': b'-- Up-to-date: /home/wei/fire_scout_ws/install/px4_msgs/local/lib/python3.10/dist-packages/px4_msgs/msg/_obstacle_distance_s.c\n'}
[1.134402] (px4_msgs) StdoutLine: {'line': b'-- Up-to-date: /home/wei/fire_scout_ws/install/px4_msgs/local/lib/python3.10/dist-packages/px4_msgs/msg/_sensor_hygrometer.py\n'}
[1.134438] (px4_msgs) StdoutLine: {'line': b'-- Up-to-date: /home/wei/fire_scout_ws/install/px4_msgs/local/lib/python3.10/dist-packages/px4_msgs/msg/_sensor_preflight_mag.py\n'}
[1.134483] (px4_msgs) StdoutLine: {'line': b'-- Up-to-date: /home/wei/fire_scout_ws/install/px4_msgs/local/lib/python3.10/dist-packages/px4_msgs/msg/_rate_ctrl_status.py\n'}
[1.134520] (px4_msgs) StdoutLine: {'line': b'-- Up-to-date: /home/wei/fire_scout_ws/install/px4_msgs/local/lib/python3.10/dist-packages/px4_msgs/msg/_mavlink_log_s.c\n'}
[1.134557] (px4_msgs) StdoutLine: {'line': b'-- Up-to-date: /home/wei/fire_scout_ws/install/px4_msgs/local/lib/python3.10/dist-packages/px4_msgs/msg/_magnetometer_bias_estimate_s.c\n'}
[1.134595] (px4_msgs) StdoutLine: {'line': b'-- Up-to-date: /home/wei/fire_scout_ws/install/px4_msgs/local/lib/python3.10/dist-packages/px4_msgs/msg/_rover_steering_setpoint.py\n'}
[1.134633] (px4_msgs) StdoutLine: {'line': b'-- Up-to-date: /home/wei/fire_scout_ws/install/px4_msgs/local/lib/python3.10/dist-packages/px4_msgs/msg/_sensor_mag_s.c\n'}
[1.134670] (px4_msgs) StdoutLine: {'line': b'-- Up-to-date: /home/wei/fire_scout_ws/install/px4_msgs/local/lib/python3.10/dist-packages/px4_msgs/msg/_sensor_accel_fifo_s.c\n'}
[1.134723] (px4_msgs) StdoutLine: {'line': b'-- Up-to-date: /home/wei/fire_scout_ws/install/px4_msgs/local/lib/python3.10/dist-packages/px4_msgs/msg/_battery_info_s.c\n'}
[1.134760] (px4_msgs) StdoutLine: {'line': b'-- Up-to-date: /home/wei/fire_scout_ws/install/px4_msgs/local/lib/python3.10/dist-packages/px4_msgs/msg/_fixed_wing_lateral_status.py\n'}
[1.134795] (px4_msgs) StdoutLine: {'line': b'-- Up-to-date: /home/wei/fire_scout_ws/install/px4_msgs/local/lib/python3.10/dist-packages/px4_msgs/msg/_power_monitor_s.c\n'}
[1.134831] (px4_msgs) StdoutLine: {'line': b'-- Up-to-date: /home/wei/fire_scout_ws/install/px4_msgs/local/lib/python3.10/dist-packages/px4_msgs/msg/_onboard_computer_status_s.c\n'}
[1.134868] (px4_msgs) StdoutLine: {'line': b'-- Up-to-date: /home/wei/fire_scout_ws/install/px4_msgs/local/lib/python3.10/dist-packages/px4_msgs/msg/_debug_value_s.c\n'}
[1.134905] (px4_msgs) StdoutLine: {'line': b'-- Up-to-date: /home/wei/fire_scout_ws/install/px4_msgs/local/lib/python3.10/dist-packages/px4_msgs/msg/_vehicle_rates_setpoint.py\n'}
[1.134947] (px4_msgs) StdoutLine: {'line': b'-- Up-to-date: /home/wei/fire_scout_ws/install/px4_msgs/local/lib/python3.10/dist-packages/px4_msgs/msg/_sensors_status_s.c\n'}
[1.134983] (px4_msgs) StdoutLine: {'line': b'-- Up-to-date: /home/wei/fire_scout_ws/install/px4_msgs/local/lib/python3.10/dist-packages/px4_msgs/msg/_gps_inject_data_s.c\n'}
[1.135019] (px4_msgs) StdoutLine: {'line': b'-- Up-to-date: /home/wei/fire_scout_ws/install/px4_msgs/local/lib/python3.10/dist-packages/px4_msgs/msg/_longitudinal_control_configuration.py\n'}
[1.135056] (px4_msgs) StdoutLine: {'line': b'-- Up-to-date: /home/wei/fire_scout_ws/install/px4_msgs/local/lib/python3.10/dist-packages/px4_msgs/msg/_generator_status_s.c\n'}
[1.135091] (px4_msgs) StdoutLine: {'line': b'-- Up-to-date: /home/wei/fire_scout_ws/install/px4_msgs/local/lib/python3.10/dist-packages/px4_msgs/msg/_orbit_status.py\n'}
[1.135128] (px4_msgs) StdoutLine: {'line': b'-- Up-to-date: /home/wei/fire_scout_ws/install/px4_msgs/local/lib/python3.10/dist-packages/px4_msgs/msg/_sensor_accel_fifo.py\n'}
[1.135164] (px4_msgs) StdoutLine: {'line': b'-- Up-to-date: /home/wei/fire_scout_ws/install/px4_msgs/local/lib/python3.10/dist-packages/px4_msgs/msg/_debug_key_value.py\n'}
[1.135199] (px4_msgs) StdoutLine: {'line': b'-- Up-to-date: /home/wei/fire_scout_ws/install/px4_msgs/local/lib/python3.10/dist-packages/px4_msgs/msg/_gimbal_device_attitude_status.py\n'}
[1.135235] (px4_msgs) StdoutLine: {'line': b'-- Up-to-date: /home/wei/fire_scout_ws/install/px4_msgs/local/lib/python3.10/dist-packages/px4_msgs/msg/_vehicle_local_position_s.c\n'}
[1.135291] (px4_msgs) StdoutLine: {'line': b'-- Up-to-date: /home/wei/fire_scout_ws/install/px4_msgs/local/lib/python3.10/dist-packages/px4_msgs/msg/_rc_channels_s.c\n'}
[1.135329] (px4_msgs) StdoutLine: {'line': b'-- Up-to-date: /home/wei/fire_scout_ws/install/px4_msgs/local/lib/python3.10/dist-packages/px4_msgs/msg/_pwm_input_s.c\n'}
[1.135370] (px4_msgs) StdoutLine: {'line': b'-- Up-to-date: /home/wei/fire_scout_ws/install/px4_msgs/local/lib/python3.10/dist-packages/px4_msgs/msg/_fixed_wing_lateral_guidance_status_s.c\n'}
[1.135406] (px4_msgs) StdoutLine: {'line': b'-- Up-to-date: /home/wei/fire_scout_ws/install/px4_msgs/local/lib/python3.10/dist-packages/px4_msgs/msg/_mode_completed.py\n'}
[1.135453] (px4_msgs) StdoutLine: {'line': b'-- Up-to-date: /home/wei/fire_scout_ws/install/px4_msgs/local/lib/python3.10/dist-packages/px4_msgs/msg/_rover_rate_status_s.c\n'}
[1.135489] (px4_msgs) StdoutLine: {'line': b'-- Up-to-date: /home/wei/fire_scout_ws/install/px4_msgs/local/lib/python3.10/dist-packages/px4_msgs/msg/_orb_test.py\n'}
[1.135523] (px4_msgs) StdoutLine: {'line': b'-- Up-to-date: /home/wei/fire_scout_ws/install/px4_msgs/local/lib/python3.10/dist-packages/px4_msgs/msg/_parameter_set_used_request_s.c\n'}
[1.135557] (px4_msgs) StdoutLine: {'line': b'-- Up-to-date: /home/wei/fire_scout_ws/install/px4_msgs/local/lib/python3.10/dist-packages/px4_msgs/msg/_gimbal_controls_s.c\n'}
[1.135596] (px4_msgs) StdoutLine: {'line': b'-- Up-to-date: /home/wei/fire_scout_ws/install/px4_msgs/local/lib/python3.10/dist-packages/px4_msgs/msg/_can_interface_status_s.c\n'}
[1.135639] (px4_msgs) StdoutLine: {'line': b'-- Up-to-date: /home/wei/fire_scout_ws/install/px4_msgs/local/lib/python3.10/dist-packages/px4_msgs/msg/_vehicle_optical_flow_s.c\n'}
[1.135672] (px4_msgs) StdoutLine: {'line': b'-- Up-to-date: /home/wei/fire_scout_ws/install/px4_msgs/local/lib/python3.10/dist-packages/px4_msgs/msg/_vehicle_roi_s.c\n'}
[1.135707] (px4_msgs) StdoutLine: {'line': b'-- Up-to-date: /home/wei/fire_scout_ws/install/px4_msgs/local/lib/python3.10/dist-packages/px4_msgs/msg/_open_drone_id_system.py\n'}
[1.135741] (px4_msgs) StdoutLine: {'line': b'-- Up-to-date: /home/wei/fire_scout_ws/install/px4_msgs/local/lib/python3.10/dist-packages/px4_msgs/msg/_debug_array.py\n'}
[1.135791] (px4_msgs) StdoutLine: {'line': b'-- Up-to-date: /home/wei/fire_scout_ws/install/px4_msgs/local/lib/python3.10/dist-packages/px4_msgs/msg/_led_control.py\n'}
[1.135828] (px4_msgs) StdoutLine: {'line': b'-- Up-to-date: /home/wei/fire_scout_ws/install/px4_msgs/local/lib/python3.10/dist-packages/px4_msgs/msg/_goto_setpoint_s.c\n'}
[1.135863] (px4_msgs) StdoutLine: {'line': b'-- Up-to-date: /home/wei/fire_scout_ws/install/px4_msgs/local/lib/python3.10/dist-packages/px4_msgs/msg/_navigator_status_s.c\n'}
[1.135913] (px4_msgs) StdoutLine: {'line': b'-- Up-to-date: /home/wei/fire_scout_ws/install/px4_msgs/local/lib/python3.10/dist-packages/px4_msgs/msg/_sensor_accel_s.c\n'}
[1.135947] (px4_msgs) StdoutLine: {'line': b'-- Up-to-date: /home/wei/fire_scout_ws/install/px4_msgs/local/lib/python3.10/dist-packages/px4_msgs/msg/_launch_detection_status.py\n'}
[1.135984] (px4_msgs) StdoutLine: {'line': b'-- Up-to-date: /home/wei/fire_scout_ws/install/px4_msgs/local/lib/python3.10/dist-packages/px4_msgs/msg/_fixed_wing_lateral_status_s.c\n'}
[1.136018] (px4_msgs) StdoutLine: {'line': b'-- Up-to-date: /home/wei/fire_scout_ws/install/px4_msgs/local/lib/python3.10/dist-packages/px4_msgs/msg/_neural_control.py\n'}
[1.136050] (px4_msgs) StdoutLine: {'line': b'-- Up-to-date: /home/wei/fire_scout_ws/install/px4_msgs/local/lib/python3.10/dist-packages/px4_msgs/msg/_gimbal_device_set_attitude.py\n'}
[1.136088] (px4_msgs) StdoutLine: {'line': b'-- Up-to-date: /home/wei/fire_scout_ws/install/px4_msgs/local/lib/python3.10/dist-packages/px4_msgs/msg/_estimator_selector_status_s.c\n'}
[1.136123] (px4_msgs) StdoutLine: {'line': b'-- Up-to-date: /home/wei/fire_scout_ws/install/px4_msgs/local/lib/python3.10/dist-packages/px4_msgs/msg/_power_button_state.py\n'}
[1.136157] (px4_msgs) StdoutLine: {'line': b'-- Up-to-date: /home/wei/fire_scout_ws/install/px4_msgs/local/lib/python3.10/dist-packages/px4_msgs/msg/_unregister_ext_component_s.c\n'}
[1.136193] (px4_msgs) StdoutLine: {'line': b'-- Up-to-date: /home/wei/fire_scout_ws/install/px4_msgs/local/lib/python3.10/dist-packages/px4_msgs/msg/_tecs_status_s.c\n'}
[1.136230] (px4_msgs) StdoutLine: {'line': b'-- Up-to-date: /home/wei/fire_scout_ws/install/px4_msgs/local/lib/python3.10/dist-packages/px4_msgs/msg/_vehicle_rates_setpoint_s.c\n'}
[1.136265] (px4_msgs) StdoutLine: {'line': b'-- Up-to-date: /home/wei/fire_scout_ws/install/px4_msgs/local/lib/python3.10/dist-packages/px4_msgs/msg/_vehicle_air_data_s.c\n'}
[1.136301] (px4_msgs) StdoutLine: {'line': b'-- Up-to-date: /home/wei/fire_scout_ws/install/px4_msgs/local/lib/python3.10/dist-packages/px4_msgs/msg/_navigator_mission_item_s.c\n'}
[1.136336] (px4_msgs) StdoutLine: {'line': b'-- Up-to-date: /home/wei/fire_scout_ws/install/px4_msgs/local/lib/python3.10/dist-packages/px4_msgs/msg/_logger_status_s.c\n'}
[1.136374] (px4_msgs) StdoutLine: {'line': b'-- Up-to-date: /home/wei/fire_scout_ws/install/px4_msgs/local/lib/python3.10/dist-packages/px4_msgs/msg/_position_controller_status.py\n'}
[1.136411] (px4_msgs) StdoutLine: {'line': b'-- Up-to-date: /home/wei/fire_scout_ws/install/px4_msgs/local/lib/python3.10/dist-packages/px4_msgs/msg/_position_setpoint_triplet.py\n'}
[1.136455] (px4_msgs) StdoutLine: {'line': b'-- Up-to-date: /home/wei/fire_scout_ws/install/px4_msgs/local/lib/python3.10/dist-packages/px4_msgs/msg/_vehicle_command_ack_s.c\n'}
[1.136528] (px4_msgs) StdoutLine: {'line': b'-- Up-to-date: /home/wei/fire_scout_ws/install/px4_msgs/local/lib/python3.10/dist-packages/px4_msgs/msg/_pwm_input.py\n'}
[1.136572] (px4_msgs) StdoutLine: {'line': b'-- Up-to-date: /home/wei/fire_scout_ws/install/px4_msgs/local/lib/python3.10/dist-packages/px4_msgs/msg/_actuator_motors_s.c\n'}
[1.136612] (px4_msgs) StdoutLine: {'line': b'-- Up-to-date: /home/wei/fire_scout_ws/install/px4_msgs/local/lib/python3.10/dist-packages/px4_msgs/msg/_dataman_request_s.c\n'}
[1.136651] (px4_msgs) StdoutLine: {'line': b'-- Up-to-date: /home/wei/fire_scout_ws/install/px4_msgs/local/lib/python3.10/dist-packages/px4_msgs/msg/_open_drone_id_self_id.py\n'}
[1.136686] (px4_msgs) StdoutLine: {'line': b'-- Up-to-date: /home/wei/fire_scout_ws/install/px4_msgs/local/lib/python3.10/dist-packages/px4_msgs/msg/_esc_report.py\n'}
[1.136726] (px4_msgs) StdoutLine: {'line': b'-- Up-to-date: /home/wei/fire_scout_ws/install/px4_msgs/local/lib/python3.10/dist-packages/px4_msgs/msg/_button_event.py\n'}
[1.136760] (px4_msgs) StdoutLine: {'line': b'-- Up-to-date: /home/wei/fire_scout_ws/install/px4_msgs/local/lib/python3.10/dist-packages/px4_msgs/msg/_obstacle_distance.py\n'}
[1.136803] (px4_msgs) StdoutLine: {'line': b'-- Up-to-date: /home/wei/fire_scout_ws/install/px4_msgs/local/lib/python3.10/dist-packages/px4_msgs/msg/_register_ext_component_reply_s.c\n'}
[1.136840] (px4_msgs) StdoutLine: {'line': b'-- Up-to-date: /home/wei/fire_scout_ws/install/px4_msgs/local/lib/python3.10/dist-packages/px4_msgs/msg/_orb_test_large.py\n'}
[1.136889] (px4_msgs) StdoutLine: {'line': b'-- Up-to-date: /home/wei/fire_scout_ws/install/px4_msgs/local/lib/python3.10/dist-packages/px4_msgs/msg/_follow_target_estimator_s.c\n'}
[1.136952] (px4_msgs) StdoutLine: {'line': b'-- Up-to-date: /home/wei/fire_scout_ws/install/px4_msgs/local/lib/python3.10/dist-packages/px4_msgs/msg/_message_format_response_s.c\n'}
[1.136989] (px4_msgs) StdoutLine: {'line': b'-- Up-to-date: /home/wei/fire_scout_ws/install/px4_msgs/local/lib/python3.10/dist-packages/px4_msgs/msg/_gimbal_manager_set_attitude.py\n'}
[1.137027] (px4_msgs) StdoutLine: {'line': b'-- Up-to-date: /home/wei/fire_scout_ws/install/px4_msgs/local/lib/python3.10/dist-packages/px4_msgs/msg/_actuator_armed_s.c\n'}
[1.137064] (px4_msgs) StdoutLine: {'line': b'-- Up-to-date: /home/wei/fire_scout_ws/install/px4_msgs/local/lib/python3.10/dist-packages/px4_msgs/msg/_rover_attitude_setpoint.py\n'}
[1.137103] (px4_msgs) StdoutLine: {'line': b'-- Up-to-date: /home/wei/fire_scout_ws/install/px4_msgs/local/lib/python3.10/dist-packages/px4_msgs/msg/_power_button_state_s.c\n'}
[1.137144] (px4_msgs) StdoutLine: {'line': b'-- Up-to-date: /home/wei/fire_scout_ws/install/px4_msgs/local/lib/python3.10/dist-packages/px4_msgs/msg/_message_format_response.py\n'}
[1.137188] (px4_msgs) StdoutLine: {'line': b'-- Up-to-date: /home/wei/fire_scout_ws/install/px4_msgs/local/lib/python3.10/dist-packages/px4_msgs/msg/_estimator_bias3d.py\n'}
[1.137251] (px4_msgs) StdoutLine: {'line': b'-- Up-to-date: /home/wei/fire_scout_ws/install/px4_msgs/local/lib/python3.10/dist-packages/px4_msgs/msg/_parameter_set_value_request.py\n'}
[1.137297] (px4_msgs) StdoutLine: {'line': b'-- Up-to-date: /home/wei/fire_scout_ws/install/px4_msgs/local/lib/python3.10/dist-packages/px4_msgs/msg/_parameter_set_used_request.py\n'}
[1.137340] (px4_msgs) StdoutLine: {'line': b'-- Up-to-date: /home/wei/fire_scout_ws/install/px4_msgs/local/lib/python3.10/dist-packages/px4_msgs/srv\n'}
[1.137385] (px4_msgs) StdoutLine: {'line': b'-- Up-to-date: /home/wei/fire_scout_ws/install/px4_msgs/local/lib/python3.10/dist-packages/px4_msgs/srv/__init__.py\n'}
[1.137435] (px4_msgs) StdoutLine: {'line': b'-- Up-to-date: /home/wei/fire_scout_ws/install/px4_msgs/local/lib/python3.10/dist-packages/px4_msgs/srv/_vehicle_command.py\n'}
[1.137476] (px4_msgs) StdoutLine: {'line': b'-- Up-to-date: /home/wei/fire_scout_ws/install/px4_msgs/local/lib/python3.10/dist-packages/px4_msgs/srv/_vehicle_command_s.c\n'}
[1.137546] (px4_msgs) StdoutLine: {'line': b"Listing '/home/wei/fire_scout_ws/install/px4_msgs/local/lib/python3.10/dist-packages/px4_msgs'...\n"}
[1.137592] (px4_msgs) StdoutLine: {'line': b"Listing '/home/wei/fire_scout_ws/install/px4_msgs/local/lib/python3.10/dist-packages/px4_msgs/msg'...\n"}
[1.137637] (px4_msgs) StdoutLine: {'line': b"Listing '/home/wei/fire_scout_ws/install/px4_msgs/local/lib/python3.10/dist-packages/px4_msgs/srv'...\n"}
[1.137685] (px4_msgs) StdoutLine: {'line': b'-- Up-to-date: /home/wei/fire_scout_ws/install/px4_msgs/local/lib/python3.10/dist-packages/px4_msgs/px4_msgs_s__rosidl_typesupport_fastrtps_c.cpython-310-x86_64-linux-gnu.so\n'}
[1.137733] (px4_msgs) StdoutLine: {'line': b'-- Up-to-date: /home/wei/fire_scout_ws/install/px4_msgs/local/lib/python3.10/dist-packages/px4_msgs/px4_msgs_s__rosidl_typesupport_introspection_c.cpython-310-x86_64-linux-gnu.so\n'}
[1.137779] (px4_msgs) StdoutLine: {'line': b'-- Up-to-date: /home/wei/fire_scout_ws/install/px4_msgs/local/lib/python3.10/dist-packages/px4_msgs/px4_msgs_s__rosidl_typesupport_c.cpython-310-x86_64-linux-gnu.so\n'}
[1.137823] (px4_msgs) StdoutLine: {'line': b'-- Up-to-date: /home/wei/fire_scout_ws/install/px4_msgs/lib/libpx4_msgs__rosidl_generator_py.so\n'}
[1.137864] (px4_msgs) StdoutLine: {'line': b'-- Up-to-date: /home/wei/fire_scout_ws/install/px4_msgs/share/ament_index/resource_index/rust_packages/px4_msgs\n'}
[1.137905] (px4_msgs) StdoutLine: {'line': b'-- Up-to-date: /home/wei/fire_scout_ws/install/px4_msgs/share/px4_msgs/rust\n'}
[1.137944] (px4_msgs) StdoutLine: {'line': b'-- Up-to-date: /home/wei/fire_scout_ws/install/px4_msgs/share/px4_msgs/rust/Cargo.toml\n'}
[1.137983] (px4_msgs) StdoutLine: {'line': b'-- Up-to-date: /home/wei/fire_scout_ws/install/px4_msgs/share/px4_msgs/rust/build.rs\n'}
[1.138055] (px4_msgs) StdoutLine: {'line': b'-- Up-to-date: /home/wei/fire_scout_ws/install/px4_msgs/share/px4_msgs/rust/src\n'}
[1.138095] (px4_msgs) StdoutLine: {'line': b'-- Up-to-date: /home/wei/fire_scout_ws/install/px4_msgs/share/px4_msgs/rust/src/srv.rs\n'}
[1.138133] (px4_msgs) StdoutLine: {'line': b'-- Up-to-date: /home/wei/fire_scout_ws/install/px4_msgs/share/px4_msgs/rust/src/msg.rs\n'}
[1.138172] (px4_msgs) StdoutLine: {'line': b'-- Up-to-date: /home/wei/fire_scout_ws/install/px4_msgs/share/px4_msgs/rust/src/msg\n'}
[1.138215] (px4_msgs) StdoutLine: {'line': b'-- Up-to-date: /home/wei/fire_scout_ws/install/px4_msgs/share/px4_msgs/rust/src/msg/rmw.rs\n'}
[1.138254] (px4_msgs) StdoutLine: {'line': b'-- Up-to-date: /home/wei/fire_scout_ws/install/px4_msgs/share/px4_msgs/rust/src/lib.rs\n'}
[1.138294] (px4_msgs) StdoutLine: {'line': b'-- Up-to-date: /home/wei/fire_scout_ws/install/px4_msgs/share/px4_msgs/rust/src/srv\n'}
[1.138334] (px4_msgs) StdoutLine: {'line': b'-- Up-to-date: /home/wei/fire_scout_ws/install/px4_msgs/share/px4_msgs/rust/src/srv/rmw.rs\n'}
[1.138376] (px4_msgs) StdoutLine: {'line': b'-- Up-to-date: /home/wei/fire_scout_ws/install/px4_msgs/share/px4_msgs/msg/ActionRequest.idl\n'}
[1.138418] (px4_msgs) StdoutLine: {'line': b'-- Up-to-date: /home/wei/fire_scout_ws/install/px4_msgs/share/px4_msgs/msg/ActuatorArmed.idl\n'}
[1.138501] (px4_msgs) StdoutLine: {'line': b'-- Up-to-date: /home/wei/fire_scout_ws/install/px4_msgs/share/px4_msgs/msg/ActuatorControlsStatus.idl\n'}
[1.138552] (px4_msgs) StdoutLine: {'line': b'-- Up-to-date: /home/wei/fire_scout_ws/install/px4_msgs/share/px4_msgs/msg/ActuatorMotors.idl\n'}
[1.138597] (px4_msgs) StdoutLine: {'line': b'-- Up-to-date: /home/wei/fire_scout_ws/install/px4_msgs/share/px4_msgs/msg/ActuatorOutputs.idl\n'}
[1.138638] (px4_msgs) StdoutLine: {'line': b'-- Up-to-date: /home/wei/fire_scout_ws/install/px4_msgs/share/px4_msgs/msg/ActuatorServos.idl\n'}
[1.138679] (px4_msgs) StdoutLine: {'line': b'-- Up-to-date: /home/wei/fire_scout_ws/install/px4_msgs/share/px4_msgs/msg/ActuatorServosTrim.idl\n'}
[1.138723] (px4_msgs) StdoutLine: {'line': b'-- Up-to-date: /home/wei/fire_scout_ws/install/px4_msgs/share/px4_msgs/msg/ActuatorTest.idl\n'}
[1.138780] (px4_msgs) StdoutLine: {'line': b'-- Up-to-date: /home/wei/fire_scout_ws/install/px4_msgs/share/px4_msgs/msg/AdcReport.idl\n'}
[1.138820] (px4_msgs) StdoutLine: {'line': b'-- Up-to-date: /home/wei/fire_scout_ws/install/px4_msgs/share/px4_msgs/msg/Airspeed.idl\n'}
[1.138858] (px4_msgs) StdoutLine: {'line': b'-- Up-to-date: /home/wei/fire_scout_ws/install/px4_msgs/share/px4_msgs/msg/AirspeedValidated.idl\n'}
[1.138902] (px4_msgs) StdoutLine: {'line': b'-- Up-to-date: /home/wei/fire_scout_ws/install/px4_msgs/share/px4_msgs/msg/AirspeedWind.idl\n'}
[1.138939] (px4_msgs) StdoutLine: {'line': b'-- Up-to-date: /home/wei/fire_scout_ws/install/px4_msgs/share/px4_msgs/msg/ArmingCheckReply.idl\n'}
[1.138993] (px4_msgs) StdoutLine: {'line': b'-- Up-to-date: /home/wei/fire_scout_ws/install/px4_msgs/share/px4_msgs/msg/ArmingCheckRequest.idl\n'}
[1.139034] (px4_msgs) StdoutLine: {'line': b'-- Up-to-date: /home/wei/fire_scout_ws/install/px4_msgs/share/px4_msgs/msg/AutotuneAttitudeControlStatus.idl\n'}
[1.139074] (px4_msgs) StdoutLine: {'line': b'-- Up-to-date: /home/wei/fire_scout_ws/install/px4_msgs/share/px4_msgs/msg/BatteryInfo.idl\n'}
[1.139109] (px4_msgs) StdoutLine: {'line': b'-- Up-to-date: /home/wei/fire_scout_ws/install/px4_msgs/share/px4_msgs/msg/BatteryStatus.idl\n'}
[1.139145] (px4_msgs) StdoutLine: {'line': b'-- Up-to-date: /home/wei/fire_scout_ws/install/px4_msgs/share/px4_msgs/msg/ButtonEvent.idl\n'}
[1.139180] (px4_msgs) StdoutLine: {'line': b'-- Up-to-date: /home/wei/fire_scout_ws/install/px4_msgs/share/px4_msgs/msg/CameraCapture.idl\n'}
[1.139214] (px4_msgs) StdoutLine: {'line': b'-- Up-to-date: /home/wei/fire_scout_ws/install/px4_msgs/share/px4_msgs/msg/CameraStatus.idl\n'}
[1.139266] (px4_msgs) StdoutLine: {'line': b'-- Up-to-date: /home/wei/fire_scout_ws/install/px4_msgs/share/px4_msgs/msg/CameraTrigger.idl\n'}
[1.139301] (px4_msgs) StdoutLine: {'line': b'-- Up-to-date: /home/wei/fire_scout_ws/install/px4_msgs/share/px4_msgs/msg/CanInterfaceStatus.idl\n'}
[1.139336] (px4_msgs) StdoutLine: {'line': b'-- Up-to-date: /home/wei/fire_scout_ws/install/px4_msgs/share/px4_msgs/msg/CellularStatus.idl\n'}
[1.139373] (px4_msgs) StdoutLine: {'line': b'-- Up-to-date: /home/wei/fire_scout_ws/install/px4_msgs/share/px4_msgs/msg/CollisionConstraints.idl\n'}
[1.139410] (px4_msgs) StdoutLine: {'line': b'-- Up-to-date: /home/wei/fire_scout_ws/install/px4_msgs/share/px4_msgs/msg/ConfigOverrides.idl\n'}
[1.139467] (px4_msgs) StdoutLine: {'line': b'-- Up-to-date: /home/wei/fire_scout_ws/install/px4_msgs/share/px4_msgs/msg/ControlAllocatorStatus.idl\n'}
[1.139504] (px4_msgs) StdoutLine: {'line': b'-- Up-to-date: /home/wei/fire_scout_ws/install/px4_msgs/share/px4_msgs/msg/Cpuload.idl\n'}
[1.139540] (px4_msgs) StdoutLine: {'line': b'-- Up-to-date: /home/wei/fire_scout_ws/install/px4_msgs/share/px4_msgs/msg/DatamanRequest.idl\n'}
[1.139581] (px4_msgs) StdoutLine: {'line': b'-- Up-to-date: /home/wei/fire_scout_ws/install/px4_msgs/share/px4_msgs/msg/DatamanResponse.idl\n'}
[1.139623] (px4_msgs) StdoutLine: {'line': b'-- Up-to-date: /home/wei/fire_scout_ws/install/px4_msgs/share/px4_msgs/msg/DebugArray.idl\n'}
[1.139677] (px4_msgs) StdoutLine: {'line': b'-- Up-to-date: /home/wei/fire_scout_ws/install/px4_msgs/share/px4_msgs/msg/DebugKeyValue.idl\n'}
[1.139716] (px4_msgs) StdoutLine: {'line': b'-- Up-to-date: /home/wei/fire_scout_ws/install/px4_msgs/share/px4_msgs/msg/DebugValue.idl\n'}
[1.139752] (px4_msgs) StdoutLine: {'line': b'-- Up-to-date: /home/wei/fire_scout_ws/install/px4_msgs/share/px4_msgs/msg/DebugVect.idl\n'}
[1.139789] (px4_msgs) StdoutLine: {'line': b'-- Up-to-date: /home/wei/fire_scout_ws/install/px4_msgs/share/px4_msgs/msg/DifferentialPressure.idl\n'}
[1.139825] (px4_msgs) StdoutLine: {'line': b'-- Up-to-date: /home/wei/fire_scout_ws/install/px4_msgs/share/px4_msgs/msg/DistanceSensor.idl\n'}
[1.139861] (px4_msgs) StdoutLine: {'line': b'-- Up-to-date: /home/wei/fire_scout_ws/install/px4_msgs/share/px4_msgs/msg/DistanceSensorModeChangeRequest.idl\n'}
[1.139898] (px4_msgs) StdoutLine: {'line': b'-- Up-to-date: /home/wei/fire_scout_ws/install/px4_msgs/share/px4_msgs/msg/DronecanNodeStatus.idl\n'}
[1.139951] (px4_msgs) StdoutLine: {'line': b'-- Up-to-date: /home/wei/fire_scout_ws/install/px4_msgs/share/px4_msgs/msg/Ekf2Timestamps.idl\n'}
[1.139987] (px4_msgs) StdoutLine: {'line': b'-- Up-to-date: /home/wei/fire_scout_ws/install/px4_msgs/share/px4_msgs/msg/EscReport.idl\n'}
[1.140027] (px4_msgs) StdoutLine: {'line': b'-- Up-to-date: /home/wei/fire_scout_ws/install/px4_msgs/share/px4_msgs/msg/EscStatus.idl\n'}
[1.140064] (px4_msgs) StdoutLine: {'line': b'-- Up-to-date: /home/wei/fire_scout_ws/install/px4_msgs/share/px4_msgs/msg/EstimatorAidSource1d.idl\n'}
[1.140101] (px4_msgs) StdoutLine: {'line': b'-- Up-to-date: /home/wei/fire_scout_ws/install/px4_msgs/share/px4_msgs/msg/EstimatorAidSource2d.idl\n'}
[1.140137] (px4_msgs) StdoutLine: {'line': b'-- Up-to-date: /home/wei/fire_scout_ws/install/px4_msgs/share/px4_msgs/msg/EstimatorAidSource3d.idl\n'}
[1.140194] (px4_msgs) StdoutLine: {'line': b'-- Up-to-date: /home/wei/fire_scout_ws/install/px4_msgs/share/px4_msgs/msg/EstimatorBias.idl\n'}
[1.140232] (px4_msgs) StdoutLine: {'line': b'-- Up-to-date: /home/wei/fire_scout_ws/install/px4_msgs/share/px4_msgs/msg/EstimatorBias3d.idl\n'}
[1.140272] (px4_msgs) StdoutLine: {'line': b'-- Up-to-date: /home/wei/fire_scout_ws/install/px4_msgs/share/px4_msgs/msg/EstimatorEventFlags.idl\n'}
[1.140317] (px4_msgs) StdoutLine: {'line': b'-- Up-to-date: /home/wei/fire_scout_ws/install/px4_msgs/share/px4_msgs/msg/EstimatorGpsStatus.idl\n'}
[1.140357] (px4_msgs) StdoutLine: {'line': b'-- Up-to-date: /home/wei/fire_scout_ws/install/px4_msgs/share/px4_msgs/msg/EstimatorInnovations.idl\n'}
[1.140401] (px4_msgs) StdoutLine: {'line': b'-- Up-to-date: /home/wei/fire_scout_ws/install/px4_msgs/share/px4_msgs/msg/EstimatorSelectorStatus.idl\n'}
[1.140443] (px4_msgs) StdoutLine: {'line': b'-- Up-to-date: /home/wei/fire_scout_ws/install/px4_msgs/share/px4_msgs/msg/EstimatorSensorBias.idl\n'}
[1.140504] (px4_msgs) StdoutLine: {'line': b'-- Up-to-date: /home/wei/fire_scout_ws/install/px4_msgs/share/px4_msgs/msg/EstimatorStates.idl\n'}
[1.140551] (px4_msgs) StdoutLine: {'line': b'-- Up-to-date: /home/wei/fire_scout_ws/install/px4_msgs/share/px4_msgs/msg/EstimatorStatus.idl\n'}
[1.140597] (px4_msgs) StdoutLine: {'line': b'-- Up-to-date: /home/wei/fire_scout_ws/install/px4_msgs/share/px4_msgs/msg/EstimatorStatusFlags.idl\n'}
[1.140645] (px4_msgs) StdoutLine: {'line': b'-- Up-to-date: /home/wei/fire_scout_ws/install/px4_msgs/share/px4_msgs/msg/Event.idl\n'}
[1.140686] (px4_msgs) StdoutLine: {'line': b'-- Up-to-date: /home/wei/fire_scout_ws/install/px4_msgs/share/px4_msgs/msg/FailsafeFlags.idl\n'}
[1.140724] (px4_msgs) StdoutLine: {'line': b'-- Up-to-date: /home/wei/fire_scout_ws/install/px4_msgs/share/px4_msgs/msg/FailureDetectorStatus.idl\n'}
[1.140763] (px4_msgs) StdoutLine: {'line': b'-- Up-to-date: /home/wei/fire_scout_ws/install/px4_msgs/share/px4_msgs/msg/FigureEightStatus.idl\n'}
[1.140800] (px4_msgs) StdoutLine: {'line': b'-- Up-to-date: /home/wei/fire_scout_ws/install/px4_msgs/share/px4_msgs/msg/FixedWingLateralGuidanceStatus.idl\n'}
[1.140838] (px4_msgs) StdoutLine: {'line': b'-- Up-to-date: /home/wei/fire_scout_ws/install/px4_msgs/share/px4_msgs/msg/FixedWingLateralSetpoint.idl\n'}
[1.140893] (px4_msgs) StdoutLine: {'line': b'-- Up-to-date: /home/wei/fire_scout_ws/install/px4_msgs/share/px4_msgs/msg/FixedWingLateralStatus.idl\n'}
[1.140931] (px4_msgs) StdoutLine: {'line': b'-- Up-to-date: /home/wei/fire_scout_ws/install/px4_msgs/share/px4_msgs/msg/FixedWingLongitudinalSetpoint.idl\n'}
[1.140968] (px4_msgs) StdoutLine: {'line': b'-- Up-to-date: /home/wei/fire_scout_ws/install/px4_msgs/share/px4_msgs/msg/FixedWingRunwayControl.idl\n'}
[1.141006] (px4_msgs) StdoutLine: {'line': b'-- Up-to-date: /home/wei/fire_scout_ws/install/px4_msgs/share/px4_msgs/msg/FlightPhaseEstimation.idl\n'}
[1.141043] (px4_msgs) StdoutLine: {'line': b'-- Up-to-date: /home/wei/fire_scout_ws/install/px4_msgs/share/px4_msgs/msg/FollowTarget.idl\n'}
[1.141096] (px4_msgs) StdoutLine: {'line': b'-- Up-to-date: /home/wei/fire_scout_ws/install/px4_msgs/share/px4_msgs/msg/FollowTargetEstimator.idl\n'}
[1.141133] (px4_msgs) StdoutLine: {'line': b'-- Up-to-date: /home/wei/fire_scout_ws/install/px4_msgs/share/px4_msgs/msg/FollowTargetStatus.idl\n'}
[1.141169] (px4_msgs) StdoutLine: {'line': b'-- Up-to-date: /home/wei/fire_scout_ws/install/px4_msgs/share/px4_msgs/msg/FuelTankStatus.idl\n'}
[1.141204] (px4_msgs) StdoutLine: {'line': b'-- Up-to-date: /home/wei/fire_scout_ws/install/px4_msgs/share/px4_msgs/msg/GeneratorStatus.idl\n'}
[1.141238] (px4_msgs) StdoutLine: {'line': b'-- Up-to-date: /home/wei/fire_scout_ws/install/px4_msgs/share/px4_msgs/msg/GeofenceResult.idl\n'}
[1.141275] (px4_msgs) StdoutLine: {'line': b'-- Up-to-date: /home/wei/fire_scout_ws/install/px4_msgs/share/px4_msgs/msg/GeofenceStatus.idl\n'}
[1.141328] (px4_msgs) StdoutLine: {'line': b'-- Up-to-date: /home/wei/fire_scout_ws/install/px4_msgs/share/px4_msgs/msg/GimbalControls.idl\n'}
[1.141372] (px4_msgs) StdoutLine: {'line': b'-- Up-to-date: /home/wei/fire_scout_ws/install/px4_msgs/share/px4_msgs/msg/GimbalDeviceAttitudeStatus.idl\n'}
[1.141411] (px4_msgs) StdoutLine: {'line': b'-- Up-to-date: /home/wei/fire_scout_ws/install/px4_msgs/share/px4_msgs/msg/GimbalDeviceInformation.idl\n'}
[1.141448] (px4_msgs) StdoutLine: {'line': b'-- Up-to-date: /home/wei/fire_scout_ws/install/px4_msgs/share/px4_msgs/msg/GimbalDeviceSetAttitude.idl\n'}
[1.141495] (px4_msgs) StdoutLine: {'line': b'-- Up-to-date: /home/wei/fire_scout_ws/install/px4_msgs/share/px4_msgs/msg/GimbalManagerInformation.idl\n'}
[1.141534] (px4_msgs) StdoutLine: {'line': b'-- Up-to-date: /home/wei/fire_scout_ws/install/px4_msgs/share/px4_msgs/msg/GimbalManagerSetAttitude.idl\n'}
[1.141597] (px4_msgs) StdoutLine: {'line': b'-- Up-to-date: /home/wei/fire_scout_ws/install/px4_msgs/share/px4_msgs/msg/GimbalManagerSetManualControl.idl\n'}
[1.141638] (px4_msgs) StdoutLine: {'line': b'-- Up-to-date: /home/wei/fire_scout_ws/install/px4_msgs/share/px4_msgs/msg/GimbalManagerStatus.idl\n'}
[1.141679] (px4_msgs) StdoutLine: {'line': b'-- Up-to-date: /home/wei/fire_scout_ws/install/px4_msgs/share/px4_msgs/msg/GotoSetpoint.idl\n'}
[1.141720] (px4_msgs) StdoutLine: {'line': b'-- Up-to-date: /home/wei/fire_scout_ws/install/px4_msgs/share/px4_msgs/msg/GpioConfig.idl\n'}
[1.141762] (px4_msgs) StdoutLine: {'line': b'-- Up-to-date: /home/wei/fire_scout_ws/install/px4_msgs/share/px4_msgs/msg/GpioIn.idl\n'}
[1.141800] (px4_msgs) StdoutLine: {'line': b'-- Up-to-date: /home/wei/fire_scout_ws/install/px4_msgs/share/px4_msgs/msg/GpioOut.idl\n'}
[1.141839] (px4_msgs) StdoutLine: {'line': b'-- Up-to-date: /home/wei/fire_scout_ws/install/px4_msgs/share/px4_msgs/msg/GpioRequest.idl\n'}
[1.141884] (px4_msgs) StdoutLine: {'line': b'-- Up-to-date: /home/wei/fire_scout_ws/install/px4_msgs/share/px4_msgs/msg/GpsDump.idl\n'}
[1.141923] (px4_msgs) StdoutLine: {'line': b'-- Up-to-date: /home/wei/fire_scout_ws/install/px4_msgs/share/px4_msgs/msg/GpsInjectData.idl\n'}
[1.141965] (px4_msgs) StdoutLine: {'line': b'-- Up-to-date: /home/wei/fire_scout_ws/install/px4_msgs/share/px4_msgs/msg/Gripper.idl\n'}
[1.142007] (px4_msgs) StdoutLine: {'line': b'-- Up-to-date: /home/wei/fire_scout_ws/install/px4_msgs/share/px4_msgs/msg/HealthReport.idl\n'}
[1.142063] (px4_msgs) StdoutLine: {'line': b'-- Up-to-date: /home/wei/fire_scout_ws/install/px4_msgs/share/px4_msgs/msg/HeaterStatus.idl\n'}
[1.142101] (px4_msgs) StdoutLine: {'line': b'-- Up-to-date: /home/wei/fire_scout_ws/install/px4_msgs/share/px4_msgs/msg/HomePosition.idl\n'}
[1.142144] (px4_msgs) StdoutLine: {'line': b'-- Up-to-date: /home/wei/fire_scout_ws/install/px4_msgs/share/px4_msgs/msg/HoverThrustEstimate.idl\n'}
[1.142181] (px4_msgs) StdoutLine: {'line': b'-- Up-to-date: /home/wei/fire_scout_ws/install/px4_msgs/share/px4_msgs/msg/InputRc.idl\n'}
[1.142218] (px4_msgs) StdoutLine: {'line': b'-- Up-to-date: /home/wei/fire_scout_ws/install/px4_msgs/share/px4_msgs/msg/InternalCombustionEngineControl.idl\n'}
[1.142280] (px4_msgs) StdoutLine: {'line': b'-- Up-to-date: /home/wei/fire_scout_ws/install/px4_msgs/share/px4_msgs/msg/InternalCombustionEngineStatus.idl\n'}
[1.142317] (px4_msgs) StdoutLine: {'line': b'-- Up-to-date: /home/wei/fire_scout_ws/install/px4_msgs/share/px4_msgs/msg/IridiumsbdStatus.idl\n'}
[1.142357] (px4_msgs) StdoutLine: {'line': b'-- Up-to-date: /home/wei/fire_scout_ws/install/px4_msgs/share/px4_msgs/msg/IrlockReport.idl\n'}
[1.142393] (px4_msgs) StdoutLine: {'line': b'-- Up-to-date: /home/wei/fire_scout_ws/install/px4_msgs/share/px4_msgs/msg/LandingGear.idl\n'}
[1.142426] (px4_msgs) StdoutLine: {'line': b'-- Up-to-date: /home/wei/fire_scout_ws/install/px4_msgs/share/px4_msgs/msg/LandingGearWheel.idl\n'}
[1.142459] (px4_msgs) StdoutLine: {'line': b'-- Up-to-date: /home/wei/fire_scout_ws/install/px4_msgs/share/px4_msgs/msg/LandingTargetInnovations.idl\n'}
[1.142509] (px4_msgs) StdoutLine: {'line': b'-- Up-to-date: /home/wei/fire_scout_ws/install/px4_msgs/share/px4_msgs/msg/LandingTargetPose.idl\n'}
[1.142544] (px4_msgs) StdoutLine: {'line': b'-- Up-to-date: /home/wei/fire_scout_ws/install/px4_msgs/share/px4_msgs/msg/LateralControlConfiguration.idl\n'}
[1.142578] (px4_msgs) StdoutLine: {'line': b'-- Up-to-date: /home/wei/fire_scout_ws/install/px4_msgs/share/px4_msgs/msg/LaunchDetectionStatus.idl\n'}
[1.142612] (px4_msgs) StdoutLine: {'line': b'-- Up-to-date: /home/wei/fire_scout_ws/install/px4_msgs/share/px4_msgs/msg/LedControl.idl\n'}
[1.142645] (px4_msgs) StdoutLine: {'line': b'-- Up-to-date: /home/wei/fire_scout_ws/install/px4_msgs/share/px4_msgs/msg/LogMessage.idl\n'}
[1.142677] (px4_msgs) StdoutLine: {'line': b'-- Up-to-date: /home/wei/fire_scout_ws/install/px4_msgs/share/px4_msgs/msg/LoggerStatus.idl\n'}
[1.142718] (px4_msgs) StdoutLine: {'line': b'-- Up-to-date: /home/wei/fire_scout_ws/install/px4_msgs/share/px4_msgs/msg/LongitudinalControlConfiguration.idl\n'}
[1.142750] (px4_msgs) StdoutLine: {'line': b'-- Up-to-date: /home/wei/fire_scout_ws/install/px4_msgs/share/px4_msgs/msg/MagWorkerData.idl\n'}
[1.142780] (px4_msgs) StdoutLine: {'line': b'-- Up-to-date: /home/wei/fire_scout_ws/install/px4_msgs/share/px4_msgs/msg/MagnetometerBiasEstimate.idl\n'}
[1.142810] (px4_msgs) StdoutLine: {'line': b'-- Up-to-date: /home/wei/fire_scout_ws/install/px4_msgs/share/px4_msgs/msg/ManualControlSetpoint.idl\n'}
[1.142840] (px4_msgs) StdoutLine: {'line': b'-- Up-to-date: /home/wei/fire_scout_ws/install/px4_msgs/share/px4_msgs/msg/ManualControlSwitches.idl\n'}
[1.142872] (px4_msgs) StdoutLine: {'line': b'-- Up-to-date: /home/wei/fire_scout_ws/install/px4_msgs/share/px4_msgs/msg/MavlinkLog.idl\n'}
[1.142905] (px4_msgs) StdoutLine: {'line': b'-- Up-to-date: /home/wei/fire_scout_ws/install/px4_msgs/share/px4_msgs/msg/MavlinkTunnel.idl\n'}
[1.142942] (px4_msgs) StdoutLine: {'line': b'-- Up-to-date: /home/wei/fire_scout_ws/install/px4_msgs/share/px4_msgs/msg/MessageFormatRequest.idl\n'}
[1.142975] (px4_msgs) StdoutLine: {'line': b'-- Up-to-date: /home/wei/fire_scout_ws/install/px4_msgs/share/px4_msgs/msg/MessageFormatResponse.idl\n'}
[1.143008] (px4_msgs) StdoutLine: {'line': b'-- Up-to-date: /home/wei/fire_scout_ws/install/px4_msgs/share/px4_msgs/msg/Mission.idl\n'}
[1.143040] (px4_msgs) StdoutLine: {'line': b'-- Up-to-date: /home/wei/fire_scout_ws/install/px4_msgs/share/px4_msgs/msg/MissionResult.idl\n'}
[1.143087] (px4_msgs) StdoutLine: {'line': b'-- Up-to-date: /home/wei/fire_scout_ws/install/px4_msgs/share/px4_msgs/msg/ModeCompleted.idl\n'}
[1.143123] (px4_msgs) StdoutLine: {'line': b'-- Up-to-date: /home/wei/fire_scout_ws/install/px4_msgs/share/px4_msgs/msg/MountOrientation.idl\n'}
[1.143155] (px4_msgs) StdoutLine: {'line': b'-- Up-to-date: /home/wei/fire_scout_ws/install/px4_msgs/share/px4_msgs/msg/NavigatorMissionItem.idl\n'}
[1.143189] (px4_msgs) StdoutLine: {'line': b'-- Up-to-date: /home/wei/fire_scout_ws/install/px4_msgs/share/px4_msgs/msg/NavigatorStatus.idl\n'}
[1.143221] (px4_msgs) StdoutLine: {'line': b'-- Up-to-date: /home/wei/fire_scout_ws/install/px4_msgs/share/px4_msgs/msg/NeuralControl.idl\n'}
[1.143251] (px4_msgs) StdoutLine: {'line': b'-- Up-to-date: /home/wei/fire_scout_ws/install/px4_msgs/share/px4_msgs/msg/NormalizedUnsignedSetpoint.idl\n'}
[1.143296] (px4_msgs) StdoutLine: {'line': b'-- Up-to-date: /home/wei/fire_scout_ws/install/px4_msgs/share/px4_msgs/msg/ObstacleDistance.idl\n'}
[1.143328] (px4_msgs) StdoutLine: {'line': b'-- Up-to-date: /home/wei/fire_scout_ws/install/px4_msgs/share/px4_msgs/msg/OffboardControlMode.idl\n'}
[1.143360] (px4_msgs) StdoutLine: {'line': b'-- Up-to-date: /home/wei/fire_scout_ws/install/px4_msgs/share/px4_msgs/msg/OnboardComputerStatus.idl\n'}
[1.143400] (px4_msgs) StdoutLine: {'line': b'-- Up-to-date: /home/wei/fire_scout_ws/install/px4_msgs/share/px4_msgs/msg/OpenDroneIdArmStatus.idl\n'}
[1.143432] (px4_msgs) StdoutLine: {'line': b'-- Up-to-date: /home/wei/fire_scout_ws/install/px4_msgs/share/px4_msgs/msg/OpenDroneIdOperatorId.idl\n'}
[1.143477] (px4_msgs) StdoutLine: {'line': b'-- Up-to-date: /home/wei/fire_scout_ws/install/px4_msgs/share/px4_msgs/msg/OpenDroneIdSelfId.idl\n'}
[1.143519] (px4_msgs) StdoutLine: {'line': b'-- Up-to-date: /home/wei/fire_scout_ws/install/px4_msgs/share/px4_msgs/msg/OpenDroneIdSystem.idl\n'}
[1.143551] (px4_msgs) StdoutLine: {'line': b'-- Up-to-date: /home/wei/fire_scout_ws/install/px4_msgs/share/px4_msgs/msg/OrbTest.idl\n'}
[1.143584] (px4_msgs) StdoutLine: {'line': b'-- Up-to-date: /home/wei/fire_scout_ws/install/px4_msgs/share/px4_msgs/msg/OrbTestLarge.idl\n'}
[1.143623] (px4_msgs) StdoutLine: {'line': b'-- Up-to-date: /home/wei/fire_scout_ws/install/px4_msgs/share/px4_msgs/msg/OrbTestMedium.idl\n'}
[1.143670] (px4_msgs) StdoutLine: {'line': b'-- Up-to-date: /home/wei/fire_scout_ws/install/px4_msgs/share/px4_msgs/msg/OrbitStatus.idl\n'}
[1.143702] (px4_msgs) StdoutLine: {'line': b'-- Up-to-date: /home/wei/fire_scout_ws/install/px4_msgs/share/px4_msgs/msg/ParameterResetRequest.idl\n'}
[1.143751] (px4_msgs) StdoutLine: {'line': b'-- Up-to-date: /home/wei/fire_scout_ws/install/px4_msgs/share/px4_msgs/msg/ParameterSetUsedRequest.idl\n'}
[1.143788] (px4_msgs) StdoutLine: {'line': b'-- Up-to-date: /home/wei/fire_scout_ws/install/px4_msgs/share/px4_msgs/msg/ParameterSetValueRequest.idl\n'}
[1.143819] (px4_msgs) StdoutLine: {'line': b'-- Up-to-date: /home/wei/fire_scout_ws/install/px4_msgs/share/px4_msgs/msg/ParameterSetValueResponse.idl\n'}
[1.143852] (px4_msgs) StdoutLine: {'line': b'-- Up-to-date: /home/wei/fire_scout_ws/install/px4_msgs/share/px4_msgs/msg/ParameterUpdate.idl\n'}
[1.143883] (px4_msgs) StdoutLine: {'line': b'-- Up-to-date: /home/wei/fire_scout_ws/install/px4_msgs/share/px4_msgs/msg/Ping.idl\n'}
[1.143915] (px4_msgs) StdoutLine: {'line': b'-- Up-to-date: /home/wei/fire_scout_ws/install/px4_msgs/share/px4_msgs/msg/PositionControllerLandingStatus.idl\n'}
[1.143952] (px4_msgs) StdoutLine: {'line': b'-- Up-to-date: /home/wei/fire_scout_ws/install/px4_msgs/share/px4_msgs/msg/PositionControllerStatus.idl\n'}
[1.143983] (px4_msgs) StdoutLine: {'line': b'-- Up-to-date: /home/wei/fire_scout_ws/install/px4_msgs/share/px4_msgs/msg/PositionSetpoint.idl\n'}
[1.144014] (px4_msgs) StdoutLine: {'line': b'-- Up-to-date: /home/wei/fire_scout_ws/install/px4_msgs/share/px4_msgs/msg/PositionSetpointTriplet.idl\n'}
[1.144046] (px4_msgs) StdoutLine: {'line': b'-- Up-to-date: /home/wei/fire_scout_ws/install/px4_msgs/share/px4_msgs/msg/PowerButtonState.idl\n'}
[1.144079] (px4_msgs) StdoutLine: {'line': b'-- Up-to-date: /home/wei/fire_scout_ws/install/px4_msgs/share/px4_msgs/msg/PowerMonitor.idl\n'}
[1.144130] (px4_msgs) StdoutLine: {'line': b'-- Up-to-date: /home/wei/fire_scout_ws/install/px4_msgs/share/px4_msgs/msg/PpsCapture.idl\n'}
[1.144162] (px4_msgs) StdoutLine: {'line': b'-- Up-to-date: /home/wei/fire_scout_ws/install/px4_msgs/share/px4_msgs/msg/PurePursuitStatus.idl\n'}
[1.144195] (px4_msgs) StdoutLine: {'line': b'-- Up-to-date: /home/wei/fire_scout_ws/install/px4_msgs/share/px4_msgs/msg/PwmInput.idl\n'}
[1.144231] (px4_msgs) StdoutLine: {'line': b'-- Up-to-date: /home/wei/fire_scout_ws/install/px4_msgs/share/px4_msgs/msg/Px4ioStatus.idl\n'}
[1.144264] (px4_msgs) StdoutLine: {'line': b'-- Up-to-date: /home/wei/fire_scout_ws/install/px4_msgs/share/px4_msgs/msg/QshellReq.idl\n'}
[1.144297] (px4_msgs) StdoutLine: {'line': b'-- Up-to-date: /home/wei/fire_scout_ws/install/px4_msgs/share/px4_msgs/msg/QshellRetval.idl\n'}
[1.144331] (px4_msgs) StdoutLine: {'line': b'-- Up-to-date: /home/wei/fire_scout_ws/install/px4_msgs/share/px4_msgs/msg/RadioStatus.idl\n'}
[1.144364] (px4_msgs) StdoutLine: {'line': b'-- Up-to-date: /home/wei/fire_scout_ws/install/px4_msgs/share/px4_msgs/msg/RateCtrlStatus.idl\n'}
[1.144403] (px4_msgs) StdoutLine: {'line': b'-- Up-to-date: /home/wei/fire_scout_ws/install/px4_msgs/share/px4_msgs/msg/RcChannels.idl\n'}
[1.144462] (px4_msgs) StdoutLine: {'line': b'-- Up-to-date: /home/wei/fire_scout_ws/install/px4_msgs/share/px4_msgs/msg/RcParameterMap.idl\n'}
[1.144524] (px4_msgs) StdoutLine: {'line': b'-- Up-to-date: /home/wei/fire_scout_ws/install/px4_msgs/share/px4_msgs/msg/RegisterExtComponentReply.idl\n'}
[1.144576] (px4_msgs) StdoutLine: {'line': b'-- Up-to-date: /home/wei/fire_scout_ws/install/px4_msgs/share/px4_msgs/msg/RegisterExtComponentRequest.idl\n'}
[1.144615] (px4_msgs) StdoutLine: {'line': b'-- Up-to-date: /home/wei/fire_scout_ws/install/px4_msgs/share/px4_msgs/msg/RoverAttitudeSetpoint.idl\n'}
[1.144653] (px4_msgs) StdoutLine: {'line': b'-- Up-to-date: /home/wei/fire_scout_ws/install/px4_msgs/share/px4_msgs/msg/RoverAttitudeStatus.idl\n'}
[1.144691] (px4_msgs) StdoutLine: {'line': b'-- Up-to-date: /home/wei/fire_scout_ws/install/px4_msgs/share/px4_msgs/msg/RoverPositionSetpoint.idl\n'}
[1.144732] (px4_msgs) StdoutLine: {'line': b'-- Up-to-date: /home/wei/fire_scout_ws/install/px4_msgs/share/px4_msgs/msg/RoverRateSetpoint.idl\n'}
[1.144772] (px4_msgs) StdoutLine: {'line': b'-- Up-to-date: /home/wei/fire_scout_ws/install/px4_msgs/share/px4_msgs/msg/RoverRateStatus.idl\n'}
[1.144807] (px4_msgs) StdoutLine: {'line': b'-- Up-to-date: /home/wei/fire_scout_ws/install/px4_msgs/share/px4_msgs/msg/RoverSpeedSetpoint.idl\n'}
[1.144845] (px4_msgs) StdoutLine: {'line': b'-- Up-to-date: /home/wei/fire_scout_ws/install/px4_msgs/share/px4_msgs/msg/RoverSpeedStatus.idl\n'}
[1.144879] (px4_msgs) StdoutLine: {'line': b'-- Up-to-date: /home/wei/fire_scout_ws/install/px4_msgs/share/px4_msgs/msg/RoverSteeringSetpoint.idl\n'}
[1.144914] (px4_msgs) StdoutLine: {'line': b'-- Up-to-date: /home/wei/fire_scout_ws/install/px4_msgs/share/px4_msgs/msg/RoverThrottleSetpoint.idl\n'}
[1.144947] (px4_msgs) StdoutLine: {'line': b'-- Up-to-date: /home/wei/fire_scout_ws/install/px4_msgs/share/px4_msgs/msg/Rpm.idl\n'}
[1.144994] (px4_msgs) StdoutLine: {'line': b'-- Up-to-date: /home/wei/fire_scout_ws/install/px4_msgs/share/px4_msgs/msg/RtlStatus.idl\n'}
[1.145027] (px4_msgs) StdoutLine: {'line': b'-- Up-to-date: /home/wei/fire_scout_ws/install/px4_msgs/share/px4_msgs/msg/RtlTimeEstimate.idl\n'}
[1.145059] (px4_msgs) StdoutLine: {'line': b'-- Up-to-date: /home/wei/fire_scout_ws/install/px4_msgs/share/px4_msgs/msg/SatelliteInfo.idl\n'}
[1.145094] (px4_msgs) StdoutLine: {'line': b'-- Up-to-date: /home/wei/fire_scout_ws/install/px4_msgs/share/px4_msgs/msg/SensorAccel.idl\n'}
[1.145126] (px4_msgs) StdoutLine: {'line': b'-- Up-to-date: /home/wei/fire_scout_ws/install/px4_msgs/share/px4_msgs/msg/SensorAccelFifo.idl\n'}
[1.145158] (px4_msgs) StdoutLine: {'line': b'-- Up-to-date: /home/wei/fire_scout_ws/install/px4_msgs/share/px4_msgs/msg/SensorAirflow.idl\n'}
[1.145190] (px4_msgs) StdoutLine: {'line': b'-- Up-to-date: /home/wei/fire_scout_ws/install/px4_msgs/share/px4_msgs/msg/SensorBaro.idl\n'}
[1.145227] (px4_msgs) StdoutLine: {'line': b'-- Up-to-date: /home/wei/fire_scout_ws/install/px4_msgs/share/px4_msgs/msg/SensorCombined.idl\n'}
[1.145259] (px4_msgs) StdoutLine: {'line': b'-- Up-to-date: /home/wei/fire_scout_ws/install/px4_msgs/share/px4_msgs/msg/SensorCorrection.idl\n'}
[1.145291] (px4_msgs) StdoutLine: {'line': b'-- Up-to-date: /home/wei/fire_scout_ws/install/px4_msgs/share/px4_msgs/msg/SensorGnssRelative.idl\n'}
[1.145338] (px4_msgs) StdoutLine: {'line': b'-- Up-to-date: /home/wei/fire_scout_ws/install/px4_msgs/share/px4_msgs/msg/SensorGnssStatus.idl\n'}
[1.145375] (px4_msgs) StdoutLine: {'line': b'-- Up-to-date: /home/wei/fire_scout_ws/install/px4_msgs/share/px4_msgs/msg/SensorGps.idl\n'}
[1.145410] (px4_msgs) StdoutLine: {'line': b'-- Up-to-date: /home/wei/fire_scout_ws/install/px4_msgs/share/px4_msgs/msg/SensorGyro.idl\n'}
[1.145468] (px4_msgs) StdoutLine: {'line': b'-- Up-to-date: /home/wei/fire_scout_ws/install/px4_msgs/share/px4_msgs/msg/SensorGyroFft.idl\n'}
[1.145501] (px4_msgs) StdoutLine: {'line': b'-- Up-to-date: /home/wei/fire_scout_ws/install/px4_msgs/share/px4_msgs/msg/SensorGyroFifo.idl\n'}
[1.145536] (px4_msgs) StdoutLine: {'line': b'-- Up-to-date: /home/wei/fire_scout_ws/install/px4_msgs/share/px4_msgs/msg/SensorHygrometer.idl\n'}
[1.145588] (px4_msgs) StdoutLine: {'line': b'-- Up-to-date: /home/wei/fire_scout_ws/install/px4_msgs/share/px4_msgs/msg/SensorMag.idl\n'}
[1.145624] (px4_msgs) StdoutLine: {'line': b'-- Up-to-date: /home/wei/fire_scout_ws/install/px4_msgs/share/px4_msgs/msg/SensorOpticalFlow.idl\n'}
[1.145667] (px4_msgs) StdoutLine: {'line': b'-- Up-to-date: /home/wei/fire_scout_ws/install/px4_msgs/share/px4_msgs/msg/SensorPreflightMag.idl\n'}
[1.145700] (px4_msgs) StdoutLine: {'line': b'-- Up-to-date: /home/wei/fire_scout_ws/install/px4_msgs/share/px4_msgs/msg/SensorSelection.idl\n'}
[1.145737] (px4_msgs) StdoutLine: {'line': b'-- Up-to-date: /home/wei/fire_scout_ws/install/px4_msgs/share/px4_msgs/msg/SensorUwb.idl\n'}
[1.145771] (px4_msgs) StdoutLine: {'line': b'-- Up-to-date: /home/wei/fire_scout_ws/install/px4_msgs/share/px4_msgs/msg/SensorsStatus.idl\n'}
[1.145819] (px4_msgs) StdoutLine: {'line': b'-- Up-to-date: /home/wei/fire_scout_ws/install/px4_msgs/share/px4_msgs/msg/SensorsStatusImu.idl\n'}
[1.145852] (px4_msgs) StdoutLine: {'line': b'-- Up-to-date: /home/wei/fire_scout_ws/install/px4_msgs/share/px4_msgs/msg/SystemPower.idl\n'}
[1.145885] (px4_msgs) StdoutLine: {'line': b'-- Up-to-date: /home/wei/fire_scout_ws/install/px4_msgs/share/px4_msgs/msg/TakeoffStatus.idl\n'}
[1.145918] (px4_msgs) StdoutLine: {'line': b'-- Up-to-date: /home/wei/fire_scout_ws/install/px4_msgs/share/px4_msgs/msg/TaskStackInfo.idl\n'}
[1.145949] (px4_msgs) StdoutLine: {'line': b'-- Up-to-date: /home/wei/fire_scout_ws/install/px4_msgs/share/px4_msgs/msg/TecsStatus.idl\n'}
[1.145981] (px4_msgs) StdoutLine: {'line': b'-- Up-to-date: /home/wei/fire_scout_ws/install/px4_msgs/share/px4_msgs/msg/TelemetryStatus.idl\n'}
[1.146028] (px4_msgs) StdoutLine: {'line': b'-- Up-to-date: /home/wei/fire_scout_ws/install/px4_msgs/share/px4_msgs/msg/TiltrotorExtraControls.idl\n'}
[1.146061] (px4_msgs) StdoutLine: {'line': b'-- Up-to-date: /home/wei/fire_scout_ws/install/px4_msgs/share/px4_msgs/msg/TimesyncStatus.idl\n'}
[1.146095] (px4_msgs) StdoutLine: {'line': b'-- Up-to-date: /home/wei/fire_scout_ws/install/px4_msgs/share/px4_msgs/msg/TrajectorySetpoint.idl\n'}
[1.146130] (px4_msgs) StdoutLine: {'line': b'-- Up-to-date: /home/wei/fire_scout_ws/install/px4_msgs/share/px4_msgs/msg/TrajectorySetpoint6dof.idl\n'}
[1.146162] (px4_msgs) StdoutLine: {'line': b'-- Up-to-date: /home/wei/fire_scout_ws/install/px4_msgs/share/px4_msgs/msg/TransponderReport.idl\n'}
[1.146193] (px4_msgs) StdoutLine: {'line': b'-- Up-to-date: /home/wei/fire_scout_ws/install/px4_msgs/share/px4_msgs/msg/TuneControl.idl\n'}
[1.146225] (px4_msgs) StdoutLine: {'line': b'-- Up-to-date: /home/wei/fire_scout_ws/install/px4_msgs/share/px4_msgs/msg/UavcanParameterRequest.idl\n'}
[1.146257] (px4_msgs) StdoutLine: {'line': b'-- Up-to-date: /home/wei/fire_scout_ws/install/px4_msgs/share/px4_msgs/msg/UavcanParameterValue.idl\n'}
[1.146289] (px4_msgs) StdoutLine: {'line': b'-- Up-to-date: /home/wei/fire_scout_ws/install/px4_msgs/share/px4_msgs/msg/UlogStream.idl\n'}
[1.146320] (px4_msgs) StdoutLine: {'line': b'-- Up-to-date: /home/wei/fire_scout_ws/install/px4_msgs/share/px4_msgs/msg/UlogStreamAck.idl\n'}
[1.146371] (px4_msgs) StdoutLine: {'line': b'-- Up-to-date: /home/wei/fire_scout_ws/install/px4_msgs/share/px4_msgs/msg/UnregisterExtComponent.idl\n'}
[1.146407] (px4_msgs) StdoutLine: {'line': b'-- Up-to-date: /home/wei/fire_scout_ws/install/px4_msgs/share/px4_msgs/msg/VehicleAcceleration.idl\n'}
[1.146440] (px4_msgs) StdoutLine: {'line': b'-- Up-to-date: /home/wei/fire_scout_ws/install/px4_msgs/share/px4_msgs/msg/VehicleAirData.idl\n'}
[1.146476] (px4_msgs) StdoutLine: {'line': b'-- Up-to-date: /home/wei/fire_scout_ws/install/px4_msgs/share/px4_msgs/msg/VehicleAngularAccelerationSetpoint.idl\n'}
[1.146512] (px4_msgs) StdoutLine: {'line': b'-- Up-to-date: /home/wei/fire_scout_ws/install/px4_msgs/share/px4_msgs/msg/VehicleAngularVelocity.idl\n'}
[1.146547] (px4_msgs) StdoutLine: {'line': b'-- Up-to-date: /home/wei/fire_scout_ws/install/px4_msgs/share/px4_msgs/msg/VehicleAttitude.idl\n'}
[1.146598] (px4_msgs) StdoutLine: {'line': b'-- Up-to-date: /home/wei/fire_scout_ws/install/px4_msgs/share/px4_msgs/msg/VehicleAttitudeSetpoint.idl\n'}
[1.146634] (px4_msgs) StdoutLine: {'line': b'-- Up-to-date: /home/wei/fire_scout_ws/install/px4_msgs/share/px4_msgs/msg/VehicleCommand.idl\n'}
[1.146668] (px4_msgs) StdoutLine: {'line': b'-- Up-to-date: /home/wei/fire_scout_ws/install/px4_msgs/share/px4_msgs/msg/VehicleCommandAck.idl\n'}
[1.146712] (px4_msgs) StdoutLine: {'line': b'-- Up-to-date: /home/wei/fire_scout_ws/install/px4_msgs/share/px4_msgs/msg/VehicleConstraints.idl\n'}
[1.146743] (px4_msgs) StdoutLine: {'line': b'-- Up-to-date: /home/wei/fire_scout_ws/install/px4_msgs/share/px4_msgs/msg/VehicleControlMode.idl\n'}
[1.146776] (px4_msgs) StdoutLine: {'line': b'-- Up-to-date: /home/wei/fire_scout_ws/install/px4_msgs/share/px4_msgs/msg/VehicleGlobalPosition.idl\n'}
[1.146829] (px4_msgs) StdoutLine: {'line': b'-- Up-to-date: /home/wei/fire_scout_ws/install/px4_msgs/share/px4_msgs/msg/VehicleImu.idl\n'}
[1.146861] (px4_msgs) StdoutLine: {'line': b'-- Up-to-date: /home/wei/fire_scout_ws/install/px4_msgs/share/px4_msgs/msg/VehicleImuStatus.idl\n'}
[1.146894] (px4_msgs) StdoutLine: {'line': b'-- Up-to-date: /home/wei/fire_scout_ws/install/px4_msgs/share/px4_msgs/msg/VehicleLandDetected.idl\n'}
[1.146926] (px4_msgs) StdoutLine: {'line': b'-- Up-to-date: /home/wei/fire_scout_ws/install/px4_msgs/share/px4_msgs/msg/VehicleLocalPosition.idl\n'}
[1.146958] (px4_msgs) StdoutLine: {'line': b'-- Up-to-date: /home/wei/fire_scout_ws/install/px4_msgs/share/px4_msgs/msg/VehicleLocalPositionSetpoint.idl\n'}
[1.146989] (px4_msgs) StdoutLine: {'line': b'-- Up-to-date: /home/wei/fire_scout_ws/install/px4_msgs/share/px4_msgs/msg/VehicleMagnetometer.idl\n'}
[1.147022] (px4_msgs) StdoutLine: {'line': b'-- Up-to-date: /home/wei/fire_scout_ws/install/px4_msgs/share/px4_msgs/msg/VehicleOdometry.idl\n'}
[1.147068] (px4_msgs) StdoutLine: {'line': b'-- Up-to-date: /home/wei/fire_scout_ws/install/px4_msgs/share/px4_msgs/msg/VehicleOpticalFlow.idl\n'}
[1.147101] (px4_msgs) StdoutLine: {'line': b'-- Up-to-date: /home/wei/fire_scout_ws/install/px4_msgs/share/px4_msgs/msg/VehicleOpticalFlowVel.idl\n'}
[1.147134] (px4_msgs) StdoutLine: {'line': b'-- Up-to-date: /home/wei/fire_scout_ws/install/px4_msgs/share/px4_msgs/msg/VehicleRatesSetpoint.idl\n'}
[1.147167] (px4_msgs) StdoutLine: {'line': b'-- Up-to-date: /home/wei/fire_scout_ws/install/px4_msgs/share/px4_msgs/msg/VehicleRoi.idl\n'}
[1.147199] (px4_msgs) StdoutLine: {'line': b'-- Up-to-date: /home/wei/fire_scout_ws/install/px4_msgs/share/px4_msgs/msg/VehicleStatus.idl\n'}
[1.147231] (px4_msgs) StdoutLine: {'line': b'-- Up-to-date: /home/wei/fire_scout_ws/install/px4_msgs/share/px4_msgs/msg/VehicleThrustSetpoint.idl\n'}
[1.147264] (px4_msgs) StdoutLine: {'line': b'-- Up-to-date: /home/wei/fire_scout_ws/install/px4_msgs/share/px4_msgs/msg/VehicleTorqueSetpoint.idl\n'}
[1.147294] (px4_msgs) StdoutLine: {'line': b'-- Up-to-date: /home/wei/fire_scout_ws/install/px4_msgs/share/px4_msgs/msg/VelocityLimits.idl\n'}
[1.147327] (px4_msgs) StdoutLine: {'line': b'-- Up-to-date: /home/wei/fire_scout_ws/install/px4_msgs/share/px4_msgs/msg/VtolVehicleStatus.idl\n'}
[1.147360] (px4_msgs) StdoutLine: {'line': b'-- Up-to-date: /home/wei/fire_scout_ws/install/px4_msgs/share/px4_msgs/msg/WheelEncoders.idl\n'}
[1.147414] (px4_msgs) StdoutLine: {'line': b'-- Up-to-date: /home/wei/fire_scout_ws/install/px4_msgs/share/px4_msgs/msg/Wind.idl\n'}
[1.147448] (px4_msgs) StdoutLine: {'line': b'-- Up-to-date: /home/wei/fire_scout_ws/install/px4_msgs/share/px4_msgs/msg/YawEstimatorStatus.idl\n'}
[1.147493] (px4_msgs) StdoutLine: {'line': b'-- Up-to-date: /home/wei/fire_scout_ws/install/px4_msgs/share/px4_msgs/srv/VehicleCommand.idl\n'}
[1.147526] (px4_msgs) StdoutLine: {'line': b'-- Up-to-date: /home/wei/fire_scout_ws/install/px4_msgs/share/px4_msgs/msg/ActionRequest.msg\n'}
[1.147559] (px4_msgs) StdoutLine: {'line': b'-- Up-to-date: /home/wei/fire_scout_ws/install/px4_msgs/share/px4_msgs/msg/ActuatorArmed.msg\n'}
[1.147592] (px4_msgs) StdoutLine: {'line': b'-- Up-to-date: /home/wei/fire_scout_ws/install/px4_msgs/share/px4_msgs/msg/ActuatorControlsStatus.msg\n'}
[1.147640] (px4_msgs) StdoutLine: {'line': b'-- Up-to-date: /home/wei/fire_scout_ws/install/px4_msgs/share/px4_msgs/msg/ActuatorMotors.msg\n'}
[1.147685] (px4_msgs) StdoutLine: {'line': b'-- Up-to-date: /home/wei/fire_scout_ws/install/px4_msgs/share/px4_msgs/msg/ActuatorOutputs.msg\n'}
[1.147716] (px4_msgs) StdoutLine: {'line': b'-- Up-to-date: /home/wei/fire_scout_ws/install/px4_msgs/share/px4_msgs/msg/ActuatorServos.msg\n'}
[1.147747] (px4_msgs) StdoutLine: {'line': b'-- Up-to-date: /home/wei/fire_scout_ws/install/px4_msgs/share/px4_msgs/msg/ActuatorServosTrim.msg\n'}
[1.147778] (px4_msgs) StdoutLine: {'line': b'-- Up-to-date: /home/wei/fire_scout_ws/install/px4_msgs/share/px4_msgs/msg/ActuatorTest.msg\n'}
[1.147839] (px4_msgs) StdoutLine: {'line': b'-- Up-to-date: /home/wei/fire_scout_ws/install/px4_msgs/share/px4_msgs/msg/AdcReport.msg\n'}
[1.147872] (px4_msgs) StdoutLine: {'line': b'-- Up-to-date: /home/wei/fire_scout_ws/install/px4_msgs/share/px4_msgs/msg/Airspeed.msg\n'}
[1.147905] (px4_msgs) StdoutLine: {'line': b'-- Up-to-date: /home/wei/fire_scout_ws/install/px4_msgs/share/px4_msgs/msg/AirspeedValidated.msg\n'}
[1.147939] (px4_msgs) StdoutLine: {'line': b'-- Up-to-date: /home/wei/fire_scout_ws/install/px4_msgs/share/px4_msgs/msg/AirspeedWind.msg\n'}
[1.147974] (px4_msgs) StdoutLine: {'line': b'-- Up-to-date: /home/wei/fire_scout_ws/install/px4_msgs/share/px4_msgs/msg/ArmingCheckReply.msg\n'}
[1.148009] (px4_msgs) StdoutLine: {'line': b'-- Up-to-date: /home/wei/fire_scout_ws/install/px4_msgs/share/px4_msgs/msg/ArmingCheckRequest.msg\n'}
[1.148041] (px4_msgs) StdoutLine: {'line': b'-- Up-to-date: /home/wei/fire_scout_ws/install/px4_msgs/share/px4_msgs/msg/AutotuneAttitudeControlStatus.msg\n'}
[1.148087] (px4_msgs) StdoutLine: {'line': b'-- Up-to-date: /home/wei/fire_scout_ws/install/px4_msgs/share/px4_msgs/msg/BatteryInfo.msg\n'}
[1.148118] (px4_msgs) StdoutLine: {'line': b'-- Up-to-date: /home/wei/fire_scout_ws/install/px4_msgs/share/px4_msgs/msg/BatteryStatus.msg\n'}
[1.148149] (px4_msgs) StdoutLine: {'line': b'-- Up-to-date: /home/wei/fire_scout_ws/install/px4_msgs/share/px4_msgs/msg/ButtonEvent.msg\n'}
[1.148179] (px4_msgs) StdoutLine: {'line': b'-- Up-to-date: /home/wei/fire_scout_ws/install/px4_msgs/share/px4_msgs/msg/CameraCapture.msg\n'}
[1.148210] (px4_msgs) StdoutLine: {'line': b'-- Up-to-date: /home/wei/fire_scout_ws/install/px4_msgs/share/px4_msgs/msg/CameraStatus.msg\n'}
[1.148241] (px4_msgs) StdoutLine: {'line': b'-- Up-to-date: /home/wei/fire_scout_ws/install/px4_msgs/share/px4_msgs/msg/CameraTrigger.msg\n'}
[1.148274] (px4_msgs) StdoutLine: {'line': b'-- Up-to-date: /home/wei/fire_scout_ws/install/px4_msgs/share/px4_msgs/msg/CanInterfaceStatus.msg\n'}
[1.148305] (px4_msgs) StdoutLine: {'line': b'-- Up-to-date: /home/wei/fire_scout_ws/install/px4_msgs/share/px4_msgs/msg/CellularStatus.msg\n'}
[1.148340] (px4_msgs) StdoutLine: {'line': b'-- Up-to-date: /home/wei/fire_scout_ws/install/px4_msgs/share/px4_msgs/msg/CollisionConstraints.msg\n'}
[1.148374] (px4_msgs) StdoutLine: {'line': b'-- Up-to-date: /home/wei/fire_scout_ws/install/px4_msgs/share/px4_msgs/msg/ConfigOverrides.msg\n'}
[1.148423] (px4_msgs) StdoutLine: {'line': b'-- Up-to-date: /home/wei/fire_scout_ws/install/px4_msgs/share/px4_msgs/msg/ControlAllocatorStatus.msg\n'}
[1.148456] (px4_msgs) StdoutLine: {'line': b'-- Up-to-date: /home/wei/fire_scout_ws/install/px4_msgs/share/px4_msgs/msg/Cpuload.msg\n'}
[1.148490] (px4_msgs) StdoutLine: {'line': b'-- Up-to-date: /home/wei/fire_scout_ws/install/px4_msgs/share/px4_msgs/msg/DatamanRequest.msg\n'}
[1.148524] (px4_msgs) StdoutLine: {'line': b'-- Up-to-date: /home/wei/fire_scout_ws/install/px4_msgs/share/px4_msgs/msg/DatamanResponse.msg\n'}
[1.148558] (px4_msgs) StdoutLine: {'line': b'-- Up-to-date: /home/wei/fire_scout_ws/install/px4_msgs/share/px4_msgs/msg/DebugArray.msg\n'}
[1.148592] (px4_msgs) StdoutLine: {'line': b'-- Up-to-date: /home/wei/fire_scout_ws/install/px4_msgs/share/px4_msgs/msg/DebugKeyValue.msg\n'}
[1.148624] (px4_msgs) StdoutLine: {'line': b'-- Up-to-date: /home/wei/fire_scout_ws/install/px4_msgs/share/px4_msgs/msg/DebugValue.msg\n'}
[1.148672] (px4_msgs) StdoutLine: {'line': b'-- Up-to-date: /home/wei/fire_scout_ws/install/px4_msgs/share/px4_msgs/msg/DebugVect.msg\n'}
[1.148708] (px4_msgs) StdoutLine: {'line': b'-- Up-to-date: /home/wei/fire_scout_ws/install/px4_msgs/share/px4_msgs/msg/DifferentialPressure.msg\n'}
[1.148740] (px4_msgs) StdoutLine: {'line': b'-- Up-to-date: /home/wei/fire_scout_ws/install/px4_msgs/share/px4_msgs/msg/DistanceSensor.msg\n'}
[1.148771] (px4_msgs) StdoutLine: {'line': b'-- Up-to-date: /home/wei/fire_scout_ws/install/px4_msgs/share/px4_msgs/msg/DistanceSensorModeChangeRequest.msg\n'}
[1.148804] (px4_msgs) StdoutLine: {'line': b'-- Up-to-date: /home/wei/fire_scout_ws/install/px4_msgs/share/px4_msgs/msg/DronecanNodeStatus.msg\n'}
[1.148849] (px4_msgs) StdoutLine: {'line': b'-- Up-to-date: /home/wei/fire_scout_ws/install/px4_msgs/share/px4_msgs/msg/Ekf2Timestamps.msg\n'}
[1.148881] (px4_msgs) StdoutLine: {'line': b'-- Up-to-date: /home/wei/fire_scout_ws/install/px4_msgs/share/px4_msgs/msg/EscReport.msg\n'}
[1.148911] (px4_msgs) StdoutLine: {'line': b'-- Up-to-date: /home/wei/fire_scout_ws/install/px4_msgs/share/px4_msgs/msg/EscStatus.msg\n'}
[1.148942] (px4_msgs) StdoutLine: {'line': b'-- Up-to-date: /home/wei/fire_scout_ws/install/px4_msgs/share/px4_msgs/msg/EstimatorAidSource1d.msg\n'}
[1.148977] (px4_msgs) StdoutLine: {'line': b'-- Up-to-date: /home/wei/fire_scout_ws/install/px4_msgs/share/px4_msgs/msg/EstimatorAidSource2d.msg\n'}
[1.149007] (px4_msgs) StdoutLine: {'line': b'-- Up-to-date: /home/wei/fire_scout_ws/install/px4_msgs/share/px4_msgs/msg/EstimatorAidSource3d.msg\n'}
[1.149037] (px4_msgs) StdoutLine: {'line': b'-- Up-to-date: /home/wei/fire_scout_ws/install/px4_msgs/share/px4_msgs/msg/EstimatorBias.msg\n'}
[1.149081] (px4_msgs) StdoutLine: {'line': b'-- Up-to-date: /home/wei/fire_scout_ws/install/px4_msgs/share/px4_msgs/msg/EstimatorBias3d.msg\n'}
[1.149112] (px4_msgs) StdoutLine: {'line': b'-- Up-to-date: /home/wei/fire_scout_ws/install/px4_msgs/share/px4_msgs/msg/EstimatorEventFlags.msg\n'}
[1.149143] (px4_msgs) StdoutLine: {'line': b'-- Up-to-date: /home/wei/fire_scout_ws/install/px4_msgs/share/px4_msgs/msg/EstimatorGpsStatus.msg\n'}
[1.149174] (px4_msgs) StdoutLine: {'line': b'-- Up-to-date: /home/wei/fire_scout_ws/install/px4_msgs/share/px4_msgs/msg/EstimatorInnovations.msg\n'}
[1.149205] (px4_msgs) StdoutLine: {'line': b'-- Up-to-date: /home/wei/fire_scout_ws/install/px4_msgs/share/px4_msgs/msg/EstimatorSelectorStatus.msg\n'}
[1.149236] (px4_msgs) StdoutLine: {'line': b'-- Up-to-date: /home/wei/fire_scout_ws/install/px4_msgs/share/px4_msgs/msg/EstimatorSensorBias.msg\n'}
[1.149271] (px4_msgs) StdoutLine: {'line': b'-- Up-to-date: /home/wei/fire_scout_ws/install/px4_msgs/share/px4_msgs/msg/EstimatorStates.msg\n'}
[1.149302] (px4_msgs) StdoutLine: {'line': b'-- Up-to-date: /home/wei/fire_scout_ws/install/px4_msgs/share/px4_msgs/msg/EstimatorStatus.msg\n'}
[1.149334] (px4_msgs) StdoutLine: {'line': b'-- Up-to-date: /home/wei/fire_scout_ws/install/px4_msgs/share/px4_msgs/msg/EstimatorStatusFlags.msg\n'}
[1.149368] (px4_msgs) StdoutLine: {'line': b'-- Up-to-date: /home/wei/fire_scout_ws/install/px4_msgs/share/px4_msgs/msg/Event.msg\n'}
[1.149401] (px4_msgs) StdoutLine: {'line': b'-- Up-to-date: /home/wei/fire_scout_ws/install/px4_msgs/share/px4_msgs/msg/FailsafeFlags.msg\n'}
[1.149449] (px4_msgs) StdoutLine: {'line': b'-- Up-to-date: /home/wei/fire_scout_ws/install/px4_msgs/share/px4_msgs/msg/FailureDetectorStatus.msg\n'}
[1.149481] (px4_msgs) StdoutLine: {'line': b'-- Up-to-date: /home/wei/fire_scout_ws/install/px4_msgs/share/px4_msgs/msg/FigureEightStatus.msg\n'}
[1.149515] (px4_msgs) StdoutLine: {'line': b'-- Up-to-date: /home/wei/fire_scout_ws/install/px4_msgs/share/px4_msgs/msg/FixedWingLateralGuidanceStatus.msg\n'}
[1.149548] (px4_msgs) StdoutLine: {'line': b'-- Up-to-date: /home/wei/fire_scout_ws/install/px4_msgs/share/px4_msgs/msg/FixedWingLateralSetpoint.msg\n'}
[1.149581] (px4_msgs) StdoutLine: {'line': b'-- Up-to-date: /home/wei/fire_scout_ws/install/px4_msgs/share/px4_msgs/msg/FixedWingLateralStatus.msg\n'}
[1.149615] (px4_msgs) StdoutLine: {'line': b'-- Up-to-date: /home/wei/fire_scout_ws/install/px4_msgs/share/px4_msgs/msg/FixedWingLongitudinalSetpoint.msg\n'}
[1.149664] (px4_msgs) StdoutLine: {'line': b'-- Up-to-date: /home/wei/fire_scout_ws/install/px4_msgs/share/px4_msgs/msg/FixedWingRunwayControl.msg\n'}
[1.149696] (px4_msgs) StdoutLine: {'line': b'-- Up-to-date: /home/wei/fire_scout_ws/install/px4_msgs/share/px4_msgs/msg/FlightPhaseEstimation.msg\n'}
[1.149729] (px4_msgs) StdoutLine: {'line': b'-- Up-to-date: /home/wei/fire_scout_ws/install/px4_msgs/share/px4_msgs/msg/FollowTarget.msg\n'}
[1.149761] (px4_msgs) StdoutLine: {'line': b'-- Up-to-date: /home/wei/fire_scout_ws/install/px4_msgs/share/px4_msgs/msg/FollowTargetEstimator.msg\n'}
[1.149812] (px4_msgs) StdoutLine: {'line': b'-- Up-to-date: /home/wei/fire_scout_ws/install/px4_msgs/share/px4_msgs/msg/FollowTargetStatus.msg\n'}
[1.149859] (px4_msgs) StdoutLine: {'line': b'-- Up-to-date: /home/wei/fire_scout_ws/install/px4_msgs/share/px4_msgs/msg/FuelTankStatus.msg\n'}
[1.149891] (px4_msgs) StdoutLine: {'line': b'-- Up-to-date: /home/wei/fire_scout_ws/install/px4_msgs/share/px4_msgs/msg/GeneratorStatus.msg\n'}
[1.149922] (px4_msgs) StdoutLine: {'line': b'-- Up-to-date: /home/wei/fire_scout_ws/install/px4_msgs/share/px4_msgs/msg/GeofenceResult.msg\n'}
[1.149954] (px4_msgs) StdoutLine: {'line': b'-- Up-to-date: /home/wei/fire_scout_ws/install/px4_msgs/share/px4_msgs/msg/GeofenceStatus.msg\n'}
[1.149985] (px4_msgs) StdoutLine: {'line': b'-- Up-to-date: /home/wei/fire_scout_ws/install/px4_msgs/share/px4_msgs/msg/GimbalControls.msg\n'}
[1.150017] (px4_msgs) StdoutLine: {'line': b'-- Up-to-date: /home/wei/fire_scout_ws/install/px4_msgs/share/px4_msgs/msg/GimbalDeviceAttitudeStatus.msg\n'}
[1.150047] (px4_msgs) StdoutLine: {'line': b'-- Up-to-date: /home/wei/fire_scout_ws/install/px4_msgs/share/px4_msgs/msg/GimbalDeviceInformation.msg\n'}
[1.150096] (px4_msgs) StdoutLine: {'line': b'-- Up-to-date: /home/wei/fire_scout_ws/install/px4_msgs/share/px4_msgs/msg/GimbalDeviceSetAttitude.msg\n'}
[1.150127] (px4_msgs) StdoutLine: {'line': b'-- Up-to-date: /home/wei/fire_scout_ws/install/px4_msgs/share/px4_msgs/msg/GimbalManagerInformation.msg\n'}
[1.150157] (px4_msgs) StdoutLine: {'line': b'-- Up-to-date: /home/wei/fire_scout_ws/install/px4_msgs/share/px4_msgs/msg/GimbalManagerSetAttitude.msg\n'}
[1.150187] (px4_msgs) StdoutLine: {'line': b'-- Up-to-date: /home/wei/fire_scout_ws/install/px4_msgs/share/px4_msgs/msg/GimbalManagerSetManualControl.msg\n'}
[1.150217] (px4_msgs) StdoutLine: {'line': b'-- Up-to-date: /home/wei/fire_scout_ws/install/px4_msgs/share/px4_msgs/msg/GimbalManagerStatus.msg\n'}
[1.150246] (px4_msgs) StdoutLine: {'line': b'-- Up-to-date: /home/wei/fire_scout_ws/install/px4_msgs/share/px4_msgs/msg/GotoSetpoint.msg\n'}
[1.150277] (px4_msgs) StdoutLine: {'line': b'-- Up-to-date: /home/wei/fire_scout_ws/install/px4_msgs/share/px4_msgs/msg/GpioConfig.msg\n'}
[1.150307] (px4_msgs) StdoutLine: {'line': b'-- Up-to-date: /home/wei/fire_scout_ws/install/px4_msgs/share/px4_msgs/msg/GpioIn.msg\n'}
[1.150338] (px4_msgs) StdoutLine: {'line': b'-- Up-to-date: /home/wei/fire_scout_ws/install/px4_msgs/share/px4_msgs/msg/GpioOut.msg\n'}
[1.150372] (px4_msgs) StdoutLine: {'line': b'-- Up-to-date: /home/wei/fire_scout_ws/install/px4_msgs/share/px4_msgs/msg/GpioRequest.msg\n'}
[1.150419] (px4_msgs) StdoutLine: {'line': b'-- Up-to-date: /home/wei/fire_scout_ws/install/px4_msgs/share/px4_msgs/msg/GpsDump.msg\n'}
[1.150451] (px4_msgs) StdoutLine: {'line': b'-- Up-to-date: /home/wei/fire_scout_ws/install/px4_msgs/share/px4_msgs/msg/GpsInjectData.msg\n'}
[1.150482] (px4_msgs) StdoutLine: {'line': b'-- Up-to-date: /home/wei/fire_scout_ws/install/px4_msgs/share/px4_msgs/msg/Gripper.msg\n'}
[1.150514] (px4_msgs) StdoutLine: {'line': b'-- Up-to-date: /home/wei/fire_scout_ws/install/px4_msgs/share/px4_msgs/msg/HealthReport.msg\n'}
[1.150547] (px4_msgs) StdoutLine: {'line': b'-- Up-to-date: /home/wei/fire_scout_ws/install/px4_msgs/share/px4_msgs/msg/HeaterStatus.msg\n'}
[1.150578] (px4_msgs) StdoutLine: {'line': b'-- Up-to-date: /home/wei/fire_scout_ws/install/px4_msgs/share/px4_msgs/msg/HomePosition.msg\n'}
[1.150624] (px4_msgs) StdoutLine: {'line': b'-- Up-to-date: /home/wei/fire_scout_ws/install/px4_msgs/share/px4_msgs/msg/HoverThrustEstimate.msg\n'}
[1.150655] (px4_msgs) StdoutLine: {'line': b'-- Up-to-date: /home/wei/fire_scout_ws/install/px4_msgs/share/px4_msgs/msg/InputRc.msg\n'}
[1.150686] (px4_msgs) StdoutLine: {'line': b'-- Up-to-date: /home/wei/fire_scout_ws/install/px4_msgs/share/px4_msgs/msg/InternalCombustionEngineControl.msg\n'}
[1.150717] (px4_msgs) StdoutLine: {'line': b'-- Up-to-date: /home/wei/fire_scout_ws/install/px4_msgs/share/px4_msgs/msg/InternalCombustionEngineStatus.msg\n'}
[1.150747] (px4_msgs) StdoutLine: {'line': b'-- Up-to-date: /home/wei/fire_scout_ws/install/px4_msgs/share/px4_msgs/msg/IridiumsbdStatus.msg\n'}
[1.150793] (px4_msgs) StdoutLine: {'line': b'-- Up-to-date: /home/wei/fire_scout_ws/install/px4_msgs/share/px4_msgs/msg/IrlockReport.msg\n'}
[1.150824] (px4_msgs) StdoutLine: {'line': b'-- Up-to-date: /home/wei/fire_scout_ws/install/px4_msgs/share/px4_msgs/msg/LandingGear.msg\n'}
[1.150869] (px4_msgs) StdoutLine: {'line': b'-- Up-to-date: /home/wei/fire_scout_ws/install/px4_msgs/share/px4_msgs/msg/LandingGearWheel.msg\n'}
[1.150900] (px4_msgs) StdoutLine: {'line': b'-- Up-to-date: /home/wei/fire_scout_ws/install/px4_msgs/share/px4_msgs/msg/LandingTargetInnovations.msg\n'}
[1.150931] (px4_msgs) StdoutLine: {'line': b'-- Up-to-date: /home/wei/fire_scout_ws/install/px4_msgs/share/px4_msgs/msg/LandingTargetPose.msg\n'}
[1.150963] (px4_msgs) StdoutLine: {'line': b'-- Up-to-date: /home/wei/fire_scout_ws/install/px4_msgs/share/px4_msgs/msg/LateralControlConfiguration.msg\n'}
[1.150993] (px4_msgs) StdoutLine: {'line': b'-- Up-to-date: /home/wei/fire_scout_ws/install/px4_msgs/share/px4_msgs/msg/LaunchDetectionStatus.msg\n'}
[1.151025] (px4_msgs) StdoutLine: {'line': b'-- Up-to-date: /home/wei/fire_scout_ws/install/px4_msgs/share/px4_msgs/msg/LedControl.msg\n'}
[1.151055] (px4_msgs) StdoutLine: {'line': b'-- Up-to-date: /home/wei/fire_scout_ws/install/px4_msgs/share/px4_msgs/msg/LogMessage.msg\n'}
[1.151085] (px4_msgs) StdoutLine: {'line': b'-- Up-to-date: /home/wei/fire_scout_ws/install/px4_msgs/share/px4_msgs/msg/LoggerStatus.msg\n'}
[1.151118] (px4_msgs) StdoutLine: {'line': b'-- Up-to-date: /home/wei/fire_scout_ws/install/px4_msgs/share/px4_msgs/msg/LongitudinalControlConfiguration.msg\n'}
[1.151148] (px4_msgs) StdoutLine: {'line': b'-- Up-to-date: /home/wei/fire_scout_ws/install/px4_msgs/share/px4_msgs/msg/MagWorkerData.msg\n'}
[1.151179] (px4_msgs) StdoutLine: {'line': b'-- Up-to-date: /home/wei/fire_scout_ws/install/px4_msgs/share/px4_msgs/msg/MagnetometerBiasEstimate.msg\n'}
[1.151224] (px4_msgs) StdoutLine: {'line': b'-- Up-to-date: /home/wei/fire_scout_ws/install/px4_msgs/share/px4_msgs/msg/ManualControlSetpoint.msg\n'}
[1.151255] (px4_msgs) StdoutLine: {'line': b'-- Up-to-date: /home/wei/fire_scout_ws/install/px4_msgs/share/px4_msgs/msg/ManualControlSwitches.msg\n'}
[1.151286] (px4_msgs) StdoutLine: {'line': b'-- Up-to-date: /home/wei/fire_scout_ws/install/px4_msgs/share/px4_msgs/msg/MavlinkLog.msg\n'}
[1.151317] (px4_msgs) StdoutLine: {'line': b'-- Up-to-date: /home/wei/fire_scout_ws/install/px4_msgs/share/px4_msgs/msg/MavlinkTunnel.msg\n'}
[1.151348] (px4_msgs) StdoutLine: {'line': b'-- Up-to-date: /home/wei/fire_scout_ws/install/px4_msgs/share/px4_msgs/msg/MessageFormatRequest.msg\n'}
[1.151381] (px4_msgs) StdoutLine: {'line': b'-- Up-to-date: /home/wei/fire_scout_ws/install/px4_msgs/share/px4_msgs/msg/MessageFormatResponse.msg\n'}
[1.151414] (px4_msgs) StdoutLine: {'line': b'-- Up-to-date: /home/wei/fire_scout_ws/install/px4_msgs/share/px4_msgs/msg/Mission.msg\n'}
[1.151463] (px4_msgs) StdoutLine: {'line': b'-- Up-to-date: /home/wei/fire_scout_ws/install/px4_msgs/share/px4_msgs/msg/MissionResult.msg\n'}
[1.151495] (px4_msgs) StdoutLine: {'line': b'-- Up-to-date: /home/wei/fire_scout_ws/install/px4_msgs/share/px4_msgs/msg/ModeCompleted.msg\n'}
[1.151526] (px4_msgs) StdoutLine: {'line': b'-- Up-to-date: /home/wei/fire_scout_ws/install/px4_msgs/share/px4_msgs/msg/MountOrientation.msg\n'}
[1.151576] (px4_msgs) StdoutLine: {'line': b'-- Up-to-date: /home/wei/fire_scout_ws/install/px4_msgs/share/px4_msgs/msg/NavigatorMissionItem.msg\n'}
[1.151609] (px4_msgs) StdoutLine: {'line': b'-- Up-to-date: /home/wei/fire_scout_ws/install/px4_msgs/share/px4_msgs/msg/NavigatorStatus.msg\n'}
[1.151641] (px4_msgs) StdoutLine: {'line': b'-- Up-to-date: /home/wei/fire_scout_ws/install/px4_msgs/share/px4_msgs/msg/NeuralControl.msg\n'}
[1.151673] (px4_msgs) StdoutLine: {'line': b'-- Up-to-date: /home/wei/fire_scout_ws/install/px4_msgs/share/px4_msgs/msg/NormalizedUnsignedSetpoint.msg\n'}
[1.151704] (px4_msgs) StdoutLine: {'line': b'-- Up-to-date: /home/wei/fire_scout_ws/install/px4_msgs/share/px4_msgs/msg/ObstacleDistance.msg\n'}
[1.151734] (px4_msgs) StdoutLine: {'line': b'-- Up-to-date: /home/wei/fire_scout_ws/install/px4_msgs/share/px4_msgs/msg/OffboardControlMode.msg\n'}
[1.151780] (px4_msgs) StdoutLine: {'line': b'-- Up-to-date: /home/wei/fire_scout_ws/install/px4_msgs/share/px4_msgs/msg/OnboardComputerStatus.msg\n'}
[1.151810] (px4_msgs) StdoutLine: {'line': b'-- Up-to-date: /home/wei/fire_scout_ws/install/px4_msgs/share/px4_msgs/msg/OpenDroneIdArmStatus.msg\n'}
[1.151842] (px4_msgs) StdoutLine: {'line': b'-- Up-to-date: /home/wei/fire_scout_ws/install/px4_msgs/share/px4_msgs/msg/OpenDroneIdOperatorId.msg\n'}
[1.151873] (px4_msgs) StdoutLine: {'line': b'-- Up-to-date: /home/wei/fire_scout_ws/install/px4_msgs/share/px4_msgs/msg/OpenDroneIdSelfId.msg\n'}
[1.151906] (px4_msgs) StdoutLine: {'line': b'-- Up-to-date: /home/wei/fire_scout_ws/install/px4_msgs/share/px4_msgs/msg/OpenDroneIdSystem.msg\n'}
[1.151937] (px4_msgs) StdoutLine: {'line': b'-- Up-to-date: /home/wei/fire_scout_ws/install/px4_msgs/share/px4_msgs/msg/OrbTest.msg\n'}
[1.151982] (px4_msgs) StdoutLine: {'line': b'-- Up-to-date: /home/wei/fire_scout_ws/install/px4_msgs/share/px4_msgs/msg/OrbTestLarge.msg\n'}
[1.152013] (px4_msgs) StdoutLine: {'line': b'-- Up-to-date: /home/wei/fire_scout_ws/install/px4_msgs/share/px4_msgs/msg/OrbTestMedium.msg\n'}
[1.152044] (px4_msgs) StdoutLine: {'line': b'-- Up-to-date: /home/wei/fire_scout_ws/install/px4_msgs/share/px4_msgs/msg/OrbitStatus.msg\n'}
[1.152075] (px4_msgs) StdoutLine: {'line': b'-- Up-to-date: /home/wei/fire_scout_ws/install/px4_msgs/share/px4_msgs/msg/ParameterResetRequest.msg\n'}
[1.152106] (px4_msgs) StdoutLine: {'line': b'-- Up-to-date: /home/wei/fire_scout_ws/install/px4_msgs/share/px4_msgs/msg/ParameterSetUsedRequest.msg\n'}
[1.152136] (px4_msgs) StdoutLine: {'line': b'-- Up-to-date: /home/wei/fire_scout_ws/install/px4_msgs/share/px4_msgs/msg/ParameterSetValueRequest.msg\n'}
[1.152167] (px4_msgs) StdoutLine: {'line': b'-- Up-to-date: /home/wei/fire_scout_ws/install/px4_msgs/share/px4_msgs/msg/ParameterSetValueResponse.msg\n'}
[1.152212] (px4_msgs) StdoutLine: {'line': b'-- Up-to-date: /home/wei/fire_scout_ws/install/px4_msgs/share/px4_msgs/msg/ParameterUpdate.msg\n'}
[1.152244] (px4_msgs) StdoutLine: {'line': b'-- Up-to-date: /home/wei/fire_scout_ws/install/px4_msgs/share/px4_msgs/msg/Ping.msg\n'}
[1.152275] (px4_msgs) StdoutLine: {'line': b'-- Up-to-date: /home/wei/fire_scout_ws/install/px4_msgs/share/px4_msgs/msg/PositionControllerLandingStatus.msg\n'}
[1.152307] (px4_msgs) StdoutLine: {'line': b'-- Up-to-date: /home/wei/fire_scout_ws/install/px4_msgs/share/px4_msgs/msg/PositionControllerStatus.msg\n'}
[1.152338] (px4_msgs) StdoutLine: {'line': b'-- Up-to-date: /home/wei/fire_scout_ws/install/px4_msgs/share/px4_msgs/msg/PositionSetpoint.msg\n'}
[1.152371] (px4_msgs) StdoutLine: {'line': b'-- Up-to-date: /home/wei/fire_scout_ws/install/px4_msgs/share/px4_msgs/msg/PositionSetpointTriplet.msg\n'}
[1.152404] (px4_msgs) StdoutLine: {'line': b'-- Up-to-date: /home/wei/fire_scout_ws/install/px4_msgs/share/px4_msgs/msg/PowerButtonState.msg\n'}
[1.152563] (px4_msgs) StdoutLine: {'line': b'-- Up-to-date: /home/wei/fire_scout_ws/install/px4_msgs/share/px4_msgs/msg/PowerMonitor.msg\n'}
[1.152767] (px4_msgs) StdoutLine: {'line': b'-- Up-to-date: /home/wei/fire_scout_ws/install/px4_msgs/share/px4_msgs/msg/PpsCapture.msg\n'}
[1.152966] (px4_msgs) StdoutLine: {'line': b'-- Up-to-date: /home/wei/fire_scout_ws/install/px4_msgs/share/px4_msgs/msg/PurePursuitStatus.msg\n'}
[1.153199] (px4_msgs) StdoutLine: {'line': b'-- Up-to-date: /home/wei/fire_scout_ws/install/px4_msgs/share/px4_msgs/msg/PwmInput.msg\n'}
[1.153568] (px4_msgs) StdoutLine: {'line': b'-- Up-to-date: /home/wei/fire_scout_ws/install/px4_msgs/share/px4_msgs/msg/Px4ioStatus.msg\n'}
[1.153780] (px4_msgs) StdoutLine: {'line': b'-- Up-to-date: /home/wei/fire_scout_ws/install/px4_msgs/share/px4_msgs/msg/QshellReq.msg\n'}
[1.153987] (px4_msgs) StdoutLine: {'line': b'-- Up-to-date: /home/wei/fire_scout_ws/install/px4_msgs/share/px4_msgs/msg/QshellRetval.msg\n'}
[1.154253] (px4_msgs) StdoutLine: {'line': b'-- Up-to-date: /home/wei/fire_scout_ws/install/px4_msgs/share/px4_msgs/msg/RadioStatus.msg\n'}
[1.154735] (px4_msgs) StdoutLine: {'line': b'-- Up-to-date: /home/wei/fire_scout_ws/install/px4_msgs/share/px4_msgs/msg/RateCtrlStatus.msg\n'}
[1.154965] (px4_msgs) StdoutLine: {'line': b'-- Up-to-date: /home/wei/fire_scout_ws/install/px4_msgs/share/px4_msgs/msg/RcChannels.msg\n'}
[1.155204] (px4_msgs) StdoutLine: {'line': b'-- Up-to-date: /home/wei/fire_scout_ws/install/px4_msgs/share/px4_msgs/msg/RcParameterMap.msg\n'}
[1.155493] (px4_msgs) StdoutLine: {'line': b'-- Up-to-date: /home/wei/fire_scout_ws/install/px4_msgs/share/px4_msgs/msg/RegisterExtComponentReply.msg\n'}
[1.155874] (px4_msgs) StdoutLine: {'line': b'-- Up-to-date: /home/wei/fire_scout_ws/install/px4_msgs/share/px4_msgs/msg/RegisterExtComponentRequest.msg\n'}
[1.156105] (px4_msgs) StdoutLine: {'line': b'-- Up-to-date: /home/wei/fire_scout_ws/install/px4_msgs/share/px4_msgs/msg/RoverAttitudeSetpoint.msg\n'}
[1.156330] (px4_msgs) StdoutLine: {'line': b'-- Up-to-date: /home/wei/fire_scout_ws/install/px4_msgs/share/px4_msgs/msg/RoverAttitudeStatus.msg\n'}
[1.156612] (px4_msgs) StdoutLine: {'line': b'-- Up-to-date: /home/wei/fire_scout_ws/install/px4_msgs/share/px4_msgs/msg/RoverPositionSetpoint.msg\n'}
[1.157018] (px4_msgs) StdoutLine: {'line': b'-- Up-to-date: /home/wei/fire_scout_ws/install/px4_msgs/share/px4_msgs/msg/RoverRateSetpoint.msg\n'}
[1.157389] (px4_msgs) StdoutLine: {'line': b'-- Up-to-date: /home/wei/fire_scout_ws/install/px4_msgs/share/px4_msgs/msg/RoverRateStatus.msg\n'}
[1.157467] (px4_msgs) StdoutLine: {'line': b'-- Up-to-date: /home/wei/fire_scout_ws/install/px4_msgs/share/px4_msgs/msg/RoverSpeedSetpoint.msg\n'}
[1.157889] (px4_msgs) StdoutLine: {'line': b'-- Up-to-date: /home/wei/fire_scout_ws/install/px4_msgs/share/px4_msgs/msg/RoverSpeedStatus.msg\n'}
[1.158248] (px4_msgs) StdoutLine: {'line': b'-- Up-to-date: /home/wei/fire_scout_ws/install/px4_msgs/share/px4_msgs/msg/RoverSteeringSetpoint.msg\n'}
[1.158475] (px4_msgs) StdoutLine: {'line': b'-- Up-to-date: /home/wei/fire_scout_ws/install/px4_msgs/share/px4_msgs/msg/RoverThrottleSetpoint.msg\n'}
[1.158710] (px4_msgs) StdoutLine: {'line': b'-- Up-to-date: /home/wei/fire_scout_ws/install/px4_msgs/share/px4_msgs/msg/Rpm.msg\n'}
[1.158955] (px4_msgs) StdoutLine: {'line': b'-- Up-to-date: /home/wei/fire_scout_ws/install/px4_msgs/share/px4_msgs/msg/RtlStatus.msg\n'}
[1.159296] (px4_msgs) StdoutLine: {'line': b'-- Up-to-date: /home/wei/fire_scout_ws/install/px4_msgs/share/px4_msgs/msg/RtlTimeEstimate.msg\n'}
[1.159524] (px4_msgs) StdoutLine: {'line': b'-- Up-to-date: /home/wei/fire_scout_ws/install/px4_msgs/share/px4_msgs/msg/SatelliteInfo.msg\n'}
[1.159719] (px4_msgs) StdoutLine: {'line': b'-- Up-to-date: /home/wei/fire_scout_ws/install/px4_msgs/share/px4_msgs/msg/SensorAccel.msg\n'}
[1.159968] (px4_msgs) StdoutLine: {'line': b'-- Up-to-date: /home/wei/fire_scout_ws/install/px4_msgs/share/px4_msgs/msg/SensorAccelFifo.msg\n'}
[1.160324] (px4_msgs) StdoutLine: {'line': b'-- Up-to-date: /home/wei/fire_scout_ws/install/px4_msgs/share/px4_msgs/msg/SensorAirflow.msg\n'}
[1.160538] (px4_msgs) StdoutLine: {'line': b'-- Up-to-date: /home/wei/fire_scout_ws/install/px4_msgs/share/px4_msgs/msg/SensorBaro.msg\n'}
[1.160753] (px4_msgs) StdoutLine: {'line': b'-- Up-to-date: /home/wei/fire_scout_ws/install/px4_msgs/share/px4_msgs/msg/SensorCombined.msg\n'}
[1.160975] (px4_msgs) StdoutLine: {'line': b'-- Up-to-date: /home/wei/fire_scout_ws/install/px4_msgs/share/px4_msgs/msg/SensorCorrection.msg\n'}
[1.161298] (px4_msgs) StdoutLine: {'line': b'-- Up-to-date: /home/wei/fire_scout_ws/install/px4_msgs/share/px4_msgs/msg/SensorGnssRelative.msg\n'}
[1.161511] (px4_msgs) StdoutLine: {'line': b'-- Up-to-date: /home/wei/fire_scout_ws/install/px4_msgs/share/px4_msgs/msg/SensorGnssStatus.msg\n'}
[1.161741] (px4_msgs) StdoutLine: {'line': b'-- Up-to-date: /home/wei/fire_scout_ws/install/px4_msgs/share/px4_msgs/msg/SensorGps.msg\n'}
[1.161976] (px4_msgs) StdoutLine: {'line': b'-- Up-to-date: /home/wei/fire_scout_ws/install/px4_msgs/share/px4_msgs/msg/SensorGyro.msg\n'}
[1.162308] (px4_msgs) StdoutLine: {'line': b'-- Up-to-date: /home/wei/fire_scout_ws/install/px4_msgs/share/px4_msgs/msg/SensorGyroFft.msg\n'}
[1.162525] (px4_msgs) StdoutLine: {'line': b'-- Up-to-date: /home/wei/fire_scout_ws/install/px4_msgs/share/px4_msgs/msg/SensorGyroFifo.msg\n'}
[1.162729] (px4_msgs) StdoutLine: {'line': b'-- Up-to-date: /home/wei/fire_scout_ws/install/px4_msgs/share/px4_msgs/msg/SensorHygrometer.msg\n'}
[1.162954] (px4_msgs) StdoutLine: {'line': b'-- Up-to-date: /home/wei/fire_scout_ws/install/px4_msgs/share/px4_msgs/msg/SensorMag.msg\n'}
[1.163293] (px4_msgs) StdoutLine: {'line': b'-- Up-to-date: /home/wei/fire_scout_ws/install/px4_msgs/share/px4_msgs/msg/SensorOpticalFlow.msg\n'}
[1.163504] (px4_msgs) StdoutLine: {'line': b'-- Up-to-date: /home/wei/fire_scout_ws/install/px4_msgs/share/px4_msgs/msg/SensorPreflightMag.msg\n'}
[1.163702] (px4_msgs) StdoutLine: {'line': b'-- Up-to-date: /home/wei/fire_scout_ws/install/px4_msgs/share/px4_msgs/msg/SensorSelection.msg\n'}
[1.163928] (px4_msgs) StdoutLine: {'line': b'-- Up-to-date: /home/wei/fire_scout_ws/install/px4_msgs/share/px4_msgs/msg/SensorUwb.msg\n'}
[1.164264] (px4_msgs) StdoutLine: {'line': b'-- Up-to-date: /home/wei/fire_scout_ws/install/px4_msgs/share/px4_msgs/msg/SensorsStatus.msg\n'}
[1.164607] (px4_msgs) StdoutLine: {'line': b'-- Up-to-date: /home/wei/fire_scout_ws/install/px4_msgs/share/px4_msgs/msg/SensorsStatusImu.msg\n'}
[1.164776] (px4_msgs) StdoutLine: {'line': b'-- Up-to-date: /home/wei/fire_scout_ws/install/px4_msgs/share/px4_msgs/msg/SystemPower.msg\n'}
[1.165039] (px4_msgs) StdoutLine: {'line': b'-- Up-to-date: /home/wei/fire_scout_ws/install/px4_msgs/share/px4_msgs/msg/TakeoffStatus.msg\n'}
[1.165375] (px4_msgs) StdoutLine: {'line': b'-- Up-to-date: /home/wei/fire_scout_ws/install/px4_msgs/share/px4_msgs/msg/TaskStackInfo.msg\n'}
[1.165584] (px4_msgs) StdoutLine: {'line': b'-- Up-to-date: /home/wei/fire_scout_ws/install/px4_msgs/share/px4_msgs/msg/TecsStatus.msg\n'}
[1.165786] (px4_msgs) StdoutLine: {'line': b'-- Up-to-date: /home/wei/fire_scout_ws/install/px4_msgs/share/px4_msgs/msg/TelemetryStatus.msg\n'}
[1.166018] (px4_msgs) StdoutLine: {'line': b'-- Up-to-date: /home/wei/fire_scout_ws/install/px4_msgs/share/px4_msgs/msg/TiltrotorExtraControls.msg\n'}
[1.166353] (px4_msgs) StdoutLine: {'line': b'-- Up-to-date: /home/wei/fire_scout_ws/install/px4_msgs/share/px4_msgs/msg/TimesyncStatus.msg\n'}
[1.166566] (px4_msgs) StdoutLine: {'line': b'-- Up-to-date: /home/wei/fire_scout_ws/install/px4_msgs/share/px4_msgs/msg/TrajectorySetpoint.msg\n'}
[1.166767] (px4_msgs) StdoutLine: {'line': b'-- Up-to-date: /home/wei/fire_scout_ws/install/px4_msgs/share/px4_msgs/msg/TrajectorySetpoint6dof.msg\n'}
[1.166997] (px4_msgs) StdoutLine: {'line': b'-- Up-to-date: /home/wei/fire_scout_ws/install/px4_msgs/share/px4_msgs/msg/TransponderReport.msg\n'}
[1.167338] (px4_msgs) StdoutLine: {'line': b'-- Up-to-date: /home/wei/fire_scout_ws/install/px4_msgs/share/px4_msgs/msg/TuneControl.msg\n'}
[1.167551] (px4_msgs) StdoutLine: {'line': b'-- Up-to-date: /home/wei/fire_scout_ws/install/px4_msgs/share/px4_msgs/msg/UavcanParameterRequest.msg\n'}
[1.167758] (px4_msgs) StdoutLine: {'line': b'-- Up-to-date: /home/wei/fire_scout_ws/install/px4_msgs/share/px4_msgs/msg/UavcanParameterValue.msg\n'}
[1.167993] (px4_msgs) StdoutLine: {'line': b'-- Up-to-date: /home/wei/fire_scout_ws/install/px4_msgs/share/px4_msgs/msg/UlogStream.msg\n'}
[1.168312] (px4_msgs) StdoutLine: {'line': b'-- Up-to-date: /home/wei/fire_scout_ws/install/px4_msgs/share/px4_msgs/msg/UlogStreamAck.msg\n'}
[1.168508] (px4_msgs) StdoutLine: {'line': b'-- Up-to-date: /home/wei/fire_scout_ws/install/px4_msgs/share/px4_msgs/msg/UnregisterExtComponent.msg\n'}
[1.168701] (px4_msgs) StdoutLine: {'line': b'-- Up-to-date: /home/wei/fire_scout_ws/install/px4_msgs/share/px4_msgs/msg/VehicleAcceleration.msg\n'}
[1.168941] (px4_msgs) StdoutLine: {'line': b'-- Up-to-date: /home/wei/fire_scout_ws/install/px4_msgs/share/px4_msgs/msg/VehicleAirData.msg\n'}
[1.169271] (px4_msgs) StdoutLine: {'line': b'-- Up-to-date: /home/wei/fire_scout_ws/install/px4_msgs/share/px4_msgs/msg/VehicleAngularAccelerationSetpoint.msg\n'}
[1.169460] (px4_msgs) StdoutLine: {'line': b'-- Up-to-date: /home/wei/fire_scout_ws/install/px4_msgs/share/px4_msgs/msg/VehicleAngularVelocity.msg\n'}
[1.169653] (px4_msgs) StdoutLine: {'line': b'-- Up-to-date: /home/wei/fire_scout_ws/install/px4_msgs/share/px4_msgs/msg/VehicleAttitude.msg\n'}
[1.169879] (px4_msgs) StdoutLine: {'line': b'-- Up-to-date: /home/wei/fire_scout_ws/install/px4_msgs/share/px4_msgs/msg/VehicleAttitudeSetpoint.msg\n'}
[1.170221] (px4_msgs) StdoutLine: {'line': b'-- Up-to-date: /home/wei/fire_scout_ws/install/px4_msgs/share/px4_msgs/msg/VehicleCommand.msg\n'}
[1.170571] (px4_msgs) StdoutLine: {'line': b'-- Up-to-date: /home/wei/fire_scout_ws/install/px4_msgs/share/px4_msgs/msg/VehicleCommandAck.msg\n'}
[1.170653] (px4_msgs) StdoutLine: {'line': b'-- Up-to-date: /home/wei/fire_scout_ws/install/px4_msgs/share/px4_msgs/msg/VehicleConstraints.msg\n'}
[1.170990] (px4_msgs) StdoutLine: {'line': b'-- Up-to-date: /home/wei/fire_scout_ws/install/px4_msgs/share/px4_msgs/msg/VehicleControlMode.msg\n'}
[1.171315] (px4_msgs) StdoutLine: {'line': b'-- Up-to-date: /home/wei/fire_scout_ws/install/px4_msgs/share/px4_msgs/msg/VehicleGlobalPosition.msg\n'}
[1.171708] (px4_msgs) StdoutLine: {'line': b'-- Up-to-date: /home/wei/fire_scout_ws/install/px4_msgs/share/px4_msgs/msg/VehicleImu.msg\n'}
[1.171972] (px4_msgs) StdoutLine: {'line': b'-- Up-to-date: /home/wei/fire_scout_ws/install/px4_msgs/share/px4_msgs/msg/VehicleImuStatus.msg\n'}
[1.172290] (px4_msgs) StdoutLine: {'line': b'-- Up-to-date: /home/wei/fire_scout_ws/install/px4_msgs/share/px4_msgs/msg/VehicleLandDetected.msg\n'}
[1.172604] (px4_msgs) StdoutLine: {'line': b'-- Up-to-date: /home/wei/fire_scout_ws/install/px4_msgs/share/px4_msgs/msg/VehicleLocalPosition.msg\n'}
[1.172851] (px4_msgs) StdoutLine: {'line': b'-- Up-to-date: /home/wei/fire_scout_ws/install/px4_msgs/share/px4_msgs/msg/VehicleLocalPositionSetpoint.msg\n'}
[1.173102] (px4_msgs) StdoutLine: {'line': b'-- Up-to-date: /home/wei/fire_scout_ws/install/px4_msgs/share/px4_msgs/msg/VehicleMagnetometer.msg\n'}
[1.173184] (px4_msgs) StdoutLine: {'line': b'-- Up-to-date: /home/wei/fire_scout_ws/install/px4_msgs/share/px4_msgs/msg/VehicleOdometry.msg\n'}
[1.173677] (px4_msgs) StdoutLine: {'line': b'-- Up-to-date: /home/wei/fire_scout_ws/install/px4_msgs/share/px4_msgs/msg/VehicleOpticalFlow.msg\n'}
[1.173818] (px4_msgs) StdoutLine: {'line': b'-- Up-to-date: /home/wei/fire_scout_ws/install/px4_msgs/share/px4_msgs/msg/VehicleOpticalFlowVel.msg\n'}
[1.174041] (px4_msgs) StdoutLine: {'line': b'-- Up-to-date: /home/wei/fire_scout_ws/install/px4_msgs/share/px4_msgs/msg/VehicleRatesSetpoint.msg\n'}
[1.174285] (px4_msgs) StdoutLine: {'line': b'-- Up-to-date: /home/wei/fire_scout_ws/install/px4_msgs/share/px4_msgs/msg/VehicleRoi.msg\n'}
[1.174709] (px4_msgs) StdoutLine: {'line': b'-- Up-to-date: /home/wei/fire_scout_ws/install/px4_msgs/share/px4_msgs/msg/VehicleStatus.msg\n'}
[1.174868] (px4_msgs) StdoutLine: {'line': b'-- Up-to-date: /home/wei/fire_scout_ws/install/px4_msgs/share/px4_msgs/msg/VehicleThrustSetpoint.msg\n'}
[1.175110] (px4_msgs) StdoutLine: {'line': b'-- Up-to-date: /home/wei/fire_scout_ws/install/px4_msgs/share/px4_msgs/msg/VehicleTorqueSetpoint.msg\n'}
[1.175393] (px4_msgs) StdoutLine: {'line': b'-- Up-to-date: /home/wei/fire_scout_ws/install/px4_msgs/share/px4_msgs/msg/VelocityLimits.msg\n'}
[1.175840] (px4_msgs) StdoutLine: {'line': b'-- Up-to-date: /home/wei/fire_scout_ws/install/px4_msgs/share/px4_msgs/msg/VtolVehicleStatus.msg\n'}
[1.176018] (px4_msgs) StdoutLine: {'line': b'-- Up-to-date: /home/wei/fire_scout_ws/install/px4_msgs/share/px4_msgs/msg/WheelEncoders.msg\n'}
[1.176248] (px4_msgs) StdoutLine: {'line': b'-- Up-to-date: /home/wei/fire_scout_ws/install/px4_msgs/share/px4_msgs/msg/Wind.msg\n'}
[1.176587] (px4_msgs) StdoutLine: {'line': b'-- Up-to-date: /home/wei/fire_scout_ws/install/px4_msgs/share/px4_msgs/msg/YawEstimatorStatus.msg\n'}
[1.177174] (px4_msgs) StdoutLine: {'line': b'-- Up-to-date: /home/wei/fire_scout_ws/install/px4_msgs/share/px4_msgs/srv/VehicleCommand.srv\n'}
[1.177592] (px4_msgs) StdoutLine: {'line': b'-- Up-to-date: /home/wei/fire_scout_ws/install/px4_msgs/share/px4_msgs/srv/VehicleCommand_Request.msg\n'}
[1.177634] (px4_msgs) StdoutLine: {'line': b'-- Up-to-date: /home/wei/fire_scout_ws/install/px4_msgs/share/px4_msgs/srv/VehicleCommand_Response.msg\n'}
[1.178128] (px4_msgs) StdoutLine: {'line': b'-- Up-to-date: /home/wei/fire_scout_ws/install/px4_msgs/share/ament_index/resource_index/package_run_dependencies/px4_msgs\n'}
[1.178250] (px4_msgs) StdoutLine: {'line': b'-- Up-to-date: /home/wei/fire_scout_ws/install/px4_msgs/share/ament_index/resource_index/parent_prefix_path/px4_msgs\n'}
[1.178608] (px4_msgs) StdoutLine: {'line': b'-- Up-to-date: /home/wei/fire_scout_ws/install/px4_msgs/share/px4_msgs/environment/ament_prefix_path.sh\n'}
[1.178868] (px4_msgs) StdoutLine: {'line': b'-- Up-to-date: /home/wei/fire_scout_ws/install/px4_msgs/share/px4_msgs/environment/ament_prefix_path.dsv\n'}
[1.179080] (px4_msgs) StdoutLine: {'line': b'-- Up-to-date: /home/wei/fire_scout_ws/install/px4_msgs/share/px4_msgs/environment/path.sh\n'}
[1.179279] (px4_msgs) StdoutLine: {'line': b'-- Up-to-date: /home/wei/fire_scout_ws/install/px4_msgs/share/px4_msgs/environment/path.dsv\n'}
[1.179698] (px4_msgs) StdoutLine: {'line': b'-- Up-to-date: /home/wei/fire_scout_ws/install/px4_msgs/share/px4_msgs/local_setup.bash\n'}
[1.179783] (px4_msgs) StdoutLine: {'line': b'-- Up-to-date: /home/wei/fire_scout_ws/install/px4_msgs/share/px4_msgs/local_setup.sh\n'}
[1.179922] (px4_msgs) StdoutLine: {'line': b'-- Up-to-date: /home/wei/fire_scout_ws/install/px4_msgs/share/px4_msgs/local_setup.zsh\n'}
[1.180307] (px4_msgs) StdoutLine: {'line': b'-- Up-to-date: /home/wei/fire_scout_ws/install/px4_msgs/share/px4_msgs/local_setup.dsv\n'}
[1.180491] (px4_msgs) StdoutLine: {'line': b'-- Installing: /home/wei/fire_scout_ws/install/px4_msgs/share/px4_msgs/package.dsv\n'}
[1.180815] (px4_msgs) StdoutLine: {'line': b'-- Up-to-date: /home/wei/fire_scout_ws/install/px4_msgs/share/ament_index/resource_index/packages/px4_msgs\n'}
[1.181080] (px4_msgs) StdoutLine: {'line': b'-- Up-to-date: /home/wei/fire_scout_ws/install/px4_msgs/share/px4_msgs/cmake/export_px4_msgs__rosidl_generator_cExport.cmake\n'}
[1.181477] (px4_msgs) StdoutLine: {'line': b'-- Up-to-date: /home/wei/fire_scout_ws/install/px4_msgs/share/px4_msgs/cmake/export_px4_msgs__rosidl_generator_cExport-noconfig.cmake\n'}
[1.181707] (px4_msgs) StdoutLine: {'line': b'-- Up-to-date: /home/wei/fire_scout_ws/install/px4_msgs/share/px4_msgs/cmake/export_px4_msgs__rosidl_typesupport_fastrtps_cExport.cmake\n'}
[1.181921] (px4_msgs) StdoutLine: {'line': b'-- Up-to-date: /home/wei/fire_scout_ws/install/px4_msgs/share/px4_msgs/cmake/export_px4_msgs__rosidl_typesupport_fastrtps_cExport-noconfig.cmake\n'}
[1.182189] (px4_msgs) StdoutLine: {'line': b'-- Up-to-date: /home/wei/fire_scout_ws/install/px4_msgs/share/px4_msgs/cmake/export_px4_msgs__rosidl_generator_cppExport.cmake\n'}
[1.182583] (px4_msgs) StdoutLine: {'line': b'-- Up-to-date: /home/wei/fire_scout_ws/install/px4_msgs/share/px4_msgs/cmake/export_px4_msgs__rosidl_typesupport_fastrtps_cppExport.cmake\n'}
[1.182827] (px4_msgs) StdoutLine: {'line': b'-- Up-to-date: /home/wei/fire_scout_ws/install/px4_msgs/share/px4_msgs/cmake/export_px4_msgs__rosidl_typesupport_fastrtps_cppExport-noconfig.cmake\n'}
[1.183031] (px4_msgs) StdoutLine: {'line': b'-- Up-to-date: /home/wei/fire_scout_ws/install/px4_msgs/share/px4_msgs/cmake/px4_msgs__rosidl_typesupport_introspection_cExport.cmake\n'}
[1.183268] (px4_msgs) StdoutLine: {'line': b'-- Up-to-date: /home/wei/fire_scout_ws/install/px4_msgs/share/px4_msgs/cmake/px4_msgs__rosidl_typesupport_introspection_cExport-noconfig.cmake\n'}
[1.183667] (px4_msgs) StdoutLine: {'line': b'-- Up-to-date: /home/wei/fire_scout_ws/install/px4_msgs/share/px4_msgs/cmake/px4_msgs__rosidl_typesupport_cExport.cmake\n'}
[1.184018] (px4_msgs) StdoutLine: {'line': b'-- Up-to-date: /home/wei/fire_scout_ws/install/px4_msgs/share/px4_msgs/cmake/px4_msgs__rosidl_typesupport_cExport-noconfig.cmake\n'}
[1.184105] (px4_msgs) StdoutLine: {'line': b'-- Up-to-date: /home/wei/fire_scout_ws/install/px4_msgs/share/px4_msgs/cmake/px4_msgs__rosidl_typesupport_introspection_cppExport.cmake\n'}
[1.184433] (px4_msgs) StdoutLine: {'line': b'-- Up-to-date: /home/wei/fire_scout_ws/install/px4_msgs/share/px4_msgs/cmake/px4_msgs__rosidl_typesupport_introspection_cppExport-noconfig.cmake\n'}
[1.184787] (px4_msgs) StdoutLine: {'line': b'-- Up-to-date: /home/wei/fire_scout_ws/install/px4_msgs/share/px4_msgs/cmake/px4_msgs__rosidl_typesupport_cppExport.cmake\n'}
[1.184990] (px4_msgs) StdoutLine: {'line': b'-- Up-to-date: /home/wei/fire_scout_ws/install/px4_msgs/share/px4_msgs/cmake/px4_msgs__rosidl_typesupport_cppExport-noconfig.cmake\n'}
[1.185222] (px4_msgs) StdoutLine: {'line': b'-- Up-to-date: /home/wei/fire_scout_ws/install/px4_msgs/share/px4_msgs/cmake/export_px4_msgs__rosidl_generator_pyExport.cmake\n'}
[1.185436] (px4_msgs) StdoutLine: {'line': b'-- Up-to-date: /home/wei/fire_scout_ws/install/px4_msgs/share/px4_msgs/cmake/export_px4_msgs__rosidl_generator_pyExport-noconfig.cmake\n'}
[1.185801] (px4_msgs) StdoutLine: {'line': b'-- Up-to-date: /home/wei/fire_scout_ws/install/px4_msgs/share/px4_msgs/cmake/rosidl_cmake-extras.cmake\n'}
[1.185977] (px4_msgs) StdoutLine: {'line': b'-- Up-to-date: /home/wei/fire_scout_ws/install/px4_msgs/share/px4_msgs/cmake/ament_cmake_export_dependencies-extras.cmake\n'}
[1.186178] (px4_msgs) StdoutLine: {'line': b'-- Up-to-date: /home/wei/fire_scout_ws/install/px4_msgs/share/px4_msgs/cmake/ament_cmake_export_include_directories-extras.cmake\n'}
[1.186420] (px4_msgs) StdoutLine: {'line': b'-- Up-to-date: /home/wei/fire_scout_ws/install/px4_msgs/share/px4_msgs/cmake/ament_cmake_export_libraries-extras.cmake\n'}
[1.186716] (px4_msgs) StdoutLine: {'line': b'-- Up-to-date: /home/wei/fire_scout_ws/install/px4_msgs/share/px4_msgs/cmake/ament_cmake_export_targets-extras.cmake\n'}
[1.186917] (px4_msgs) StdoutLine: {'line': b'-- Up-to-date: /home/wei/fire_scout_ws/install/px4_msgs/share/px4_msgs/cmake/rosidl_cmake_export_typesupport_targets-extras.cmake\n'}
[1.187082] (px4_msgs) StdoutLine: {'line': b'-- Up-to-date: /home/wei/fire_scout_ws/install/px4_msgs/share/px4_msgs/cmake/rosidl_cmake_export_typesupport_libraries-extras.cmake\n'}
[1.187313] (px4_msgs) StdoutLine: {'line': b'-- Up-to-date: /home/wei/fire_scout_ws/install/px4_msgs/share/px4_msgs/cmake/px4_msgsConfig.cmake\n'}
[1.187497] (px4_msgs) StdoutLine: {'line': b'-- Up-to-date: /home/wei/fire_scout_ws/install/px4_msgs/share/px4_msgs/cmake/px4_msgsConfig-version.cmake\n'}
[1.187686] (px4_msgs) StdoutLine: {'line': b'-- Up-to-date: /home/wei/fire_scout_ws/install/px4_msgs/share/px4_msgs/package.xml\n'}
[1.191043] (px4_msgs) CommandEnded: {'returncode': 0}
[1.201220] (-) TimerEvent: {}
[1.207242] (px4_msgs) JobEnded: {'identifier': 'px4_msgs', 'rc': 0}
[1.207768] (fire_scout_localization) JobStarted: {'identifier': 'fire_scout_localization'}
[1.210842] (fire_scout_planning_safe) JobStarted: {'identifier': 'fire_scout_planning_safe'}
[1.213163] (fire_scout_sensors) JobStarted: {'identifier': 'fire_scout_sensors'}
[1.215394] (fire_scout_control) JobStarted: {'identifier': 'fire_scout_control'}
[1.218304] (fire_scout_localization) JobProgress: {'identifier': 'fire_scout_localization', 'progress': 'cmake'}
[1.218877] (fire_scout_localization) JobProgress: {'identifier': 'fire_scout_localization', 'progress': 'build'}
[1.218892] (fire_scout_localization) Command: {'cmd': ['/usr/bin/cmake', '--build', '/home/wei/fire_scout_ws/build/fire_scout_localization', '--', '-j32', '-l32'], 'cwd': '/home/wei/fire_scout_ws/build/fire_scout_localization', 'env': OrderedDict([('GJS_DEBUG_TOPICS', 'JS ERROR;JS LOG'), ('LESSOPEN', '| /usr/bin/lesspipe %s'), ('LANGUAGE', 'zh_CN:en'), ('USER', 'wei'), ('LC_TIME', 'en_US.UTF-8'), ('XDG_SESSION_TYPE', 'wayland'), ('SHLVL', '1'), ('LD_LIBRARY_PATH', '/home/wei/fire_scout_ws/install/px4_msgs/lib:/opt/ros/humble/opt/rviz_ogre_vendor/lib:/opt/ros/humble/lib/x86_64-linux-gnu:/opt/ros/humble/lib'), ('HOME', '/home/wei'), ('OLDPWD', '/home/wei/fire_scout_ws'), ('DESKTOP_SESSION', 'ubuntu'), ('GIO_LAUNCHED_DESKTOP_FILE', '/usr/share/applications/terminator.desktop'), ('ROS_PYTHON_VERSION', '3'), ('GNOME_SHELL_SESSION_MODE', 'ubuntu'), ('GTK_MODULES', 'gail:atk-bridge'), ('LC_MONETARY', 'en_US.UTF-8'), ('MANAGERPID', '1353'), ('SYSTEMD_EXEC_PID', '1565'), ('DBUS_SESSION_BUS_ADDRESS', 'unix:path=/run/user/1000/bus'), ('COLORTERM', 'truecolor'), ('TERMINATOR_DBUS_NAME', 'net.tenshu.Terminator25ef4b219e3b005583550f2b0f9f990c3'), ('GIO_LAUNCHED_DESKTOP_FILE_PID', '751313'), ('IM_CONFIG_PHASE', '1'), ('WAYLAND_DISPLAY', 'wayland-0'), ('ROS_DISTRO', 'humble'), ('LOGNAME', 'wei'), ('JOURNAL_STREAM', '8:9374'), ('_', '/usr/bin/colcon'), ('ROS_VERSION', '2'), ('XDG_SESSION_CLASS', 'user'), ('USERNAME', 'wei'), ('TERM', 'xterm-256color'), ('GNOME_DESKTOP_SESSION_ID', 'this-is-deprecated'), ('ROS_LOCALHOST_ONLY', '0'), ('PATH', '/opt/ros/humble/bin:/home/wei/.local/bin:/usr/local/sbin:/usr/local/bin:/usr/sbin:/usr/bin:/sbin:/bin:/usr/games:/usr/local/games:/snap/bin:/snap/bin'), ('SESSION_MANAGER', 'local/wei:@/tmp/.ICE-unix/1528,unix/wei:/tmp/.ICE-unix/1528'), ('INVOCATION_ID', 'ed7428c5436e412e81e0d8a34a655579'), ('PAPERSIZE', 'letter'), ('XDG_MENU_PREFIX', 'gnome-'), ('LC_ADDRESS', 'en_US.UTF-8'), ('GNOME_SETUP_DISPLAY', ':1'), ('XDG_RUNTIME_DIR', '/run/user/1000'), ('DISPLAY', ':0'), ('TERMINATOR_DBUS_PATH', '/net/tenshu/Terminator2'), ('LANG', 'zh_CN.UTF-8'), ('XDG_CURRENT_DESKTOP', 'ubuntu:GNOME'), ('IBUS_DISABLE_SNOOPER', '1'), ('LC_TELEPHONE', 'en_US.UTF-8'), ('RMW_IMPLEMENTATION', 'rmw_cyclonedds_cpp'), ('XMODIFIERS', '@im=ibus'), ('XDG_SESSION_DESKTOP', 'ubuntu'), ('XAUTHORITY', '/run/user/1000/.mutter-Xwaylandauth.F875V3'), ('LS_COLORS', 'rs=0:di=01;34:ln=01;36:mh=00:pi=40;33:so=01;35:do=01;35:bd=40;33;01:cd=40;33;01:or=40;31;01:mi=00:su=37;41:sg=30;43:ca=30;41:tw=30;42:ow=34;42:st=37;44:ex=01;32:*.tar=01;31:*.tgz=01;31:*.arc=01;31:*.arj=01;31:*.taz=01;31:*.lha=01;31:*.lz4=01;31:*.lzh=01;31:*.lzma=01;31:*.tlz=01;31:*.txz=01;31:*.tzo=01;31:*.t7z=01;31:*.zip=01;31:*.z=01;31:*.dz=01;31:*.gz=01;31:*.lrz=01;31:*.lz=01;31:*.lzo=01;31:*.xz=01;31:*.zst=01;31:*.tzst=01;31:*.bz2=01;31:*.bz=01;31:*.tbz=01;31:*.tbz2=01;31:*.tz=01;31:*.deb=01;31:*.rpm=01;31:*.jar=01;31:*.war=01;31:*.ear=01;31:*.sar=01;31:*.rar=01;31:*.alz=01;31:*.ace=01;31:*.zoo=01;31:*.cpio=01;31:*.7z=01;31:*.rz=01;31:*.cab=01;31:*.wim=01;31:*.swm=01;31:*.dwm=01;31:*.esd=01;31:*.jpg=01;35:*.jpeg=01;35:*.mjpg=01;35:*.mjpeg=01;35:*.gif=01;35:*.bmp=01;35:*.pbm=01;35:*.pgm=01;35:*.ppm=01;35:*.tga=01;35:*.xbm=01;35:*.xpm=01;35:*.tif=01;35:*.tiff=01;35:*.png=01;35:*.svg=01;35:*.svgz=01;35:*.mng=01;35:*.pcx=01;35:*.mov=01;35:*.mpg=01;35:*.mpeg=01;35:*.m2v=01;35:*.mkv=01;35:*.webm=01;35:*.webp=01;35:*.ogm=01;35:*.mp4=01;35:*.m4v=01;35:*.mp4v=01;35:*.vob=01;35:*.qt=01;35:*.nuv=01;35:*.wmv=01;35:*.asf=01;35:*.rm=01;35:*.rmvb=01;35:*.flc=01;35:*.avi=01;35:*.fli=01;35:*.flv=01;35:*.gl=01;35:*.dl=01;35:*.xcf=01;35:*.xwd=01;35:*.yuv=01;35:*.cgm=01;35:*.emf=01;35:*.ogv=01;35:*.ogx=01;35:*.aac=00;36:*.au=00;36:*.flac=00;36:*.m4a=00;36:*.mid=00;36:*.midi=00;36:*.mka=00;36:*.mp3=00;36:*.mpc=00;36:*.ogg=00;36:*.ra=00;36:*.wav=00;36:*.oga=00;36:*.opus=00;36:*.spx=00;36:*.xspf=00;36:'), ('SSH_AGENT_LAUNCHER', 'gnome-keyring'), ('SSH_AUTH_SOCK', '/run/user/1000/keyring/ssh'), ('AMENT_PREFIX_PATH', '/home/wei/fire_scout_ws/install/px4_msgs:/opt/ros/humble'), ('SHELL', '/bin/bash'), ('LC_NAME', 'en_US.UTF-8'), ('TERMINATOR_UUID', 'urn:uuid:fca43956-d007-4aaf-9558-4a21fbf7314a'), ('QT_ACCESSIBILITY', '1'), ('GDMSESSION', 'ubuntu'), ('LESSCLOSE', '/usr/bin/lesspipe %s %s'), ('LC_MEASUREMENT', 'en_US.UTF-8'), ('GJS_DEBUG_OUTPUT', 'stderr'), ('LC_IDENTIFICATION', 'en_US.UTF-8'), ('GZ_VERSION', 'harmonic'), ('QT_IM_MODULE', 'ibus'), ('PWD', '/home/wei/fire_scout_ws/build/fire_scout_localization'), ('LC_ALL', 'en_US.UTF-8'), ('XDG_CONFIG_DIRS', '/etc/xdg/xdg-ubuntu:/etc/xdg'), ('XDG_DATA_DIRS', '/usr/share/ubuntu:/home/wei/.local/share/flatpak/exports/share:/var/lib/flatpak/exports/share:/usr/local/share/:/usr/share/:/var/lib/snapd/desktop'), ('PYTHONPATH', '/home/wei/fire_scout_ws/install/px4_msgs/local/lib/python3.10/dist-packages:/opt/ros/humble/lib/python3.10/site-packages:/opt/ros/humble/local/lib/python3.10/dist-packages'), ('LC_NUMERIC', 'en_US.UTF-8'), ('LC_PAPER', 'en_US.UTF-8'), ('COLCON', '1'), ('VTE_VERSION', '6800'), ('CMAKE_PREFIX_PATH', '/home/wei/fire_scout_ws/install/px4_msgs:/opt/ros/humble')]), 'shell': False}
[1.220189] (fire_scout_planning_safe) JobProgress: {'identifier': 'fire_scout_planning_safe', 'progress': 'cmake'}
[1.220525] (fire_scout_planning_safe) JobProgress: {'identifier': 'fire_scout_planning_safe', 'progress': 'build'}
[1.220748] (fire_scout_planning_safe) Command: {'cmd': ['/usr/bin/cmake', '--build', '/home/wei/fire_scout_ws/build/fire_scout_planning_safe', '--', '-j32', '-l32'], 'cwd': '/home/wei/fire_scout_ws/build/fire_scout_planning_safe', 'env': OrderedDict([('GJS_DEBUG_TOPICS', 'JS ERROR;JS LOG'), ('LESSOPEN', '| /usr/bin/lesspipe %s'), ('LANGUAGE', 'zh_CN:en'), ('USER', 'wei'), ('LC_TIME', 'en_US.UTF-8'), ('XDG_SESSION_TYPE', 'wayland'), ('SHLVL', '1'), ('LD_LIBRARY_PATH', '/home/wei/fire_scout_ws/install/px4_msgs/lib:/opt/ros/humble/opt/rviz_ogre_vendor/lib:/opt/ros/humble/lib/x86_64-linux-gnu:/opt/ros/humble/lib'), ('HOME', '/home/wei'), ('OLDPWD', '/home/wei/fire_scout_ws'), ('DESKTOP_SESSION', 'ubuntu'), ('GIO_LAUNCHED_DESKTOP_FILE', '/usr/share/applications/terminator.desktop'), ('ROS_PYTHON_VERSION', '3'), ('GNOME_SHELL_SESSION_MODE', 'ubuntu'), ('GTK_MODULES', 'gail:atk-bridge'), ('LC_MONETARY', 'en_US.UTF-8'), ('MANAGERPID', '1353'), ('SYSTEMD_EXEC_PID', '1565'), ('DBUS_SESSION_BUS_ADDRESS', 'unix:path=/run/user/1000/bus'), ('COLORTERM', 'truecolor'), ('TERMINATOR_DBUS_NAME', 'net.tenshu.Terminator25ef4b219e3b005583550f2b0f9f990c3'), ('GIO_LAUNCHED_DESKTOP_FILE_PID', '751313'), ('IM_CONFIG_PHASE', '1'), ('WAYLAND_DISPLAY', 'wayland-0'), ('ROS_DISTRO', 'humble'), ('LOGNAME', 'wei'), ('JOURNAL_STREAM', '8:9374'), ('_', '/usr/bin/colcon'), ('ROS_VERSION', '2'), ('XDG_SESSION_CLASS', 'user'), ('USERNAME', 'wei'), ('TERM', 'xterm-256color'), ('GNOME_DESKTOP_SESSION_ID', 'this-is-deprecated'), ('ROS_LOCALHOST_ONLY', '0'), ('PATH', '/opt/ros/humble/bin:/home/wei/.local/bin:/usr/local/sbin:/usr/local/bin:/usr/sbin:/usr/bin:/sbin:/bin:/usr/games:/usr/local/games:/snap/bin:/snap/bin'), ('SESSION_MANAGER', 'local/wei:@/tmp/.ICE-unix/1528,unix/wei:/tmp/.ICE-unix/1528'), ('INVOCATION_ID', 'ed7428c5436e412e81e0d8a34a655579'), ('PAPERSIZE', 'letter'), ('XDG_MENU_PREFIX', 'gnome-'), ('LC_ADDRESS', 'en_US.UTF-8'), ('GNOME_SETUP_DISPLAY', ':1'), ('XDG_RUNTIME_DIR', '/run/user/1000'), ('DISPLAY', ':0'), ('TERMINATOR_DBUS_PATH', '/net/tenshu/Terminator2'), ('LANG', 'zh_CN.UTF-8'), ('XDG_CURRENT_DESKTOP', 'ubuntu:GNOME'), ('IBUS_DISABLE_SNOOPER', '1'), ('LC_TELEPHONE', 'en_US.UTF-8'), ('RMW_IMPLEMENTATION', 'rmw_cyclonedds_cpp'), ('XMODIFIERS', '@im=ibus'), ('XDG_SESSION_DESKTOP', 'ubuntu'), ('XAUTHORITY', '/run/user/1000/.mutter-Xwaylandauth.F875V3'), ('LS_COLORS', 'rs=0:di=01;34:ln=01;36:mh=00:pi=40;33:so=01;35:do=01;35:bd=40;33;01:cd=40;33;01:or=40;31;01:mi=00:su=37;41:sg=30;43:ca=30;41:tw=30;42:ow=34;42:st=37;44:ex=01;32:*.tar=01;31:*.tgz=01;31:*.arc=01;31:*.arj=01;31:*.taz=01;31:*.lha=01;31:*.lz4=01;31:*.lzh=01;31:*.lzma=01;31:*.tlz=01;31:*.txz=01;31:*.tzo=01;31:*.t7z=01;31:*.zip=01;31:*.z=01;31:*.dz=01;31:*.gz=01;31:*.lrz=01;31:*.lz=01;31:*.lzo=01;31:*.xz=01;31:*.zst=01;31:*.tzst=01;31:*.bz2=01;31:*.bz=01;31:*.tbz=01;31:*.tbz2=01;31:*.tz=01;31:*.deb=01;31:*.rpm=01;31:*.jar=01;31:*.war=01;31:*.ear=01;31:*.sar=01;31:*.rar=01;31:*.alz=01;31:*.ace=01;31:*.zoo=01;31:*.cpio=01;31:*.7z=01;31:*.rz=01;31:*.cab=01;31:*.wim=01;31:*.swm=01;31:*.dwm=01;31:*.esd=01;31:*.jpg=01;35:*.jpeg=01;35:*.mjpg=01;35:*.mjpeg=01;35:*.gif=01;35:*.bmp=01;35:*.pbm=01;35:*.pgm=01;35:*.ppm=01;35:*.tga=01;35:*.xbm=01;35:*.xpm=01;35:*.tif=01;35:*.tiff=01;35:*.png=01;35:*.svg=01;35:*.svgz=01;35:*.mng=01;35:*.pcx=01;35:*.mov=01;35:*.mpg=01;35:*.mpeg=01;35:*.m2v=01;35:*.mkv=01;35:*.webm=01;35:*.webp=01;35:*.ogm=01;35:*.mp4=01;35:*.m4v=01;35:*.mp4v=01;35:*.vob=01;35:*.qt=01;35:*.nuv=01;35:*.wmv=01;35:*.asf=01;35:*.rm=01;35:*.rmvb=01;35:*.flc=01;35:*.avi=01;35:*.fli=01;35:*.flv=01;35:*.gl=01;35:*.dl=01;35:*.xcf=01;35:*.xwd=01;35:*.yuv=01;35:*.cgm=01;35:*.emf=01;35:*.ogv=01;35:*.ogx=01;35:*.aac=00;36:*.au=00;36:*.flac=00;36:*.m4a=00;36:*.mid=00;36:*.midi=00;36:*.mka=00;36:*.mp3=00;36:*.mpc=00;36:*.ogg=00;36:*.ra=00;36:*.wav=00;36:*.oga=00;36:*.opus=00;36:*.spx=00;36:*.xspf=00;36:'), ('SSH_AGENT_LAUNCHER', 'gnome-keyring'), ('SSH_AUTH_SOCK', '/run/user/1000/keyring/ssh'), ('AMENT_PREFIX_PATH', '/home/wei/fire_scout_ws/install/px4_msgs:/opt/ros/humble'), ('SHELL', '/bin/bash'), ('LC_NAME', 'en_US.UTF-8'), ('TERMINATOR_UUID', 'urn:uuid:fca43956-d007-4aaf-9558-4a21fbf7314a'), ('QT_ACCESSIBILITY', '1'), ('GDMSESSION', 'ubuntu'), ('LESSCLOSE', '/usr/bin/lesspipe %s %s'), ('LC_MEASUREMENT', 'en_US.UTF-8'), ('GJS_DEBUG_OUTPUT', 'stderr'), ('LC_IDENTIFICATION', 'en_US.UTF-8'), ('GZ_VERSION', 'harmonic'), ('QT_IM_MODULE', 'ibus'), ('PWD', '/home/wei/fire_scout_ws/build/fire_scout_planning_safe'), ('LC_ALL', 'en_US.UTF-8'), ('XDG_CONFIG_DIRS', '/etc/xdg/xdg-ubuntu:/etc/xdg'), ('XDG_DATA_DIRS', '/usr/share/ubuntu:/home/wei/.local/share/flatpak/exports/share:/var/lib/flatpak/exports/share:/usr/local/share/:/usr/share/:/var/lib/snapd/desktop'), ('PYTHONPATH', '/home/wei/fire_scout_ws/install/px4_msgs/local/lib/python3.10/dist-packages:/opt/ros/humble/lib/python3.10/site-packages:/opt/ros/humble/local/lib/python3.10/dist-packages'), ('LC_NUMERIC', 'en_US.UTF-8'), ('LC_PAPER', 'en_US.UTF-8'), ('COLCON', '1'), ('VTE_VERSION', '6800'), ('CMAKE_PREFIX_PATH', '/home/wei/fire_scout_ws/install/px4_msgs:/opt/ros/humble')]), 'shell': False}
[1.226513] (fire_scout_sensors) JobProgress: {'identifier': 'fire_scout_sensors', 'progress': 'cmake'}
[1.226838] (fire_scout_sensors) JobProgress: {'identifier': 'fire_scout_sensors', 'progress': 'build'}
[1.227058] (fire_scout_sensors) Command: {'cmd': ['/usr/bin/cmake', '--build', '/home/wei/fire_scout_ws/build/fire_scout_sensors', '--', '-j32', '-l32'], 'cwd': '/home/wei/fire_scout_ws/build/fire_scout_sensors', 'env': OrderedDict([('GJS_DEBUG_TOPICS', 'JS ERROR;JS LOG'), ('LESSOPEN', '| /usr/bin/lesspipe %s'), ('LANGUAGE', 'zh_CN:en'), ('USER', 'wei'), ('LC_TIME', 'en_US.UTF-8'), ('XDG_SESSION_TYPE', 'wayland'), ('SHLVL', '1'), ('LD_LIBRARY_PATH', '/home/wei/fire_scout_ws/install/px4_msgs/lib:/opt/ros/humble/opt/rviz_ogre_vendor/lib:/opt/ros/humble/lib/x86_64-linux-gnu:/opt/ros/humble/lib'), ('HOME', '/home/wei'), ('OLDPWD', '/home/wei/fire_scout_ws'), ('DESKTOP_SESSION', 'ubuntu'), ('GIO_LAUNCHED_DESKTOP_FILE', '/usr/share/applications/terminator.desktop'), ('ROS_PYTHON_VERSION', '3'), ('GNOME_SHELL_SESSION_MODE', 'ubuntu'), ('GTK_MODULES', 'gail:atk-bridge'), ('LC_MONETARY', 'en_US.UTF-8'), ('MANAGERPID', '1353'), ('SYSTEMD_EXEC_PID', '1565'), ('DBUS_SESSION_BUS_ADDRESS', 'unix:path=/run/user/1000/bus'), ('COLORTERM', 'truecolor'), ('TERMINATOR_DBUS_NAME', 'net.tenshu.Terminator25ef4b219e3b005583550f2b0f9f990c3'), ('GIO_LAUNCHED_DESKTOP_FILE_PID', '751313'), ('IM_CONFIG_PHASE', '1'), ('WAYLAND_DISPLAY', 'wayland-0'), ('ROS_DISTRO', 'humble'), ('LOGNAME', 'wei'), ('JOURNAL_STREAM', '8:9374'), ('_', '/usr/bin/colcon'), ('ROS_VERSION', '2'), ('XDG_SESSION_CLASS', 'user'), ('USERNAME', 'wei'), ('TERM', 'xterm-256color'), ('GNOME_DESKTOP_SESSION_ID', 'this-is-deprecated'), ('ROS_LOCALHOST_ONLY', '0'), ('PATH', '/opt/ros/humble/bin:/home/wei/.local/bin:/usr/local/sbin:/usr/local/bin:/usr/sbin:/usr/bin:/sbin:/bin:/usr/games:/usr/local/games:/snap/bin:/snap/bin'), ('SESSION_MANAGER', 'local/wei:@/tmp/.ICE-unix/1528,unix/wei:/tmp/.ICE-unix/1528'), ('INVOCATION_ID', 'ed7428c5436e412e81e0d8a34a655579'), ('PAPERSIZE', 'letter'), ('XDG_MENU_PREFIX', 'gnome-'), ('LC_ADDRESS', 'en_US.UTF-8'), ('GNOME_SETUP_DISPLAY', ':1'), ('XDG_RUNTIME_DIR', '/run/user/1000'), ('DISPLAY', ':0'), ('TERMINATOR_DBUS_PATH', '/net/tenshu/Terminator2'), ('LANG', 'zh_CN.UTF-8'), ('XDG_CURRENT_DESKTOP', 'ubuntu:GNOME'), ('IBUS_DISABLE_SNOOPER', '1'), ('LC_TELEPHONE', 'en_US.UTF-8'), ('RMW_IMPLEMENTATION', 'rmw_cyclonedds_cpp'), ('XMODIFIERS', '@im=ibus'), ('XDG_SESSION_DESKTOP', 'ubuntu'), ('XAUTHORITY', '/run/user/1000/.mutter-Xwaylandauth.F875V3'), ('LS_COLORS', 'rs=0:di=01;34:ln=01;36:mh=00:pi=40;33:so=01;35:do=01;35:bd=40;33;01:cd=40;33;01:or=40;31;01:mi=00:su=37;41:sg=30;43:ca=30;41:tw=30;42:ow=34;42:st=37;44:ex=01;32:*.tar=01;31:*.tgz=01;31:*.arc=01;31:*.arj=01;31:*.taz=01;31:*.lha=01;31:*.lz4=01;31:*.lzh=01;31:*.lzma=01;31:*.tlz=01;31:*.txz=01;31:*.tzo=01;31:*.t7z=01;31:*.zip=01;31:*.z=01;31:*.dz=01;31:*.gz=01;31:*.lrz=01;31:*.lz=01;31:*.lzo=01;31:*.xz=01;31:*.zst=01;31:*.tzst=01;31:*.bz2=01;31:*.bz=01;31:*.tbz=01;31:*.tbz2=01;31:*.tz=01;31:*.deb=01;31:*.rpm=01;31:*.jar=01;31:*.war=01;31:*.ear=01;31:*.sar=01;31:*.rar=01;31:*.alz=01;31:*.ace=01;31:*.zoo=01;31:*.cpio=01;31:*.7z=01;31:*.rz=01;31:*.cab=01;31:*.wim=01;31:*.swm=01;31:*.dwm=01;31:*.esd=01;31:*.jpg=01;35:*.jpeg=01;35:*.mjpg=01;35:*.mjpeg=01;35:*.gif=01;35:*.bmp=01;35:*.pbm=01;35:*.pgm=01;35:*.ppm=01;35:*.tga=01;35:*.xbm=01;35:*.xpm=01;35:*.tif=01;35:*.tiff=01;35:*.png=01;35:*.svg=01;35:*.svgz=01;35:*.mng=01;35:*.pcx=01;35:*.mov=01;35:*.mpg=01;35:*.mpeg=01;35:*.m2v=01;35:*.mkv=01;35:*.webm=01;35:*.webp=01;35:*.ogm=01;35:*.mp4=01;35:*.m4v=01;35:*.mp4v=01;35:*.vob=01;35:*.qt=01;35:*.nuv=01;35:*.wmv=01;35:*.asf=01;35:*.rm=01;35:*.rmvb=01;35:*.flc=01;35:*.avi=01;35:*.fli=01;35:*.flv=01;35:*.gl=01;35:*.dl=01;35:*.xcf=01;35:*.xwd=01;35:*.yuv=01;35:*.cgm=01;35:*.emf=01;35:*.ogv=01;35:*.ogx=01;35:*.aac=00;36:*.au=00;36:*.flac=00;36:*.m4a=00;36:*.mid=00;36:*.midi=00;36:*.mka=00;36:*.mp3=00;36:*.mpc=00;36:*.ogg=00;36:*.ra=00;36:*.wav=00;36:*.oga=00;36:*.opus=00;36:*.spx=00;36:*.xspf=00;36:'), ('SSH_AGENT_LAUNCHER', 'gnome-keyring'), ('SSH_AUTH_SOCK', '/run/user/1000/keyring/ssh'), ('AMENT_PREFIX_PATH', '/home/wei/fire_scout_ws/install/px4_msgs:/opt/ros/humble'), ('SHELL', '/bin/bash'), ('LC_NAME', 'en_US.UTF-8'), ('TERMINATOR_UUID', 'urn:uuid:fca43956-d007-4aaf-9558-4a21fbf7314a'), ('QT_ACCESSIBILITY', '1'), ('GDMSESSION', 'ubuntu'), ('LESSCLOSE', '/usr/bin/lesspipe %s %s'), ('LC_MEASUREMENT', 'en_US.UTF-8'), ('GJS_DEBUG_OUTPUT', 'stderr'), ('LC_IDENTIFICATION', 'en_US.UTF-8'), ('GZ_VERSION', 'harmonic'), ('QT_IM_MODULE', 'ibus'), ('PWD', '/home/wei/fire_scout_ws/build/fire_scout_sensors'), ('LC_ALL', 'en_US.UTF-8'), ('XDG_CONFIG_DIRS', '/etc/xdg/xdg-ubuntu:/etc/xdg'), ('XDG_DATA_DIRS', '/usr/share/ubuntu:/home/wei/.local/share/flatpak/exports/share:/var/lib/flatpak/exports/share:/usr/local/share/:/usr/share/:/var/lib/snapd/desktop'), ('PYTHONPATH', '/home/wei/fire_scout_ws/install/px4_msgs/local/lib/python3.10/dist-packages:/opt/ros/humble/lib/python3.10/site-packages:/opt/ros/humble/local/lib/python3.10/dist-packages'), ('LC_NUMERIC', 'en_US.UTF-8'), ('LC_PAPER', 'en_US.UTF-8'), ('COLCON', '1'), ('VTE_VERSION', '6800'), ('CMAKE_PREFIX_PATH', '/home/wei/fire_scout_ws/install/px4_msgs:/opt/ros/humble')]), 'shell': False}
[1.228246] (fire_scout_control) JobProgress: {'identifier': 'fire_scout_control', 'progress': 'cmake'}
[1.228544] (fire_scout_control) JobProgress: {'identifier': 'fire_scout_control', 'progress': 'build'}
[1.228749] (fire_scout_control) Command: {'cmd': ['/usr/bin/cmake', '--build', '/home/wei/fire_scout_ws/build/fire_scout_control', '--', '-j32', '-l32'], 'cwd': '/home/wei/fire_scout_ws/build/fire_scout_control', 'env': OrderedDict([('GJS_DEBUG_TOPICS', 'JS ERROR;JS LOG'), ('LESSOPEN', '| /usr/bin/lesspipe %s'), ('LANGUAGE', 'zh_CN:en'), ('USER', 'wei'), ('LC_TIME', 'en_US.UTF-8'), ('XDG_SESSION_TYPE', 'wayland'), ('SHLVL', '1'), ('LD_LIBRARY_PATH', '/home/wei/fire_scout_ws/install/px4_msgs/lib:/opt/ros/humble/opt/rviz_ogre_vendor/lib:/opt/ros/humble/lib/x86_64-linux-gnu:/opt/ros/humble/lib'), ('HOME', '/home/wei'), ('OLDPWD', '/home/wei/fire_scout_ws'), ('DESKTOP_SESSION', 'ubuntu'), ('GIO_LAUNCHED_DESKTOP_FILE', '/usr/share/applications/terminator.desktop'), ('ROS_PYTHON_VERSION', '3'), ('GNOME_SHELL_SESSION_MODE', 'ubuntu'), ('GTK_MODULES', 'gail:atk-bridge'), ('LC_MONETARY', 'en_US.UTF-8'), ('MANAGERPID', '1353'), ('SYSTEMD_EXEC_PID', '1565'), ('DBUS_SESSION_BUS_ADDRESS', 'unix:path=/run/user/1000/bus'), ('COLORTERM', 'truecolor'), ('TERMINATOR_DBUS_NAME', 'net.tenshu.Terminator25ef4b219e3b005583550f2b0f9f990c3'), ('GIO_LAUNCHED_DESKTOP_FILE_PID', '751313'), ('IM_CONFIG_PHASE', '1'), ('WAYLAND_DISPLAY', 'wayland-0'), ('ROS_DISTRO', 'humble'), ('LOGNAME', 'wei'), ('JOURNAL_STREAM', '8:9374'), ('_', '/usr/bin/colcon'), ('ROS_VERSION', '2'), ('XDG_SESSION_CLASS', 'user'), ('USERNAME', 'wei'), ('TERM', 'xterm-256color'), ('GNOME_DESKTOP_SESSION_ID', 'this-is-deprecated'), ('ROS_LOCALHOST_ONLY', '0'), ('PATH', '/opt/ros/humble/bin:/home/wei/.local/bin:/usr/local/sbin:/usr/local/bin:/usr/sbin:/usr/bin:/sbin:/bin:/usr/games:/usr/local/games:/snap/bin:/snap/bin'), ('SESSION_MANAGER', 'local/wei:@/tmp/.ICE-unix/1528,unix/wei:/tmp/.ICE-unix/1528'), ('INVOCATION_ID', 'ed7428c5436e412e81e0d8a34a655579'), ('PAPERSIZE', 'letter'), ('XDG_MENU_PREFIX', 'gnome-'), ('LC_ADDRESS', 'en_US.UTF-8'), ('GNOME_SETUP_DISPLAY', ':1'), ('XDG_RUNTIME_DIR', '/run/user/1000'), ('DISPLAY', ':0'), ('TERMINATOR_DBUS_PATH', '/net/tenshu/Terminator2'), ('LANG', 'zh_CN.UTF-8'), ('XDG_CURRENT_DESKTOP', 'ubuntu:GNOME'), ('IBUS_DISABLE_SNOOPER', '1'), ('LC_TELEPHONE', 'en_US.UTF-8'), ('RMW_IMPLEMENTATION', 'rmw_cyclonedds_cpp'), ('XMODIFIERS', '@im=ibus'), ('XDG_SESSION_DESKTOP', 'ubuntu'), ('XAUTHORITY', '/run/user/1000/.mutter-Xwaylandauth.F875V3'), ('LS_COLORS', 'rs=0:di=01;34:ln=01;36:mh=00:pi=40;33:so=01;35:do=01;35:bd=40;33;01:cd=40;33;01:or=40;31;01:mi=00:su=37;41:sg=30;43:ca=30;41:tw=30;42:ow=34;42:st=37;44:ex=01;32:*.tar=01;31:*.tgz=01;31:*.arc=01;31:*.arj=01;31:*.taz=01;31:*.lha=01;31:*.lz4=01;31:*.lzh=01;31:*.lzma=01;31:*.tlz=01;31:*.txz=01;31:*.tzo=01;31:*.t7z=01;31:*.zip=01;31:*.z=01;31:*.dz=01;31:*.gz=01;31:*.lrz=01;31:*.lz=01;31:*.lzo=01;31:*.xz=01;31:*.zst=01;31:*.tzst=01;31:*.bz2=01;31:*.bz=01;31:*.tbz=01;31:*.tbz2=01;31:*.tz=01;31:*.deb=01;31:*.rpm=01;31:*.jar=01;31:*.war=01;31:*.ear=01;31:*.sar=01;31:*.rar=01;31:*.alz=01;31:*.ace=01;31:*.zoo=01;31:*.cpio=01;31:*.7z=01;31:*.rz=01;31:*.cab=01;31:*.wim=01;31:*.swm=01;31:*.dwm=01;31:*.esd=01;31:*.jpg=01;35:*.jpeg=01;35:*.mjpg=01;35:*.mjpeg=01;35:*.gif=01;35:*.bmp=01;35:*.pbm=01;35:*.pgm=01;35:*.ppm=01;35:*.tga=01;35:*.xbm=01;35:*.xpm=01;35:*.tif=01;35:*.tiff=01;35:*.png=01;35:*.svg=01;35:*.svgz=01;35:*.mng=01;35:*.pcx=01;35:*.mov=01;35:*.mpg=01;35:*.mpeg=01;35:*.m2v=01;35:*.mkv=01;35:*.webm=01;35:*.webp=01;35:*.ogm=01;35:*.mp4=01;35:*.m4v=01;35:*.mp4v=01;35:*.vob=01;35:*.qt=01;35:*.nuv=01;35:*.wmv=01;35:*.asf=01;35:*.rm=01;35:*.rmvb=01;35:*.flc=01;35:*.avi=01;35:*.fli=01;35:*.flv=01;35:*.gl=01;35:*.dl=01;35:*.xcf=01;35:*.xwd=01;35:*.yuv=01;35:*.cgm=01;35:*.emf=01;35:*.ogv=01;35:*.ogx=01;35:*.aac=00;36:*.au=00;36:*.flac=00;36:*.m4a=00;36:*.mid=00;36:*.midi=00;36:*.mka=00;36:*.mp3=00;36:*.mpc=00;36:*.ogg=00;36:*.ra=00;36:*.wav=00;36:*.oga=00;36:*.opus=00;36:*.spx=00;36:*.xspf=00;36:'), ('SSH_AGENT_LAUNCHER', 'gnome-keyring'), ('SSH_AUTH_SOCK', '/run/user/1000/keyring/ssh'), ('AMENT_PREFIX_PATH', '/home/wei/fire_scout_ws/install/px4_msgs:/opt/ros/humble'), ('SHELL', '/bin/bash'), ('LC_NAME', 'en_US.UTF-8'), ('TERMINATOR_UUID', 'urn:uuid:fca43956-d007-4aaf-9558-4a21fbf7314a'), ('QT_ACCESSIBILITY', '1'), ('GDMSESSION', 'ubuntu'), ('LESSCLOSE', '/usr/bin/lesspipe %s %s'), ('LC_MEASUREMENT', 'en_US.UTF-8'), ('GJS_DEBUG_OUTPUT', 'stderr'), ('LC_IDENTIFICATION', 'en_US.UTF-8'), ('GZ_VERSION', 'harmonic'), ('QT_IM_MODULE', 'ibus'), ('PWD', '/home/wei/fire_scout_ws/build/fire_scout_control'), ('LC_ALL', 'en_US.UTF-8'), ('XDG_CONFIG_DIRS', '/etc/xdg/xdg-ubuntu:/etc/xdg'), ('XDG_DATA_DIRS', '/usr/share/ubuntu:/home/wei/.local/share/flatpak/exports/share:/var/lib/flatpak/exports/share:/usr/local/share/:/usr/share/:/var/lib/snapd/desktop'), ('PYTHONPATH', '/home/wei/fire_scout_ws/install/px4_msgs/local/lib/python3.10/dist-packages:/opt/ros/humble/lib/python3.10/site-packages:/opt/ros/humble/local/lib/python3.10/dist-packages'), ('LC_NUMERIC', 'en_US.UTF-8'), ('LC_PAPER', 'en_US.UTF-8'), ('COLCON', '1'), ('VTE_VERSION', '6800'), ('CMAKE_PREFIX_PATH', '/home/wei/fire_scout_ws/install/px4_msgs:/opt/ros/humble')]), 'shell': False}
[1.244650] (fire_scout_planning_safe) StdoutLine: {'line': b'-- Fire Scout 2.0.1: building mapping, fusion, planning and follower ROS nodes\n'}
[1.246315] (fire_scout_planning_safe) StdoutLine: {'line': b'-- Found ament_cmake: 1.3.14 (/opt/ros/humble/share/ament_cmake/cmake)\n'}
[1.253867] (fire_scout_localization) StdoutLine: {'line': b'\x1b[35m\x1b[1mConsolidate compiler generated dependencies of target px4_odom_adapter\x1b[0m\n'}
[1.263801] (fire_scout_control) StdoutLine: {'line': b'\x1b[35m\x1b[1mConsolidate compiler generated dependencies of target scout_takeoff\x1b[0m\n'}
[1.263966] (fire_scout_sensors) StdoutLine: {'line': b'\x1b[35m\x1b[1mConsolidate compiler generated dependencies of target ultrasonic_to_px4\x1b[0m\n'}
[1.264060] (fire_scout_sensors) StdoutLine: {'line': b'\x1b[35m\x1b[1mConsolidate compiler generated dependencies of target mmwave_enricher\x1b[0m\n'}
[1.264135] (fire_scout_control) StdoutLine: {'line': b'\x1b[35m\x1b[1mConsolidate compiler generated dependencies of target scout_enter_window\x1b[0m\n'}
[1.264616] (fire_scout_control) StdoutLine: {'line': b'\x1b[35m\x1b[1mConsolidate compiler generated dependencies of target entrance_wall_search\x1b[0m\n'}
[1.273156] (fire_scout_localization) StdoutLine: {'line': b'[100%] Built target px4_odom_adapter\n'}
[1.281732] (fire_scout_control) StdoutLine: {'line': b'[ 66%] Built target scout_takeoff\n'}
[1.282015] (fire_scout_control) StdoutLine: {'line': b'[ 66%] Built target scout_enter_window\n'}
[1.283887] (fire_scout_sensors) StdoutLine: {'line': b'[ 50%] Built target mmwave_enricher\n'}
[1.284215] (fire_scout_control) StdoutLine: {'line': b'[100%] Built target entrance_wall_search\n'}
[1.284909] (fire_scout_sensors) StdoutLine: {'line': b'[100%] Built target ultrasonic_to_px4\n'}
[1.285350] (fire_scout_localization) CommandEnded: {'returncode': 0}
[1.286053] (fire_scout_localization) JobProgress: {'identifier': 'fire_scout_localization', 'progress': 'install'}
[1.286371] (fire_scout_localization) Command: {'cmd': ['/usr/bin/cmake', '--install', '/home/wei/fire_scout_ws/build/fire_scout_localization'], 'cwd': '/home/wei/fire_scout_ws/build/fire_scout_localization', 'env': OrderedDict([('GJS_DEBUG_TOPICS', 'JS ERROR;JS LOG'), ('LESSOPEN', '| /usr/bin/lesspipe %s'), ('LANGUAGE', 'zh_CN:en'), ('USER', 'wei'), ('LC_TIME', 'en_US.UTF-8'), ('XDG_SESSION_TYPE', 'wayland'), ('SHLVL', '1'), ('LD_LIBRARY_PATH', '/home/wei/fire_scout_ws/install/px4_msgs/lib:/opt/ros/humble/opt/rviz_ogre_vendor/lib:/opt/ros/humble/lib/x86_64-linux-gnu:/opt/ros/humble/lib'), ('HOME', '/home/wei'), ('OLDPWD', '/home/wei/fire_scout_ws'), ('DESKTOP_SESSION', 'ubuntu'), ('GIO_LAUNCHED_DESKTOP_FILE', '/usr/share/applications/terminator.desktop'), ('ROS_PYTHON_VERSION', '3'), ('GNOME_SHELL_SESSION_MODE', 'ubuntu'), ('GTK_MODULES', 'gail:atk-bridge'), ('LC_MONETARY', 'en_US.UTF-8'), ('MANAGERPID', '1353'), ('SYSTEMD_EXEC_PID', '1565'), ('DBUS_SESSION_BUS_ADDRESS', 'unix:path=/run/user/1000/bus'), ('COLORTERM', 'truecolor'), ('TERMINATOR_DBUS_NAME', 'net.tenshu.Terminator25ef4b219e3b005583550f2b0f9f990c3'), ('GIO_LAUNCHED_DESKTOP_FILE_PID', '751313'), ('IM_CONFIG_PHASE', '1'), ('WAYLAND_DISPLAY', 'wayland-0'), ('ROS_DISTRO', 'humble'), ('LOGNAME', 'wei'), ('JOURNAL_STREAM', '8:9374'), ('_', '/usr/bin/colcon'), ('ROS_VERSION', '2'), ('XDG_SESSION_CLASS', 'user'), ('USERNAME', 'wei'), ('TERM', 'xterm-256color'), ('GNOME_DESKTOP_SESSION_ID', 'this-is-deprecated'), ('ROS_LOCALHOST_ONLY', '0'), ('PATH', '/opt/ros/humble/bin:/home/wei/.local/bin:/usr/local/sbin:/usr/local/bin:/usr/sbin:/usr/bin:/sbin:/bin:/usr/games:/usr/local/games:/snap/bin:/snap/bin'), ('SESSION_MANAGER', 'local/wei:@/tmp/.ICE-unix/1528,unix/wei:/tmp/.ICE-unix/1528'), ('INVOCATION_ID', 'ed7428c5436e412e81e0d8a34a655579'), ('PAPERSIZE', 'letter'), ('XDG_MENU_PREFIX', 'gnome-'), ('LC_ADDRESS', 'en_US.UTF-8'), ('GNOME_SETUP_DISPLAY', ':1'), ('XDG_RUNTIME_DIR', '/run/user/1000'), ('DISPLAY', ':0'), ('TERMINATOR_DBUS_PATH', '/net/tenshu/Terminator2'), ('LANG', 'zh_CN.UTF-8'), ('XDG_CURRENT_DESKTOP', 'ubuntu:GNOME'), ('IBUS_DISABLE_SNOOPER', '1'), ('LC_TELEPHONE', 'en_US.UTF-8'), ('RMW_IMPLEMENTATION', 'rmw_cyclonedds_cpp'), ('XMODIFIERS', '@im=ibus'), ('XDG_SESSION_DESKTOP', 'ubuntu'), ('XAUTHORITY', '/run/user/1000/.mutter-Xwaylandauth.F875V3'), ('LS_COLORS', 'rs=0:di=01;34:ln=01;36:mh=00:pi=40;33:so=01;35:do=01;35:bd=40;33;01:cd=40;33;01:or=40;31;01:mi=00:su=37;41:sg=30;43:ca=30;41:tw=30;42:ow=34;42:st=37;44:ex=01;32:*.tar=01;31:*.tgz=01;31:*.arc=01;31:*.arj=01;31:*.taz=01;31:*.lha=01;31:*.lz4=01;31:*.lzh=01;31:*.lzma=01;31:*.tlz=01;31:*.txz=01;31:*.tzo=01;31:*.t7z=01;31:*.zip=01;31:*.z=01;31:*.dz=01;31:*.gz=01;31:*.lrz=01;31:*.lz=01;31:*.lzo=01;31:*.xz=01;31:*.zst=01;31:*.tzst=01;31:*.bz2=01;31:*.bz=01;31:*.tbz=01;31:*.tbz2=01;31:*.tz=01;31:*.deb=01;31:*.rpm=01;31:*.jar=01;31:*.war=01;31:*.ear=01;31:*.sar=01;31:*.rar=01;31:*.alz=01;31:*.ace=01;31:*.zoo=01;31:*.cpio=01;31:*.7z=01;31:*.rz=01;31:*.cab=01;31:*.wim=01;31:*.swm=01;31:*.dwm=01;31:*.esd=01;31:*.jpg=01;35:*.jpeg=01;35:*.mjpg=01;35:*.mjpeg=01;35:*.gif=01;35:*.bmp=01;35:*.pbm=01;35:*.pgm=01;35:*.ppm=01;35:*.tga=01;35:*.xbm=01;35:*.xpm=01;35:*.tif=01;35:*.tiff=01;35:*.png=01;35:*.svg=01;35:*.svgz=01;35:*.mng=01;35:*.pcx=01;35:*.mov=01;35:*.mpg=01;35:*.mpeg=01;35:*.m2v=01;35:*.mkv=01;35:*.webm=01;35:*.webp=01;35:*.ogm=01;35:*.mp4=01;35:*.m4v=01;35:*.mp4v=01;35:*.vob=01;35:*.qt=01;35:*.nuv=01;35:*.wmv=01;35:*.asf=01;35:*.rm=01;35:*.rmvb=01;35:*.flc=01;35:*.avi=01;35:*.fli=01;35:*.flv=01;35:*.gl=01;35:*.dl=01;35:*.xcf=01;35:*.xwd=01;35:*.yuv=01;35:*.cgm=01;35:*.emf=01;35:*.ogv=01;35:*.ogx=01;35:*.aac=00;36:*.au=00;36:*.flac=00;36:*.m4a=00;36:*.mid=00;36:*.midi=00;36:*.mka=00;36:*.mp3=00;36:*.mpc=00;36:*.ogg=00;36:*.ra=00;36:*.wav=00;36:*.oga=00;36:*.opus=00;36:*.spx=00;36:*.xspf=00;36:'), ('SSH_AGENT_LAUNCHER', 'gnome-keyring'), ('SSH_AUTH_SOCK', '/run/user/1000/keyring/ssh'), ('AMENT_PREFIX_PATH', '/home/wei/fire_scout_ws/install/px4_msgs:/opt/ros/humble'), ('SHELL', '/bin/bash'), ('LC_NAME', 'en_US.UTF-8'), ('TERMINATOR_UUID', 'urn:uuid:fca43956-d007-4aaf-9558-4a21fbf7314a'), ('QT_ACCESSIBILITY', '1'), ('GDMSESSION', 'ubuntu'), ('LESSCLOSE', '/usr/bin/lesspipe %s %s'), ('LC_MEASUREMENT', 'en_US.UTF-8'), ('GJS_DEBUG_OUTPUT', 'stderr'), ('LC_IDENTIFICATION', 'en_US.UTF-8'), ('GZ_VERSION', 'harmonic'), ('QT_IM_MODULE', 'ibus'), ('PWD', '/home/wei/fire_scout_ws/build/fire_scout_localization'), ('LC_ALL', 'en_US.UTF-8'), ('XDG_CONFIG_DIRS', '/etc/xdg/xdg-ubuntu:/etc/xdg'), ('XDG_DATA_DIRS', '/usr/share/ubuntu:/home/wei/.local/share/flatpak/exports/share:/var/lib/flatpak/exports/share:/usr/local/share/:/usr/share/:/var/lib/snapd/desktop'), ('PYTHONPATH', '/home/wei/fire_scout_ws/install/px4_msgs/local/lib/python3.10/dist-packages:/opt/ros/humble/lib/python3.10/site-packages:/opt/ros/humble/local/lib/python3.10/dist-packages'), ('LC_NUMERIC', 'en_US.UTF-8'), ('LC_PAPER', 'en_US.UTF-8'), ('COLCON', '1'), ('VTE_VERSION', '6800'), ('CMAKE_PREFIX_PATH', '/home/wei/fire_scout_ws/install/px4_msgs:/opt/ros/humble')]), 'shell': False}
[1.294570] (fire_scout_localization) StdoutLine: {'line': b'-- Install configuration: ""\n'}
[1.295042] (fire_scout_localization) StdoutLine: {'line': b'-- Up-to-date: /home/wei/fire_scout_ws/install/fire_scout_localization/lib/fire_scout_localization/px4_odom_adapter\n'}
[1.295405] (fire_scout_localization) StdoutLine: {'line': b'-- Up-to-date: /home/wei/fire_scout_ws/install/fire_scout_localization/share/ament_index/resource_index/package_run_dependencies/fire_scout_localization\n'}
[1.295517] (fire_scout_localization) StdoutLine: {'line': b'-- Up-to-date: /home/wei/fire_scout_ws/install/fire_scout_localization/share/ament_index/resource_index/parent_prefix_path/fire_scout_localization\n'}
[1.295601] (fire_scout_localization) StdoutLine: {'line': b'-- Up-to-date: /home/wei/fire_scout_ws/install/fire_scout_localization/share/fire_scout_localization/environment/ament_prefix_path.sh\n'}
[1.295684] (fire_scout_localization) StdoutLine: {'line': b'-- Up-to-date: /home/wei/fire_scout_ws/install/fire_scout_localization/share/fire_scout_localization/environment/ament_prefix_path.dsv\n'}
[1.295753] (fire_scout_localization) StdoutLine: {'line': b'-- Up-to-date: /home/wei/fire_scout_ws/install/fire_scout_localization/share/fire_scout_localization/environment/path.sh\n'}
[1.297268] (fire_scout_localization) StdoutLine: {'line': b'-- Up-to-date: /home/wei/fire_scout_ws/install/fire_scout_localization/share/fire_scout_localization/environment/path.dsv\n'}
[1.297450] (fire_scout_localization) StdoutLine: {'line': b'-- Up-to-date: /home/wei/fire_scout_ws/install/fire_scout_localization/share/fire_scout_localization/local_setup.bash\n'}
[1.297593] (fire_scout_localization) StdoutLine: {'line': b'-- Up-to-date: /home/wei/fire_scout_ws/install/fire_scout_localization/share/fire_scout_localization/local_setup.sh\n'}
[1.297681] (fire_scout_localization) StdoutLine: {'line': b'-- Up-to-date: /home/wei/fire_scout_ws/install/fire_scout_localization/share/fire_scout_localization/local_setup.zsh\n'}
[1.297810] (fire_scout_localization) StdoutLine: {'line': b'-- Up-to-date: /home/wei/fire_scout_ws/install/fire_scout_localization/share/fire_scout_localization/local_setup.dsv\n'}
[1.297886] (fire_scout_localization) StdoutLine: {'line': b'-- Installing: /home/wei/fire_scout_ws/install/fire_scout_localization/share/fire_scout_localization/package.dsv\n'}
[1.297955] (fire_scout_localization) StdoutLine: {'line': b'-- Up-to-date: /home/wei/fire_scout_ws/install/fire_scout_localization/share/ament_index/resource_index/packages/fire_scout_localization\n'}
[1.298024] (fire_scout_localization) StdoutLine: {'line': b'-- Up-to-date: /home/wei/fire_scout_ws/install/fire_scout_localization/share/fire_scout_localization/cmake/fire_scout_localizationConfig.cmake\n'}
[1.298114] (fire_scout_localization) StdoutLine: {'line': b'-- Up-to-date: /home/wei/fire_scout_ws/install/fire_scout_localization/share/fire_scout_localization/cmake/fire_scout_localizationConfig-version.cmake\n'}
[1.298286] (fire_scout_localization) StdoutLine: {'line': b'-- Up-to-date: /home/wei/fire_scout_ws/install/fire_scout_localization/share/fire_scout_localization/package.xml\n'}
[1.298373] (fire_scout_sensors) CommandEnded: {'returncode': 0}
[1.298981] (fire_scout_sensors) JobProgress: {'identifier': 'fire_scout_sensors', 'progress': 'install'}
[1.299007] (fire_scout_sensors) Command: {'cmd': ['/usr/bin/cmake', '--install', '/home/wei/fire_scout_ws/build/fire_scout_sensors'], 'cwd': '/home/wei/fire_scout_ws/build/fire_scout_sensors', 'env': OrderedDict([('GJS_DEBUG_TOPICS', 'JS ERROR;JS LOG'), ('LESSOPEN', '| /usr/bin/lesspipe %s'), ('LANGUAGE', 'zh_CN:en'), ('USER', 'wei'), ('LC_TIME', 'en_US.UTF-8'), ('XDG_SESSION_TYPE', 'wayland'), ('SHLVL', '1'), ('LD_LIBRARY_PATH', '/home/wei/fire_scout_ws/install/px4_msgs/lib:/opt/ros/humble/opt/rviz_ogre_vendor/lib:/opt/ros/humble/lib/x86_64-linux-gnu:/opt/ros/humble/lib'), ('HOME', '/home/wei'), ('OLDPWD', '/home/wei/fire_scout_ws'), ('DESKTOP_SESSION', 'ubuntu'), ('GIO_LAUNCHED_DESKTOP_FILE', '/usr/share/applications/terminator.desktop'), ('ROS_PYTHON_VERSION', '3'), ('GNOME_SHELL_SESSION_MODE', 'ubuntu'), ('GTK_MODULES', 'gail:atk-bridge'), ('LC_MONETARY', 'en_US.UTF-8'), ('MANAGERPID', '1353'), ('SYSTEMD_EXEC_PID', '1565'), ('DBUS_SESSION_BUS_ADDRESS', 'unix:path=/run/user/1000/bus'), ('COLORTERM', 'truecolor'), ('TERMINATOR_DBUS_NAME', 'net.tenshu.Terminator25ef4b219e3b005583550f2b0f9f990c3'), ('GIO_LAUNCHED_DESKTOP_FILE_PID', '751313'), ('IM_CONFIG_PHASE', '1'), ('WAYLAND_DISPLAY', 'wayland-0'), ('ROS_DISTRO', 'humble'), ('LOGNAME', 'wei'), ('JOURNAL_STREAM', '8:9374'), ('_', '/usr/bin/colcon'), ('ROS_VERSION', '2'), ('XDG_SESSION_CLASS', 'user'), ('USERNAME', 'wei'), ('TERM', 'xterm-256color'), ('GNOME_DESKTOP_SESSION_ID', 'this-is-deprecated'), ('ROS_LOCALHOST_ONLY', '0'), ('PATH', '/opt/ros/humble/bin:/home/wei/.local/bin:/usr/local/sbin:/usr/local/bin:/usr/sbin:/usr/bin:/sbin:/bin:/usr/games:/usr/local/games:/snap/bin:/snap/bin'), ('SESSION_MANAGER', 'local/wei:@/tmp/.ICE-unix/1528,unix/wei:/tmp/.ICE-unix/1528'), ('INVOCATION_ID', 'ed7428c5436e412e81e0d8a34a655579'), ('PAPERSIZE', 'letter'), ('XDG_MENU_PREFIX', 'gnome-'), ('LC_ADDRESS', 'en_US.UTF-8'), ('GNOME_SETUP_DISPLAY', ':1'), ('XDG_RUNTIME_DIR', '/run/user/1000'), ('DISPLAY', ':0'), ('TERMINATOR_DBUS_PATH', '/net/tenshu/Terminator2'), ('LANG', 'zh_CN.UTF-8'), ('XDG_CURRENT_DESKTOP', 'ubuntu:GNOME'), ('IBUS_DISABLE_SNOOPER', '1'), ('LC_TELEPHONE', 'en_US.UTF-8'), ('RMW_IMPLEMENTATION', 'rmw_cyclonedds_cpp'), ('XMODIFIERS', '@im=ibus'), ('XDG_SESSION_DESKTOP', 'ubuntu'), ('XAUTHORITY', '/run/user/1000/.mutter-Xwaylandauth.F875V3'), ('LS_COLORS', 'rs=0:di=01;34:ln=01;36:mh=00:pi=40;33:so=01;35:do=01;35:bd=40;33;01:cd=40;33;01:or=40;31;01:mi=00:su=37;41:sg=30;43:ca=30;41:tw=30;42:ow=34;42:st=37;44:ex=01;32:*.tar=01;31:*.tgz=01;31:*.arc=01;31:*.arj=01;31:*.taz=01;31:*.lha=01;31:*.lz4=01;31:*.lzh=01;31:*.lzma=01;31:*.tlz=01;31:*.txz=01;31:*.tzo=01;31:*.t7z=01;31:*.zip=01;31:*.z=01;31:*.dz=01;31:*.gz=01;31:*.lrz=01;31:*.lz=01;31:*.lzo=01;31:*.xz=01;31:*.zst=01;31:*.tzst=01;31:*.bz2=01;31:*.bz=01;31:*.tbz=01;31:*.tbz2=01;31:*.tz=01;31:*.deb=01;31:*.rpm=01;31:*.jar=01;31:*.war=01;31:*.ear=01;31:*.sar=01;31:*.rar=01;31:*.alz=01;31:*.ace=01;31:*.zoo=01;31:*.cpio=01;31:*.7z=01;31:*.rz=01;31:*.cab=01;31:*.wim=01;31:*.swm=01;31:*.dwm=01;31:*.esd=01;31:*.jpg=01;35:*.jpeg=01;35:*.mjpg=01;35:*.mjpeg=01;35:*.gif=01;35:*.bmp=01;35:*.pbm=01;35:*.pgm=01;35:*.ppm=01;35:*.tga=01;35:*.xbm=01;35:*.xpm=01;35:*.tif=01;35:*.tiff=01;35:*.png=01;35:*.svg=01;35:*.svgz=01;35:*.mng=01;35:*.pcx=01;35:*.mov=01;35:*.mpg=01;35:*.mpeg=01;35:*.m2v=01;35:*.mkv=01;35:*.webm=01;35:*.webp=01;35:*.ogm=01;35:*.mp4=01;35:*.m4v=01;35:*.mp4v=01;35:*.vob=01;35:*.qt=01;35:*.nuv=01;35:*.wmv=01;35:*.asf=01;35:*.rm=01;35:*.rmvb=01;35:*.flc=01;35:*.avi=01;35:*.fli=01;35:*.flv=01;35:*.gl=01;35:*.dl=01;35:*.xcf=01;35:*.xwd=01;35:*.yuv=01;35:*.cgm=01;35:*.emf=01;35:*.ogv=01;35:*.ogx=01;35:*.aac=00;36:*.au=00;36:*.flac=00;36:*.m4a=00;36:*.mid=00;36:*.midi=00;36:*.mka=00;36:*.mp3=00;36:*.mpc=00;36:*.ogg=00;36:*.ra=00;36:*.wav=00;36:*.oga=00;36:*.opus=00;36:*.spx=00;36:*.xspf=00;36:'), ('SSH_AGENT_LAUNCHER', 'gnome-keyring'), ('SSH_AUTH_SOCK', '/run/user/1000/keyring/ssh'), ('AMENT_PREFIX_PATH', '/home/wei/fire_scout_ws/install/px4_msgs:/opt/ros/humble'), ('SHELL', '/bin/bash'), ('LC_NAME', 'en_US.UTF-8'), ('TERMINATOR_UUID', 'urn:uuid:fca43956-d007-4aaf-9558-4a21fbf7314a'), ('QT_ACCESSIBILITY', '1'), ('GDMSESSION', 'ubuntu'), ('LESSCLOSE', '/usr/bin/lesspipe %s %s'), ('LC_MEASUREMENT', 'en_US.UTF-8'), ('GJS_DEBUG_OUTPUT', 'stderr'), ('LC_IDENTIFICATION', 'en_US.UTF-8'), ('GZ_VERSION', 'harmonic'), ('QT_IM_MODULE', 'ibus'), ('PWD', '/home/wei/fire_scout_ws/build/fire_scout_sensors'), ('LC_ALL', 'en_US.UTF-8'), ('XDG_CONFIG_DIRS', '/etc/xdg/xdg-ubuntu:/etc/xdg'), ('XDG_DATA_DIRS', '/usr/share/ubuntu:/home/wei/.local/share/flatpak/exports/share:/var/lib/flatpak/exports/share:/usr/local/share/:/usr/share/:/var/lib/snapd/desktop'), ('PYTHONPATH', '/home/wei/fire_scout_ws/install/px4_msgs/local/lib/python3.10/dist-packages:/opt/ros/humble/lib/python3.10/site-packages:/opt/ros/humble/local/lib/python3.10/dist-packages'), ('LC_NUMERIC', 'en_US.UTF-8'), ('LC_PAPER', 'en_US.UTF-8'), ('COLCON', '1'), ('VTE_VERSION', '6800'), ('CMAKE_PREFIX_PATH', '/home/wei/fire_scout_ws/install/px4_msgs:/opt/ros/humble')]), 'shell': False}
[1.300014] (fire_scout_control) CommandEnded: {'returncode': 0}
[1.300501] (fire_scout_control) JobProgress: {'identifier': 'fire_scout_control', 'progress': 'install'}
[1.300777] (fire_scout_control) Command: {'cmd': ['/usr/bin/cmake', '--install', '/home/wei/fire_scout_ws/build/fire_scout_control'], 'cwd': '/home/wei/fire_scout_ws/build/fire_scout_control', 'env': OrderedDict([('GJS_DEBUG_TOPICS', 'JS ERROR;JS LOG'), ('LESSOPEN', '| /usr/bin/lesspipe %s'), ('LANGUAGE', 'zh_CN:en'), ('USER', 'wei'), ('LC_TIME', 'en_US.UTF-8'), ('XDG_SESSION_TYPE', 'wayland'), ('SHLVL', '1'), ('LD_LIBRARY_PATH', '/home/wei/fire_scout_ws/install/px4_msgs/lib:/opt/ros/humble/opt/rviz_ogre_vendor/lib:/opt/ros/humble/lib/x86_64-linux-gnu:/opt/ros/humble/lib'), ('HOME', '/home/wei'), ('OLDPWD', '/home/wei/fire_scout_ws'), ('DESKTOP_SESSION', 'ubuntu'), ('GIO_LAUNCHED_DESKTOP_FILE', '/usr/share/applications/terminator.desktop'), ('ROS_PYTHON_VERSION', '3'), ('GNOME_SHELL_SESSION_MODE', 'ubuntu'), ('GTK_MODULES', 'gail:atk-bridge'), ('LC_MONETARY', 'en_US.UTF-8'), ('MANAGERPID', '1353'), ('SYSTEMD_EXEC_PID', '1565'), ('DBUS_SESSION_BUS_ADDRESS', 'unix:path=/run/user/1000/bus'), ('COLORTERM', 'truecolor'), ('TERMINATOR_DBUS_NAME', 'net.tenshu.Terminator25ef4b219e3b005583550f2b0f9f990c3'), ('GIO_LAUNCHED_DESKTOP_FILE_PID', '751313'), ('IM_CONFIG_PHASE', '1'), ('WAYLAND_DISPLAY', 'wayland-0'), ('ROS_DISTRO', 'humble'), ('LOGNAME', 'wei'), ('JOURNAL_STREAM', '8:9374'), ('_', '/usr/bin/colcon'), ('ROS_VERSION', '2'), ('XDG_SESSION_CLASS', 'user'), ('USERNAME', 'wei'), ('TERM', 'xterm-256color'), ('GNOME_DESKTOP_SESSION_ID', 'this-is-deprecated'), ('ROS_LOCALHOST_ONLY', '0'), ('PATH', '/opt/ros/humble/bin:/home/wei/.local/bin:/usr/local/sbin:/usr/local/bin:/usr/sbin:/usr/bin:/sbin:/bin:/usr/games:/usr/local/games:/snap/bin:/snap/bin'), ('SESSION_MANAGER', 'local/wei:@/tmp/.ICE-unix/1528,unix/wei:/tmp/.ICE-unix/1528'), ('INVOCATION_ID', 'ed7428c5436e412e81e0d8a34a655579'), ('PAPERSIZE', 'letter'), ('XDG_MENU_PREFIX', 'gnome-'), ('LC_ADDRESS', 'en_US.UTF-8'), ('GNOME_SETUP_DISPLAY', ':1'), ('XDG_RUNTIME_DIR', '/run/user/1000'), ('DISPLAY', ':0'), ('TERMINATOR_DBUS_PATH', '/net/tenshu/Terminator2'), ('LANG', 'zh_CN.UTF-8'), ('XDG_CURRENT_DESKTOP', 'ubuntu:GNOME'), ('IBUS_DISABLE_SNOOPER', '1'), ('LC_TELEPHONE', 'en_US.UTF-8'), ('RMW_IMPLEMENTATION', 'rmw_cyclonedds_cpp'), ('XMODIFIERS', '@im=ibus'), ('XDG_SESSION_DESKTOP', 'ubuntu'), ('XAUTHORITY', '/run/user/1000/.mutter-Xwaylandauth.F875V3'), ('LS_COLORS', 'rs=0:di=01;34:ln=01;36:mh=00:pi=40;33:so=01;35:do=01;35:bd=40;33;01:cd=40;33;01:or=40;31;01:mi=00:su=37;41:sg=30;43:ca=30;41:tw=30;42:ow=34;42:st=37;44:ex=01;32:*.tar=01;31:*.tgz=01;31:*.arc=01;31:*.arj=01;31:*.taz=01;31:*.lha=01;31:*.lz4=01;31:*.lzh=01;31:*.lzma=01;31:*.tlz=01;31:*.txz=01;31:*.tzo=01;31:*.t7z=01;31:*.zip=01;31:*.z=01;31:*.dz=01;31:*.gz=01;31:*.lrz=01;31:*.lz=01;31:*.lzo=01;31:*.xz=01;31:*.zst=01;31:*.tzst=01;31:*.bz2=01;31:*.bz=01;31:*.tbz=01;31:*.tbz2=01;31:*.tz=01;31:*.deb=01;31:*.rpm=01;31:*.jar=01;31:*.war=01;31:*.ear=01;31:*.sar=01;31:*.rar=01;31:*.alz=01;31:*.ace=01;31:*.zoo=01;31:*.cpio=01;31:*.7z=01;31:*.rz=01;31:*.cab=01;31:*.wim=01;31:*.swm=01;31:*.dwm=01;31:*.esd=01;31:*.jpg=01;35:*.jpeg=01;35:*.mjpg=01;35:*.mjpeg=01;35:*.gif=01;35:*.bmp=01;35:*.pbm=01;35:*.pgm=01;35:*.ppm=01;35:*.tga=01;35:*.xbm=01;35:*.xpm=01;35:*.tif=01;35:*.tiff=01;35:*.png=01;35:*.svg=01;35:*.svgz=01;35:*.mng=01;35:*.pcx=01;35:*.mov=01;35:*.mpg=01;35:*.mpeg=01;35:*.m2v=01;35:*.mkv=01;35:*.webm=01;35:*.webp=01;35:*.ogm=01;35:*.mp4=01;35:*.m4v=01;35:*.mp4v=01;35:*.vob=01;35:*.qt=01;35:*.nuv=01;35:*.wmv=01;35:*.asf=01;35:*.rm=01;35:*.rmvb=01;35:*.flc=01;35:*.avi=01;35:*.fli=01;35:*.flv=01;35:*.gl=01;35:*.dl=01;35:*.xcf=01;35:*.xwd=01;35:*.yuv=01;35:*.cgm=01;35:*.emf=01;35:*.ogv=01;35:*.ogx=01;35:*.aac=00;36:*.au=00;36:*.flac=00;36:*.m4a=00;36:*.mid=00;36:*.midi=00;36:*.mka=00;36:*.mp3=00;36:*.mpc=00;36:*.ogg=00;36:*.ra=00;36:*.wav=00;36:*.oga=00;36:*.opus=00;36:*.spx=00;36:*.xspf=00;36:'), ('SSH_AGENT_LAUNCHER', 'gnome-keyring'), ('SSH_AUTH_SOCK', '/run/user/1000/keyring/ssh'), ('AMENT_PREFIX_PATH', '/home/wei/fire_scout_ws/install/px4_msgs:/opt/ros/humble'), ('SHELL', '/bin/bash'), ('LC_NAME', 'en_US.UTF-8'), ('TERMINATOR_UUID', 'urn:uuid:fca43956-d007-4aaf-9558-4a21fbf7314a'), ('QT_ACCESSIBILITY', '1'), ('GDMSESSION', 'ubuntu'), ('LESSCLOSE', '/usr/bin/lesspipe %s %s'), ('LC_MEASUREMENT', 'en_US.UTF-8'), ('GJS_DEBUG_OUTPUT', 'stderr'), ('LC_IDENTIFICATION', 'en_US.UTF-8'), ('GZ_VERSION', 'harmonic'), ('QT_IM_MODULE', 'ibus'), ('PWD', '/home/wei/fire_scout_ws/build/fire_scout_control'), ('LC_ALL', 'en_US.UTF-8'), ('XDG_CONFIG_DIRS', '/etc/xdg/xdg-ubuntu:/etc/xdg'), ('XDG_DATA_DIRS', '/usr/share/ubuntu:/home/wei/.local/share/flatpak/exports/share:/var/lib/flatpak/exports/share:/usr/local/share/:/usr/share/:/var/lib/snapd/desktop'), ('PYTHONPATH', '/home/wei/fire_scout_ws/install/px4_msgs/local/lib/python3.10/dist-packages:/opt/ros/humble/lib/python3.10/site-packages:/opt/ros/humble/local/lib/python3.10/dist-packages'), ('LC_NUMERIC', 'en_US.UTF-8'), ('LC_PAPER', 'en_US.UTF-8'), ('COLCON', '1'), ('VTE_VERSION', '6800'), ('CMAKE_PREFIX_PATH', '/home/wei/fire_scout_ws/install/px4_msgs:/opt/ros/humble')]), 'shell': False}
[1.301521] (-) TimerEvent: {}
[1.301834] (fire_scout_localization) CommandEnded: {'returncode': 0}
[1.306627] (fire_scout_sensors) StdoutLine: {'line': b'-- Install configuration: ""\n'}
[1.307225] (fire_scout_sensors) StdoutLine: {'line': b'-- Up-to-date: /home/wei/fire_scout_ws/install/fire_scout_sensors/lib/fire_scout_sensors/mmwave_enricher\n'}
[1.307475] (fire_scout_sensors) StdoutLine: {'line': b'-- Up-to-date: /home/wei/fire_scout_ws/install/fire_scout_sensors/lib/fire_scout_sensors/ultrasonic_to_px4\n'}
[1.307697] (fire_scout_sensors) StdoutLine: {'line': b'-- Up-to-date: /home/wei/fire_scout_ws/install/fire_scout_sensors/share/ament_index/resource_index/package_run_dependencies/fire_scout_sensors\n'}
[1.307787] (fire_scout_sensors) StdoutLine: {'line': b'-- Up-to-date: /home/wei/fire_scout_ws/install/fire_scout_sensors/share/ament_index/resource_index/parent_prefix_path/fire_scout_sensors\n'}
[1.308307] (fire_scout_sensors) StdoutLine: {'line': b'-- Up-to-date: /home/wei/fire_scout_ws/install/fire_scout_sensors/share/fire_scout_sensors/environment/ament_prefix_path.sh\n'}
[1.308443] (fire_scout_sensors) StdoutLine: {'line': b'-- Up-to-date: /home/wei/fire_scout_ws/install/fire_scout_sensors/share/fire_scout_sensors/environment/ament_prefix_path.dsv\n'}
[1.308727] (fire_scout_sensors) StdoutLine: {'line': b'-- Up-to-date: /home/wei/fire_scout_ws/install/fire_scout_sensors/share/fire_scout_sensors/environment/path.sh\n'}
[1.308844] (fire_scout_sensors) StdoutLine: {'line': b'-- Up-to-date: /home/wei/fire_scout_ws/install/fire_scout_sensors/share/fire_scout_sensors/environment/path.dsv\n'}
[1.309158] (fire_scout_sensors) StdoutLine: {'line': b'-- Up-to-date: /home/wei/fire_scout_ws/install/fire_scout_sensors/share/fire_scout_sensors/local_setup.bash\n'}
[1.309498] (fire_scout_sensors) StdoutLine: {'line': b'-- Up-to-date: /home/wei/fire_scout_ws/install/fire_scout_sensors/share/fire_scout_sensors/local_setup.sh\n'}
[1.309767] (fire_scout_sensors) StdoutLine: {'line': b'-- Up-to-date: /home/wei/fire_scout_ws/install/fire_scout_sensors/share/fire_scout_sensors/local_setup.zsh\n'}
[1.310004] (fire_scout_sensors) StdoutLine: {'line': b'-- Up-to-date: /home/wei/fire_scout_ws/install/fire_scout_sensors/share/fire_scout_sensors/local_setup.dsv\n'}
[1.310226] (fire_scout_sensors) StdoutLine: {'line': b'-- Installing: /home/wei/fire_scout_ws/install/fire_scout_sensors/share/fire_scout_sensors/package.dsv\n'}
[1.310451] (fire_scout_sensors) StdoutLine: {'line': b'-- Up-to-date: /home/wei/fire_scout_ws/install/fire_scout_sensors/share/ament_index/resource_index/packages/fire_scout_sensors\n'}
[1.310669] (fire_scout_sensors) StdoutLine: {'line': b'-- Up-to-date: /home/wei/fire_scout_ws/install/fire_scout_sensors/share/fire_scout_sensors/cmake/fire_scout_sensorsConfig.cmake\n'}
[1.311430] (fire_scout_sensors) StdoutLine: {'line': b'-- Up-to-date: /home/wei/fire_scout_ws/install/fire_scout_sensors/share/fire_scout_sensors/cmake/fire_scout_sensorsConfig-version.cmake\n'}
[1.311616] (fire_scout_sensors) StdoutLine: {'line': b'-- Up-to-date: /home/wei/fire_scout_ws/install/fire_scout_sensors/share/fire_scout_sensors/package.xml\n'}
[1.315110] (fire_scout_localization) JobEnded: {'identifier': 'fire_scout_localization', 'rc': 0}
[1.317036] (fire_scout_control) StdoutLine: {'line': b'-- Install configuration: ""\n'}
[1.317159] (fire_scout_control) StdoutLine: {'line': b'-- Up-to-date: /home/wei/fire_scout_ws/install/fire_scout_control/lib/fire_scout_control/scout_takeoff\n'}
[1.317409] (fire_scout_control) StdoutLine: {'line': b'-- Up-to-date: /home/wei/fire_scout_ws/install/fire_scout_control/lib/fire_scout_control/scout_enter_window\n'}
[1.317653] (fire_scout_control) StdoutLine: {'line': b'-- Up-to-date: /home/wei/fire_scout_ws/install/fire_scout_control/lib/fire_scout_control/entrance_wall_search\n'}
[1.317802] (fire_scout_control) StdoutLine: {'line': b'-- Up-to-date: /home/wei/fire_scout_ws/install/fire_scout_control/share/ament_index/resource_index/package_run_dependencies/fire_scout_control\n'}
[1.317931] (fire_scout_control) StdoutLine: {'line': b'-- Up-to-date: /home/wei/fire_scout_ws/install/fire_scout_control/share/ament_index/resource_index/parent_prefix_path/fire_scout_control\n'}
[1.318015] (fire_scout_control) StdoutLine: {'line': b'-- Up-to-date: /home/wei/fire_scout_ws/install/fire_scout_control/share/fire_scout_control/environment/ament_prefix_path.sh\n'}
[1.318118] (fire_scout_control) StdoutLine: {'line': b'-- Up-to-date: /home/wei/fire_scout_ws/install/fire_scout_control/share/fire_scout_control/environment/ament_prefix_path.dsv\n'}
[1.318220] (fire_scout_control) StdoutLine: {'line': b'-- Up-to-date: /home/wei/fire_scout_ws/install/fire_scout_control/share/fire_scout_control/environment/path.sh\n'}
[1.318360] (fire_scout_control) StdoutLine: {'line': b'-- Up-to-date: /home/wei/fire_scout_ws/install/fire_scout_control/share/fire_scout_control/environment/path.dsv\n'}
[1.318470] (fire_scout_control) StdoutLine: {'line': b'-- Up-to-date: /home/wei/fire_scout_ws/install/fire_scout_control/share/fire_scout_control/local_setup.bash\n'}
[1.318881] (fire_scout_control) StdoutLine: {'line': b'-- Up-to-date: /home/wei/fire_scout_ws/install/fire_scout_control/share/fire_scout_control/local_setup.sh\n'}
[1.319118] (fire_scout_control) StdoutLine: {'line': b'-- Up-to-date: /home/wei/fire_scout_ws/install/fire_scout_control/share/fire_scout_control/local_setup.zsh\n'}
[1.319388] (fire_scout_control) StdoutLine: {'line': b'-- Up-to-date: /home/wei/fire_scout_ws/install/fire_scout_control/share/fire_scout_control/local_setup.dsv\n'}
[1.319614] (fire_scout_control) StdoutLine: {'line': b'-- Installing: /home/wei/fire_scout_ws/install/fire_scout_control/share/fire_scout_control/package.dsv\n'}
[1.319884] (fire_scout_control) StdoutLine: {'line': b'-- Up-to-date: /home/wei/fire_scout_ws/install/fire_scout_control/share/ament_index/resource_index/packages/fire_scout_control\n'}
[1.320126] (fire_scout_control) StdoutLine: {'line': b'-- Up-to-date: /home/wei/fire_scout_ws/install/fire_scout_control/share/fire_scout_control/cmake/fire_scout_controlConfig.cmake\n'}
[1.321067] (fire_scout_control) StdoutLine: {'line': b'-- Up-to-date: /home/wei/fire_scout_ws/install/fire_scout_control/share/fire_scout_control/cmake/fire_scout_controlConfig-version.cmake\n'}
[1.321410] (fire_scout_control) StdoutLine: {'line': b'-- Up-to-date: /home/wei/fire_scout_ws/install/fire_scout_control/share/fire_scout_control/package.xml\n'}
[1.321808] (fire_scout_sensors) CommandEnded: {'returncode': 0}
[1.326843] (fire_scout_sensors) JobEnded: {'identifier': 'fire_scout_sensors', 'rc': 0}
[1.327220] (fire_scout_control) CommandEnded: {'returncode': 0}
[1.333896] (fire_scout_control) JobEnded: {'identifier': 'fire_scout_control', 'rc': 0}
[1.334279] (fire_scout_bringup) JobStarted: {'identifier': 'fire_scout_bringup'}
[1.341568] (fire_scout_bringup) JobProgress: {'identifier': 'fire_scout_bringup', 'progress': 'cmake'}
[1.342124] (fire_scout_bringup) JobProgress: {'identifier': 'fire_scout_bringup', 'progress': 'build'}
[1.342328] (fire_scout_bringup) Command: {'cmd': ['/usr/bin/cmake', '--build', '/home/wei/fire_scout_ws/build/fire_scout_bringup', '--', '-j32', '-l32'], 'cwd': '/home/wei/fire_scout_ws/build/fire_scout_bringup', 'env': OrderedDict([('GJS_DEBUG_TOPICS', 'JS ERROR;JS LOG'), ('LESSOPEN', '| /usr/bin/lesspipe %s'), ('LANGUAGE', 'zh_CN:en'), ('USER', 'wei'), ('LC_TIME', 'en_US.UTF-8'), ('XDG_SESSION_TYPE', 'wayland'), ('SHLVL', '1'), ('LD_LIBRARY_PATH', '/home/wei/fire_scout_ws/install/px4_msgs/lib:/opt/ros/humble/opt/rviz_ogre_vendor/lib:/opt/ros/humble/lib/x86_64-linux-gnu:/opt/ros/humble/lib'), ('HOME', '/home/wei'), ('OLDPWD', '/home/wei/fire_scout_ws'), ('DESKTOP_SESSION', 'ubuntu'), ('GIO_LAUNCHED_DESKTOP_FILE', '/usr/share/applications/terminator.desktop'), ('ROS_PYTHON_VERSION', '3'), ('GNOME_SHELL_SESSION_MODE', 'ubuntu'), ('GTK_MODULES', 'gail:atk-bridge'), ('LC_MONETARY', 'en_US.UTF-8'), ('MANAGERPID', '1353'), ('SYSTEMD_EXEC_PID', '1565'), ('DBUS_SESSION_BUS_ADDRESS', 'unix:path=/run/user/1000/bus'), ('COLORTERM', 'truecolor'), ('TERMINATOR_DBUS_NAME', 'net.tenshu.Terminator25ef4b219e3b005583550f2b0f9f990c3'), ('GIO_LAUNCHED_DESKTOP_FILE_PID', '751313'), ('IM_CONFIG_PHASE', '1'), ('WAYLAND_DISPLAY', 'wayland-0'), ('ROS_DISTRO', 'humble'), ('LOGNAME', 'wei'), ('JOURNAL_STREAM', '8:9374'), ('_', '/usr/bin/colcon'), ('ROS_VERSION', '2'), ('XDG_SESSION_CLASS', 'user'), ('USERNAME', 'wei'), ('TERM', 'xterm-256color'), ('GNOME_DESKTOP_SESSION_ID', 'this-is-deprecated'), ('ROS_LOCALHOST_ONLY', '0'), ('PATH', '/opt/ros/humble/bin:/home/wei/.local/bin:/usr/local/sbin:/usr/local/bin:/usr/sbin:/usr/bin:/sbin:/bin:/usr/games:/usr/local/games:/snap/bin:/snap/bin'), ('SESSION_MANAGER', 'local/wei:@/tmp/.ICE-unix/1528,unix/wei:/tmp/.ICE-unix/1528'), ('INVOCATION_ID', 'ed7428c5436e412e81e0d8a34a655579'), ('PAPERSIZE', 'letter'), ('XDG_MENU_PREFIX', 'gnome-'), ('LC_ADDRESS', 'en_US.UTF-8'), ('GNOME_SETUP_DISPLAY', ':1'), ('XDG_RUNTIME_DIR', '/run/user/1000'), ('DISPLAY', ':0'), ('TERMINATOR_DBUS_PATH', '/net/tenshu/Terminator2'), ('LANG', 'zh_CN.UTF-8'), ('XDG_CURRENT_DESKTOP', 'ubuntu:GNOME'), ('IBUS_DISABLE_SNOOPER', '1'), ('LC_TELEPHONE', 'en_US.UTF-8'), ('RMW_IMPLEMENTATION', 'rmw_cyclonedds_cpp'), ('XMODIFIERS', '@im=ibus'), ('XDG_SESSION_DESKTOP', 'ubuntu'), ('XAUTHORITY', '/run/user/1000/.mutter-Xwaylandauth.F875V3'), ('LS_COLORS', 'rs=0:di=01;34:ln=01;36:mh=00:pi=40;33:so=01;35:do=01;35:bd=40;33;01:cd=40;33;01:or=40;31;01:mi=00:su=37;41:sg=30;43:ca=30;41:tw=30;42:ow=34;42:st=37;44:ex=01;32:*.tar=01;31:*.tgz=01;31:*.arc=01;31:*.arj=01;31:*.taz=01;31:*.lha=01;31:*.lz4=01;31:*.lzh=01;31:*.lzma=01;31:*.tlz=01;31:*.txz=01;31:*.tzo=01;31:*.t7z=01;31:*.zip=01;31:*.z=01;31:*.dz=01;31:*.gz=01;31:*.lrz=01;31:*.lz=01;31:*.lzo=01;31:*.xz=01;31:*.zst=01;31:*.tzst=01;31:*.bz2=01;31:*.bz=01;31:*.tbz=01;31:*.tbz2=01;31:*.tz=01;31:*.deb=01;31:*.rpm=01;31:*.jar=01;31:*.war=01;31:*.ear=01;31:*.sar=01;31:*.rar=01;31:*.alz=01;31:*.ace=01;31:*.zoo=01;31:*.cpio=01;31:*.7z=01;31:*.rz=01;31:*.cab=01;31:*.wim=01;31:*.swm=01;31:*.dwm=01;31:*.esd=01;31:*.jpg=01;35:*.jpeg=01;35:*.mjpg=01;35:*.mjpeg=01;35:*.gif=01;35:*.bmp=01;35:*.pbm=01;35:*.pgm=01;35:*.ppm=01;35:*.tga=01;35:*.xbm=01;35:*.xpm=01;35:*.tif=01;35:*.tiff=01;35:*.png=01;35:*.svg=01;35:*.svgz=01;35:*.mng=01;35:*.pcx=01;35:*.mov=01;35:*.mpg=01;35:*.mpeg=01;35:*.m2v=01;35:*.mkv=01;35:*.webm=01;35:*.webp=01;35:*.ogm=01;35:*.mp4=01;35:*.m4v=01;35:*.mp4v=01;35:*.vob=01;35:*.qt=01;35:*.nuv=01;35:*.wmv=01;35:*.asf=01;35:*.rm=01;35:*.rmvb=01;35:*.flc=01;35:*.avi=01;35:*.fli=01;35:*.flv=01;35:*.gl=01;35:*.dl=01;35:*.xcf=01;35:*.xwd=01;35:*.yuv=01;35:*.cgm=01;35:*.emf=01;35:*.ogv=01;35:*.ogx=01;35:*.aac=00;36:*.au=00;36:*.flac=00;36:*.m4a=00;36:*.mid=00;36:*.midi=00;36:*.mka=00;36:*.mp3=00;36:*.mpc=00;36:*.ogg=00;36:*.ra=00;36:*.wav=00;36:*.oga=00;36:*.opus=00;36:*.spx=00;36:*.xspf=00;36:'), ('SSH_AGENT_LAUNCHER', 'gnome-keyring'), ('SSH_AUTH_SOCK', '/run/user/1000/keyring/ssh'), ('AMENT_PREFIX_PATH', '/home/wei/fire_scout_ws/install/fire_scout_sensors:/home/wei/fire_scout_ws/install/fire_scout_localization:/home/wei/fire_scout_ws/install/px4_msgs:/opt/ros/humble'), ('SHELL', '/bin/bash'), ('LC_NAME', 'en_US.UTF-8'), ('TERMINATOR_UUID', 'urn:uuid:fca43956-d007-4aaf-9558-4a21fbf7314a'), ('QT_ACCESSIBILITY', '1'), ('GDMSESSION', 'ubuntu'), ('LESSCLOSE', '/usr/bin/lesspipe %s %s'), ('LC_MEASUREMENT', 'en_US.UTF-8'), ('GJS_DEBUG_OUTPUT', 'stderr'), ('LC_IDENTIFICATION', 'en_US.UTF-8'), ('GZ_VERSION', 'harmonic'), ('QT_IM_MODULE', 'ibus'), ('PWD', '/home/wei/fire_scout_ws/build/fire_scout_bringup'), ('LC_ALL', 'en_US.UTF-8'), ('XDG_CONFIG_DIRS', '/etc/xdg/xdg-ubuntu:/etc/xdg'), ('XDG_DATA_DIRS', '/usr/share/ubuntu:/home/wei/.local/share/flatpak/exports/share:/var/lib/flatpak/exports/share:/usr/local/share/:/usr/share/:/var/lib/snapd/desktop'), ('PYTHONPATH', '/home/wei/fire_scout_ws/install/px4_msgs/local/lib/python3.10/dist-packages:/opt/ros/humble/lib/python3.10/site-packages:/opt/ros/humble/local/lib/python3.10/dist-packages'), ('LC_NUMERIC', 'en_US.UTF-8'), ('LC_PAPER', 'en_US.UTF-8'), ('COLCON', '1'), ('VTE_VERSION', '6800'), ('CMAKE_PREFIX_PATH', '/home/wei/fire_scout_ws/install/fire_scout_sensors:/home/wei/fire_scout_ws/install/fire_scout_localization:/home/wei/fire_scout_ws/install/px4_msgs:/opt/ros/humble')]), 'shell': False}
[1.356855] (fire_scout_planning_safe) StdoutLine: {'line': b'-- Found rclcpp: 16.0.19 (/opt/ros/humble/share/rclcpp/cmake)\n'}
[1.371964] (fire_scout_bringup) CommandEnded: {'returncode': 0}
[1.372550] (fire_scout_bringup) JobProgress: {'identifier': 'fire_scout_bringup', 'progress': 'install'}
[1.372972] (fire_scout_bringup) Command: {'cmd': ['/usr/bin/cmake', '--install', '/home/wei/fire_scout_ws/build/fire_scout_bringup'], 'cwd': '/home/wei/fire_scout_ws/build/fire_scout_bringup', 'env': OrderedDict([('GJS_DEBUG_TOPICS', 'JS ERROR;JS LOG'), ('LESSOPEN', '| /usr/bin/lesspipe %s'), ('LANGUAGE', 'zh_CN:en'), ('USER', 'wei'), ('LC_TIME', 'en_US.UTF-8'), ('XDG_SESSION_TYPE', 'wayland'), ('SHLVL', '1'), ('LD_LIBRARY_PATH', '/home/wei/fire_scout_ws/install/px4_msgs/lib:/opt/ros/humble/opt/rviz_ogre_vendor/lib:/opt/ros/humble/lib/x86_64-linux-gnu:/opt/ros/humble/lib'), ('HOME', '/home/wei'), ('OLDPWD', '/home/wei/fire_scout_ws'), ('DESKTOP_SESSION', 'ubuntu'), ('GIO_LAUNCHED_DESKTOP_FILE', '/usr/share/applications/terminator.desktop'), ('ROS_PYTHON_VERSION', '3'), ('GNOME_SHELL_SESSION_MODE', 'ubuntu'), ('GTK_MODULES', 'gail:atk-bridge'), ('LC_MONETARY', 'en_US.UTF-8'), ('MANAGERPID', '1353'), ('SYSTEMD_EXEC_PID', '1565'), ('DBUS_SESSION_BUS_ADDRESS', 'unix:path=/run/user/1000/bus'), ('COLORTERM', 'truecolor'), ('TERMINATOR_DBUS_NAME', 'net.tenshu.Terminator25ef4b219e3b005583550f2b0f9f990c3'), ('GIO_LAUNCHED_DESKTOP_FILE_PID', '751313'), ('IM_CONFIG_PHASE', '1'), ('WAYLAND_DISPLAY', 'wayland-0'), ('ROS_DISTRO', 'humble'), ('LOGNAME', 'wei'), ('JOURNAL_STREAM', '8:9374'), ('_', '/usr/bin/colcon'), ('ROS_VERSION', '2'), ('XDG_SESSION_CLASS', 'user'), ('USERNAME', 'wei'), ('TERM', 'xterm-256color'), ('GNOME_DESKTOP_SESSION_ID', 'this-is-deprecated'), ('ROS_LOCALHOST_ONLY', '0'), ('PATH', '/opt/ros/humble/bin:/home/wei/.local/bin:/usr/local/sbin:/usr/local/bin:/usr/sbin:/usr/bin:/sbin:/bin:/usr/games:/usr/local/games:/snap/bin:/snap/bin'), ('SESSION_MANAGER', 'local/wei:@/tmp/.ICE-unix/1528,unix/wei:/tmp/.ICE-unix/1528'), ('INVOCATION_ID', 'ed7428c5436e412e81e0d8a34a655579'), ('PAPERSIZE', 'letter'), ('XDG_MENU_PREFIX', 'gnome-'), ('LC_ADDRESS', 'en_US.UTF-8'), ('GNOME_SETUP_DISPLAY', ':1'), ('XDG_RUNTIME_DIR', '/run/user/1000'), ('DISPLAY', ':0'), ('TERMINATOR_DBUS_PATH', '/net/tenshu/Terminator2'), ('LANG', 'zh_CN.UTF-8'), ('XDG_CURRENT_DESKTOP', 'ubuntu:GNOME'), ('IBUS_DISABLE_SNOOPER', '1'), ('LC_TELEPHONE', 'en_US.UTF-8'), ('RMW_IMPLEMENTATION', 'rmw_cyclonedds_cpp'), ('XMODIFIERS', '@im=ibus'), ('XDG_SESSION_DESKTOP', 'ubuntu'), ('XAUTHORITY', '/run/user/1000/.mutter-Xwaylandauth.F875V3'), ('LS_COLORS', 'rs=0:di=01;34:ln=01;36:mh=00:pi=40;33:so=01;35:do=01;35:bd=40;33;01:cd=40;33;01:or=40;31;01:mi=00:su=37;41:sg=30;43:ca=30;41:tw=30;42:ow=34;42:st=37;44:ex=01;32:*.tar=01;31:*.tgz=01;31:*.arc=01;31:*.arj=01;31:*.taz=01;31:*.lha=01;31:*.lz4=01;31:*.lzh=01;31:*.lzma=01;31:*.tlz=01;31:*.txz=01;31:*.tzo=01;31:*.t7z=01;31:*.zip=01;31:*.z=01;31:*.dz=01;31:*.gz=01;31:*.lrz=01;31:*.lz=01;31:*.lzo=01;31:*.xz=01;31:*.zst=01;31:*.tzst=01;31:*.bz2=01;31:*.bz=01;31:*.tbz=01;31:*.tbz2=01;31:*.tz=01;31:*.deb=01;31:*.rpm=01;31:*.jar=01;31:*.war=01;31:*.ear=01;31:*.sar=01;31:*.rar=01;31:*.alz=01;31:*.ace=01;31:*.zoo=01;31:*.cpio=01;31:*.7z=01;31:*.rz=01;31:*.cab=01;31:*.wim=01;31:*.swm=01;31:*.dwm=01;31:*.esd=01;31:*.jpg=01;35:*.jpeg=01;35:*.mjpg=01;35:*.mjpeg=01;35:*.gif=01;35:*.bmp=01;35:*.pbm=01;35:*.pgm=01;35:*.ppm=01;35:*.tga=01;35:*.xbm=01;35:*.xpm=01;35:*.tif=01;35:*.tiff=01;35:*.png=01;35:*.svg=01;35:*.svgz=01;35:*.mng=01;35:*.pcx=01;35:*.mov=01;35:*.mpg=01;35:*.mpeg=01;35:*.m2v=01;35:*.mkv=01;35:*.webm=01;35:*.webp=01;35:*.ogm=01;35:*.mp4=01;35:*.m4v=01;35:*.mp4v=01;35:*.vob=01;35:*.qt=01;35:*.nuv=01;35:*.wmv=01;35:*.asf=01;35:*.rm=01;35:*.rmvb=01;35:*.flc=01;35:*.avi=01;35:*.fli=01;35:*.flv=01;35:*.gl=01;35:*.dl=01;35:*.xcf=01;35:*.xwd=01;35:*.yuv=01;35:*.cgm=01;35:*.emf=01;35:*.ogv=01;35:*.ogx=01;35:*.aac=00;36:*.au=00;36:*.flac=00;36:*.m4a=00;36:*.mid=00;36:*.midi=00;36:*.mka=00;36:*.mp3=00;36:*.mpc=00;36:*.ogg=00;36:*.ra=00;36:*.wav=00;36:*.oga=00;36:*.opus=00;36:*.spx=00;36:*.xspf=00;36:'), ('SSH_AGENT_LAUNCHER', 'gnome-keyring'), ('SSH_AUTH_SOCK', '/run/user/1000/keyring/ssh'), ('AMENT_PREFIX_PATH', '/home/wei/fire_scout_ws/install/fire_scout_sensors:/home/wei/fire_scout_ws/install/fire_scout_localization:/home/wei/fire_scout_ws/install/px4_msgs:/opt/ros/humble'), ('SHELL', '/bin/bash'), ('LC_NAME', 'en_US.UTF-8'), ('TERMINATOR_UUID', 'urn:uuid:fca43956-d007-4aaf-9558-4a21fbf7314a'), ('QT_ACCESSIBILITY', '1'), ('GDMSESSION', 'ubuntu'), ('LESSCLOSE', '/usr/bin/lesspipe %s %s'), ('LC_MEASUREMENT', 'en_US.UTF-8'), ('GJS_DEBUG_OUTPUT', 'stderr'), ('LC_IDENTIFICATION', 'en_US.UTF-8'), ('GZ_VERSION', 'harmonic'), ('QT_IM_MODULE', 'ibus'), ('PWD', '/home/wei/fire_scout_ws/build/fire_scout_bringup'), ('LC_ALL', 'en_US.UTF-8'), ('XDG_CONFIG_DIRS', '/etc/xdg/xdg-ubuntu:/etc/xdg'), ('XDG_DATA_DIRS', '/usr/share/ubuntu:/home/wei/.local/share/flatpak/exports/share:/var/lib/flatpak/exports/share:/usr/local/share/:/usr/share/:/var/lib/snapd/desktop'), ('PYTHONPATH', '/home/wei/fire_scout_ws/install/px4_msgs/local/lib/python3.10/dist-packages:/opt/ros/humble/lib/python3.10/site-packages:/opt/ros/humble/local/lib/python3.10/dist-packages'), ('LC_NUMERIC', 'en_US.UTF-8'), ('LC_PAPER', 'en_US.UTF-8'), ('COLCON', '1'), ('VTE_VERSION', '6800'), ('CMAKE_PREFIX_PATH', '/home/wei/fire_scout_ws/install/fire_scout_sensors:/home/wei/fire_scout_ws/install/fire_scout_localization:/home/wei/fire_scout_ws/install/px4_msgs:/opt/ros/humble')]), 'shell': False}
[1.375949] (fire_scout_planning_safe) StdoutLine: {'line': b'-- Found rosidl_generator_c: 3.1.8 (/opt/ros/humble/share/rosidl_generator_c/cmake)\n'}
[1.377407] (fire_scout_planning_safe) StdoutLine: {'line': b'-- Found rosidl_adapter: 3.1.8 (/opt/ros/humble/share/rosidl_adapter/cmake)\n'}
[1.379992] (fire_scout_bringup) StdoutLine: {'line': b'-- Install configuration: ""\n'}
[1.380052] (fire_scout_bringup) StdoutLine: {'line': b'-- Up-to-date: /home/wei/fire_scout_ws/install/fire_scout_bringup/share/fire_scout_bringup/launch\n'}
[1.380101] (fire_scout_bringup) StdoutLine: {'line': b'-- Up-to-date: /home/wei/fire_scout_ws/install/fire_scout_bringup/share/fire_scout_bringup/launch/single_scout.launch.py\n'}
[1.380154] (fire_scout_bringup) StdoutLine: {'line': b'-- Up-to-date: /home/wei/fire_scout_ws/install/fire_scout_bringup/share/fire_scout_bringup/launch/multi_scout.launch.py\n'}
[1.380188] (fire_scout_bringup) StdoutLine: {'line': b'-- Up-to-date: /home/wei/fire_scout_ws/install/fire_scout_bringup/share/fire_scout_bringup/docs\n'}
[1.380237] (fire_scout_bringup) StdoutLine: {'line': b'-- Up-to-date: /home/wei/fire_scout_ws/install/fire_scout_bringup/share/fire_scout_bringup/docs/TF_STARTUP_TROUBLESHOOTING_ZH.md\n'}
[1.380287] (fire_scout_bringup) StdoutLine: {'line': b'-- Up-to-date: /home/wei/fire_scout_ws/install/fire_scout_bringup/lib/fire_scout_bringup/start_radar_bridge.sh\n'}
[1.380335] (fire_scout_bringup) StdoutLine: {'line': b'-- Up-to-date: /home/wei/fire_scout_ws/install/fire_scout_bringup/lib/fire_scout_bringup/diagnose_multi_tf.sh\n'}
[1.380370] (fire_scout_bringup) StdoutLine: {'line': b'-- Up-to-date: /home/wei/fire_scout_ws/install/fire_scout_bringup/share/ament_index/resource_index/package_run_dependencies/fire_scout_bringup\n'}
[1.380404] (fire_scout_bringup) StdoutLine: {'line': b'-- Up-to-date: /home/wei/fire_scout_ws/install/fire_scout_bringup/share/ament_index/resource_index/parent_prefix_path/fire_scout_bringup\n'}
[1.380435] (fire_scout_bringup) StdoutLine: {'line': b'-- Up-to-date: /home/wei/fire_scout_ws/install/fire_scout_bringup/share/fire_scout_bringup/environment/ament_prefix_path.sh\n'}
[1.380485] (fire_scout_bringup) StdoutLine: {'line': b'-- Up-to-date: /home/wei/fire_scout_ws/install/fire_scout_bringup/share/fire_scout_bringup/environment/ament_prefix_path.dsv\n'}
[1.380519] (fire_scout_bringup) StdoutLine: {'line': b'-- Up-to-date: /home/wei/fire_scout_ws/install/fire_scout_bringup/share/fire_scout_bringup/environment/path.sh\n'}
[1.380548] (fire_scout_bringup) StdoutLine: {'line': b'-- Up-to-date: /home/wei/fire_scout_ws/install/fire_scout_bringup/share/fire_scout_bringup/environment/path.dsv\n'}
[1.380578] (fire_scout_bringup) StdoutLine: {'line': b'-- Up-to-date: /home/wei/fire_scout_ws/install/fire_scout_bringup/share/fire_scout_bringup/local_setup.bash\n'}
[1.380608] (fire_scout_bringup) StdoutLine: {'line': b'-- Up-to-date: /home/wei/fire_scout_ws/install/fire_scout_bringup/share/fire_scout_bringup/local_setup.sh\n'}
[1.380644] (fire_scout_bringup) StdoutLine: {'line': b'-- Up-to-date: /home/wei/fire_scout_ws/install/fire_scout_bringup/share/fire_scout_bringup/local_setup.zsh\n'}
[1.380678] (fire_scout_bringup) StdoutLine: {'line': b'-- Up-to-date: /home/wei/fire_scout_ws/install/fire_scout_bringup/share/fire_scout_bringup/local_setup.dsv\n'}
[1.380706] (fire_scout_bringup) StdoutLine: {'line': b'-- Up-to-date: /home/wei/fire_scout_ws/install/fire_scout_bringup/share/fire_scout_bringup/package.dsv\n'}
[1.380734] (fire_scout_bringup) StdoutLine: {'line': b'-- Up-to-date: /home/wei/fire_scout_ws/install/fire_scout_bringup/share/ament_index/resource_index/packages/fire_scout_bringup\n'}
[1.380765] (fire_scout_bringup) StdoutLine: {'line': b'-- Up-to-date: /home/wei/fire_scout_ws/install/fire_scout_bringup/share/fire_scout_bringup/cmake/fire_scout_bringupConfig.cmake\n'}
[1.380793] (fire_scout_bringup) StdoutLine: {'line': b'-- Up-to-date: /home/wei/fire_scout_ws/install/fire_scout_bringup/share/fire_scout_bringup/cmake/fire_scout_bringupConfig-version.cmake\n'}
[1.380822] (fire_scout_bringup) StdoutLine: {'line': b'-- Up-to-date: /home/wei/fire_scout_ws/install/fire_scout_bringup/share/fire_scout_bringup/package.xml\n'}
[1.381279] (fire_scout_planning_safe) StdoutLine: {'line': b'-- Found rosidl_generator_cpp: 3.1.8 (/opt/ros/humble/share/rosidl_generator_cpp/cmake)\n'}
[1.382111] (fire_scout_bringup) CommandEnded: {'returncode': 0}
[1.387491] (fire_scout_planning_safe) StdoutLine: {'line': b'-- Using all available rosidl_typesupport_c: rosidl_typesupport_fastrtps_c;rosidl_typesupport_introspection_c\n'}
[1.390122] (fire_scout_bringup) JobEnded: {'identifier': 'fire_scout_bringup', 'rc': 0}
[1.396395] (fire_scout_planning_safe) StdoutLine: {'line': b'-- Using all available rosidl_typesupport_cpp: rosidl_typesupport_fastrtps_cpp;rosidl_typesupport_introspection_cpp\n'}
[1.401599] (-) TimerEvent: {}
[1.417963] (fire_scout_planning_safe) StdoutLine: {'line': b'-- Found rmw_implementation_cmake: 6.1.2 (/opt/ros/humble/share/rmw_implementation_cmake/cmake)\n'}
[1.418808] (fire_scout_planning_safe) StdoutLine: {'line': b'-- Found rmw_cyclonedds_cpp: 1.3.4 (/opt/ros/humble/share/rmw_cyclonedds_cpp/cmake)\n'}
[1.430131] (fire_scout_planning_safe) StdoutLine: {'line': b"-- Using RMW implementation 'rmw_cyclonedds_cpp' as default\n"}
[1.461092] (fire_scout_planning_safe) StdoutLine: {'line': b'-- Found sensor_msgs: 4.9.1 (/opt/ros/humble/share/sensor_msgs/cmake)\n'}
[1.479590] (fire_scout_planning_safe) StdoutLine: {'line': b'-- Found nav_msgs: 4.9.1 (/opt/ros/humble/share/nav_msgs/cmake)\n'}
[1.490012] (fire_scout_planning_safe) StdoutLine: {'line': b'-- Found std_srvs: 4.9.1 (/opt/ros/humble/share/std_srvs/cmake)\n'}
[1.495566] (fire_scout_planning_safe) StdoutLine: {'line': b'-- Found tf2: 0.25.22 (/opt/ros/humble/share/tf2/cmake)\n'}
[1.497901] (fire_scout_planning_safe) StdoutLine: {'line': b'-- Found tf2_ros: 0.25.22 (/opt/ros/humble/share/tf2_ros/cmake)\n'}
[1.501665] (-) TimerEvent: {}
[1.547575] (fire_scout_planning_safe) StdoutLine: {'line': b'-- Found px4_msgs: 2.0.1 (/home/wei/fire_scout_ws/install/px4_msgs/share/px4_msgs/cmake)\n'}
[1.601782] (-) TimerEvent: {}
[1.684661] (fire_scout_planning_safe) StdoutLine: {'line': b'-- Configuring done\n'}
[1.701857] (-) TimerEvent: {}
[1.719670] (fire_scout_planning_safe) StdoutLine: {'line': b'-- Generating done\n'}
[1.731535] (fire_scout_planning_safe) StdoutLine: {'line': b'-- Build files have been written to: /home/wei/fire_scout_ws/build/fire_scout_planning_safe\n'}
[1.756570] (fire_scout_planning_safe) StdoutLine: {'line': b'\x1b[35m\x1b[1mConsolidate compiler generated dependencies of target coordination_components_test\x1b[0m\n'}
[1.757103] (fire_scout_planning_safe) StdoutLine: {'line': b'\x1b[35m\x1b[1mConsolidate compiler generated dependencies of target safe_airfar_path_follower\x1b[0m\n'}
[1.757227] (fire_scout_planning_safe) StdoutLine: {'line': b'\x1b[35m\x1b[1mConsolidate compiler generated dependencies of target passage_coordinator\x1b[0m\n'}
[1.757329] (fire_scout_planning_safe) StdoutLine: {'line': b'\x1b[35m\x1b[1mConsolidate compiler generated dependencies of target route_switch_test\x1b[0m\n'}
[1.757740] (fire_scout_planning_safe) StdoutLine: {'line': b'\x1b[35m\x1b[1mConsolidate compiler generated dependencies of target radar_free_space_mapper\x1b[0m\n'}
[1.758120] (fire_scout_planning_safe) StdoutLine: {'line': b'\x1b[35m\x1b[1mConsolidate compiler generated dependencies of target racer_task_allocator\x1b[0m\n'}
[1.758224] (fire_scout_planning_safe) StdoutLine: {'line': b'\x1b[35m\x1b[1mConsolidate compiler generated dependencies of target multi_uav_map_fusion\x1b[0m\n'}
[1.758353] (fire_scout_planning_safe) StdoutLine: {'line': b'\x1b[35m\x1b[1mConsolidate compiler generated dependencies of target v2_coordination_test\x1b[0m\n'}
[1.759123] (fire_scout_planning_safe) StdoutLine: {'line': b'\x1b[35m\x1b[1mConsolidate compiler generated dependencies of target follower_alignment_test\x1b[0m\n'}
[1.759259] (fire_scout_planning_safe) StdoutLine: {'line': b'\x1b[35m\x1b[1mConsolidate compiler generated dependencies of target safe_airfar_like_planner\x1b[0m\n'}
[1.759374] (fire_scout_planning_safe) StdoutLine: {'line': b'\x1b[35m\x1b[1mConsolidate compiler generated dependencies of target incremental_repair_v19_test\x1b[0m\n'}
[1.760102] (fire_scout_planning_safe) StdoutLine: {'line': b'\x1b[35m\x1b[1mConsolidate compiler generated dependencies of target ultrasonic_memory_test\x1b[0m\n'}
[1.761310] (fire_scout_planning_safe) StdoutLine: {'line': b'\x1b[35m\x1b[1mConsolidate compiler generated dependencies of target v2_trajectory_test\x1b[0m\n'}
[1.767922] (fire_scout_planning_safe) StdoutLine: {'line': b'[ 10%] Built target coordination_components_test\n'}
[1.768114] (fire_scout_planning_safe) StdoutLine: {'line': b'[ 10%] \x1b[32mBuilding CXX object CMakeFiles/v2_topology_routes_test.dir/tests/v2_topology_routes_test.cpp.o\x1b[0m\n'}
[1.768283] (fire_scout_planning_safe) StdoutLine: {'line': b'[ 16%] Built target route_switch_test\n'}
[1.773704] (fire_scout_planning_safe) StdoutLine: {'line': b'[ 23%] Built target incremental_repair_v19_test\n'}
[1.773938] (fire_scout_planning_safe) StdoutLine: {'line': b'[ 30%] \x1b[32mBuilding CXX object CMakeFiles/v2_tracking_guard_test.dir/tests/v2_tracking_guard_test.cpp.o\x1b[0m\n'}
[1.774087] (fire_scout_planning_safe) StdoutLine: {'line': b'[ 30%] \x1b[32mBuilding CXX object CMakeFiles/v2_coordination_test.dir/tests/v2_coordination_test.cpp.o\x1b[0m\n'}
[1.774189] (fire_scout_planning_safe) StdoutLine: {'line': b'[ 33%] \x1b[32mBuilding CXX object CMakeFiles/follower_alignment_test.dir/tests/follower_alignment_test.cpp.o\x1b[0m\n'}
[1.774285] (fire_scout_planning_safe) StdoutLine: {'line': b'[ 40%] Built target ultrasonic_memory_test\n'}
[1.776167] (fire_scout_planning_safe) StdoutLine: {'line': b'[ 43%] \x1b[32mBuilding CXX object CMakeFiles/safe_airfar_path_follower.dir/src/safe_airfar_path_follower.cpp.o\x1b[0m\n'}
[1.777961] (fire_scout_planning_safe) StdoutLine: {'line': b'[ 46%] \x1b[32mBuilding CXX object CMakeFiles/v2_trajectory_test.dir/tests/v2_trajectory_test.cpp.o\x1b[0m\n'}
[1.779363] (fire_scout_planning_safe) StdoutLine: {'line': b'[ 53%] Built target passage_coordinator\n'}
[1.782039] (fire_scout_planning_safe) StdoutLine: {'line': b'[ 56%] \x1b[32mBuilding CXX object CMakeFiles/safe_airfar_like_planner.dir/src/safe_airfar_like_planner.cpp.o\x1b[0m\n'}
[1.784422] (fire_scout_planning_safe) StdoutLine: {'line': b'[ 63%] Built target multi_uav_map_fusion\n'}
[1.785464] (fire_scout_planning_safe) StdoutLine: {'line': b'[ 66%] \x1b[32mBuilding CXX object CMakeFiles/racer_task_allocator.dir/src/racer_task_allocator.cpp.o\x1b[0m\n'}
[1.787298] (fire_scout_planning_safe) StdoutLine: {'line': b'[ 73%] Built target radar_free_space_mapper\n'}
[1.801959] (-) TimerEvent: {}
[1.902235] (-) TimerEvent: {}
[2.002794] (-) TimerEvent: {}
[2.103265] (-) TimerEvent: {}
[2.203845] (-) TimerEvent: {}
[2.304325] (-) TimerEvent: {}
[2.404773] (-) TimerEvent: {}
[2.505099] (-) TimerEvent: {}
[2.605441] (-) TimerEvent: {}
[2.705844] (-) TimerEvent: {}
[2.806444] (-) TimerEvent: {}
[2.906772] (-) TimerEvent: {}
[2.986497] (fire_scout_planning_safe) StdoutLine: {'line': b'[ 76%] \x1b[32m\x1b[1mLinking CXX executable follower_alignment_test\x1b[0m\n'}
[3.006888] (-) TimerEvent: {}
[3.061172] (fire_scout_planning_safe) StdoutLine: {'line': b'[ 76%] Built target follower_alignment_test\n'}
[3.107117] (-) TimerEvent: {}
[3.207485] (-) TimerEvent: {}
[3.307796] (-) TimerEvent: {}
[3.408244] (-) TimerEvent: {}
[3.508607] (-) TimerEvent: {}
[3.577762] (fire_scout_planning_safe) StdoutLine: {'line': b'[ 80%] \x1b[32m\x1b[1mLinking CXX executable v2_trajectory_test\x1b[0m\n'}
[3.608883] (-) TimerEvent: {}
[3.657589] (fire_scout_planning_safe) StdoutLine: {'line': b'[ 80%] Built target v2_trajectory_test\n'}
[3.709000] (-) TimerEvent: {}
[3.809407] (-) TimerEvent: {}
[3.828442] (fire_scout_planning_safe) StdoutLine: {'line': b'[ 83%] \x1b[32m\x1b[1mLinking CXX executable v2_tracking_guard_test\x1b[0m\n'}
[3.902911] (fire_scout_planning_safe) StdoutLine: {'line': b'[ 83%] Built target v2_tracking_guard_test\n'}
[3.909606] (-) TimerEvent: {}
[4.010028] (-) TimerEvent: {}
[4.110427] (-) TimerEvent: {}
[4.210869] (-) TimerEvent: {}
[4.311440] (-) TimerEvent: {}
[4.411764] (-) TimerEvent: {}
[4.512103] (-) TimerEvent: {}
[4.612556] (-) TimerEvent: {}
[4.712879] (-) TimerEvent: {}
[4.813311] (-) TimerEvent: {}
[4.913657] (-) TimerEvent: {}
[5.014056] (-) TimerEvent: {}
[5.114493] (-) TimerEvent: {}
[5.214977] (-) TimerEvent: {}
[5.315538] (-) TimerEvent: {}
[5.378164] (fire_scout_planning_safe) StdoutLine: {'line': b'[ 86%] \x1b[32m\x1b[1mLinking CXX executable v2_topology_routes_test\x1b[0m\n'}
[5.415701] (-) TimerEvent: {}
[5.440363] (fire_scout_planning_safe) StdoutLine: {'line': b'[ 86%] Built target v2_topology_routes_test\n'}
[5.515821] (-) TimerEvent: {}
[5.616266] (-) TimerEvent: {}
[5.716648] (-) TimerEvent: {}
[5.817101] (-) TimerEvent: {}
[5.835803] (fire_scout_planning_safe) StdoutLine: {'line': b'[ 90%] \x1b[32m\x1b[1mLinking CXX executable v2_coordination_test\x1b[0m\n'}
[5.917402] (-) TimerEvent: {}
[5.920163] (fire_scout_planning_safe) StdoutLine: {'line': b'[ 90%] Built target v2_coordination_test\n'}
[6.017591] (-) TimerEvent: {}
[6.117966] (-) TimerEvent: {}
[6.218362] (-) TimerEvent: {}
[6.318677] (-) TimerEvent: {}
[6.419082] (-) TimerEvent: {}
[6.519505] (-) TimerEvent: {}
[6.619889] (-) TimerEvent: {}
[6.720289] (-) TimerEvent: {}
[6.820668] (-) TimerEvent: {}
[6.921095] (-) TimerEvent: {}
[7.021606] (-) TimerEvent: {}
[7.122023] (-) TimerEvent: {}
[7.222350] (-) TimerEvent: {}
[7.322720] (-) TimerEvent: {}
[7.423123] (-) TimerEvent: {}
[7.523545] (-) TimerEvent: {}
[7.623973] (-) TimerEvent: {}
[7.724387] (-) TimerEvent: {}
[7.824801] (-) TimerEvent: {}
[7.925295] (-) TimerEvent: {}
[8.025641] (-) TimerEvent: {}
[8.125964] (-) TimerEvent: {}
[8.226346] (-) TimerEvent: {}
[8.326645] (-) TimerEvent: {}
[8.426955] (-) TimerEvent: {}
[8.527352] (-) TimerEvent: {}
[8.627655] (-) TimerEvent: {}
[8.727990] (-) TimerEvent: {}
[8.828283] (-) TimerEvent: {}
[8.928588] (-) TimerEvent: {}
[9.028907] (-) TimerEvent: {}
[9.129347] (-) TimerEvent: {}
[9.229688] (-) TimerEvent: {}
[9.329996] (-) TimerEvent: {}
[9.430407] (-) TimerEvent: {}
[9.530711] (-) TimerEvent: {}
[9.631017] (-) TimerEvent: {}
[9.731419] (-) TimerEvent: {}
[9.831853] (-) TimerEvent: {}
[9.932281] (-) TimerEvent: {}
[10.032690] (-) TimerEvent: {}
[10.133081] (-) TimerEvent: {}
[10.233500] (-) TimerEvent: {}
[10.333927] (-) TimerEvent: {}
[10.434317] (-) TimerEvent: {}
[10.534725] (-) TimerEvent: {}
[10.635125] (-) TimerEvent: {}
[10.735522] (-) TimerEvent: {}
[10.835876] (-) TimerEvent: {}
[10.936267] (-) TimerEvent: {}
[11.036553] (-) TimerEvent: {}
[11.136833] (-) TimerEvent: {}
[11.237115] (-) TimerEvent: {}
[11.337628] (-) TimerEvent: {}
[11.437940] (-) TimerEvent: {}
[11.538342] (-) TimerEvent: {}
[11.638737] (-) TimerEvent: {}
[11.739091] (-) TimerEvent: {}
[11.839452] (-) TimerEvent: {}
[11.939838] (-) TimerEvent: {}
[12.040231] (-) TimerEvent: {}
[12.140612] (-) TimerEvent: {}
[12.240967] (-) TimerEvent: {}
[12.341353] (-) TimerEvent: {}
[12.441664] (-) TimerEvent: {}
[12.541970] (-) TimerEvent: {}
[12.642572] (-) TimerEvent: {}
[12.742888] (-) TimerEvent: {}
[12.843284] (-) TimerEvent: {}
[12.943592] (-) TimerEvent: {}
[13.043979] (-) TimerEvent: {}
[13.144361] (-) TimerEvent: {}
[13.244694] (-) TimerEvent: {}
[13.344991] (-) TimerEvent: {}
[13.445387] (-) TimerEvent: {}
[13.545784] (-) TimerEvent: {}
[13.646060] (-) TimerEvent: {}
[13.746416] (-) TimerEvent: {}
[13.846821] (-) TimerEvent: {}
[13.947225] (-) TimerEvent: {}
[14.047662] (-) TimerEvent: {}
[14.148043] (-) TimerEvent: {}
[14.248439] (-) TimerEvent: {}
[14.348889] (-) TimerEvent: {}
[14.449322] (-) TimerEvent: {}
[14.549734] (-) TimerEvent: {}
[14.650113] (-) TimerEvent: {}
[14.750493] (-) TimerEvent: {}
[14.850860] (-) TimerEvent: {}
[14.951257] (-) TimerEvent: {}
[15.051547] (-) TimerEvent: {}
[15.151830] (-) TimerEvent: {}
[15.252261] (-) TimerEvent: {}
[15.352669] (-) TimerEvent: {}
[15.453057] (-) TimerEvent: {}
[15.553514] (-) TimerEvent: {}
[15.653832] (-) TimerEvent: {}
[15.754244] (-) TimerEvent: {}
[15.854812] (-) TimerEvent: {}
[15.955219] (-) TimerEvent: {}
[16.055650] (-) TimerEvent: {}
[16.156093] (-) TimerEvent: {}
[16.256488] (-) TimerEvent: {}
[16.356866] (-) TimerEvent: {}
[16.457216] (-) TimerEvent: {}
[16.557549] (-) TimerEvent: {}
[16.657968] (-) TimerEvent: {}
[16.758478] (-) TimerEvent: {}
[16.859004] (-) TimerEvent: {}
[16.959473] (-) TimerEvent: {}
[17.059800] (-) TimerEvent: {}
[17.160147] (-) TimerEvent: {}
[17.260460] (-) TimerEvent: {}
[17.360802] (-) TimerEvent: {}
[17.461154] (-) TimerEvent: {}
[17.561528] (-) TimerEvent: {}
[17.661802] (-) TimerEvent: {}
[17.762142] (-) TimerEvent: {}
[17.862532] (-) TimerEvent: {}
[17.962804] (-) TimerEvent: {}
[18.063132] (-) TimerEvent: {}
[18.163459] (-) TimerEvent: {}
[18.263774] (-) TimerEvent: {}
[18.364118] (-) TimerEvent: {}
[18.464523] (-) TimerEvent: {}
[18.564801] (-) TimerEvent: {}
[18.606805] (fire_scout_planning_safe) StdoutLine: {'line': b'[ 93%] \x1b[32m\x1b[1mLinking CXX executable racer_task_allocator\x1b[0m\n'}
[18.664905] (-) TimerEvent: {}
[18.765229] (-) TimerEvent: {}
[18.801370] (fire_scout_planning_safe) StdoutLine: {'line': b'[ 93%] Built target racer_task_allocator\n'}
[18.865335] (-) TimerEvent: {}
[18.965643] (-) TimerEvent: {}
[19.065925] (-) TimerEvent: {}
[19.166283] (-) TimerEvent: {}
[19.266548] (-) TimerEvent: {}
[19.366831] (-) TimerEvent: {}
[19.467184] (-) TimerEvent: {}
[19.567615] (-) TimerEvent: {}
[19.667881] (-) TimerEvent: {}
[19.768155] (-) TimerEvent: {}
[19.868494] (-) TimerEvent: {}
[19.968813] (-) TimerEvent: {}
[20.069184] (-) TimerEvent: {}
[20.169518] (-) TimerEvent: {}
[20.269784] (-) TimerEvent: {}
[20.370137] (-) TimerEvent: {}
[20.470494] (-) TimerEvent: {}
[20.570850] (-) TimerEvent: {}
[20.671122] (-) TimerEvent: {}
[20.771547] (-) TimerEvent: {}
[20.871822] (-) TimerEvent: {}
[20.972194] (-) TimerEvent: {}
[21.072552] (-) TimerEvent: {}
[21.172843] (-) TimerEvent: {}
[21.273190] (-) TimerEvent: {}
[21.373455] (-) TimerEvent: {}
[21.473721] (-) TimerEvent: {}
[21.574039] (-) TimerEvent: {}
[21.674430] (-) TimerEvent: {}
[21.774854] (-) TimerEvent: {}
[21.875185] (-) TimerEvent: {}
[21.975498] (-) TimerEvent: {}
[22.075724] (-) TimerEvent: {}
[22.176074] (-) TimerEvent: {}
[22.276461] (-) TimerEvent: {}
[22.376733] (-) TimerEvent: {}
[22.477121] (-) TimerEvent: {}
[22.577508] (-) TimerEvent: {}
[22.677958] (-) TimerEvent: {}
[22.778309] (-) TimerEvent: {}
[22.878589] (-) TimerEvent: {}
[22.978858] (-) TimerEvent: {}
[23.079221] (-) TimerEvent: {}
[23.179544] (-) TimerEvent: {}
[23.279812] (-) TimerEvent: {}
[23.380148] (-) TimerEvent: {}
[23.480582] (-) TimerEvent: {}
[23.580874] (-) TimerEvent: {}
[23.681287] (-) TimerEvent: {}
[23.781744] (-) TimerEvent: {}
[23.882168] (-) TimerEvent: {}
[23.982586] (-) TimerEvent: {}
[24.082880] (-) TimerEvent: {}
[24.183152] (-) TimerEvent: {}
[24.283553] (-) TimerEvent: {}
[24.383836] (-) TimerEvent: {}
[24.484210] (-) TimerEvent: {}
[24.584562] (-) TimerEvent: {}
[24.684862] (-) TimerEvent: {}
[24.785184] (-) TimerEvent: {}
[24.885429] (-) TimerEvent: {}
[24.985806] (-) TimerEvent: {}
[25.043475] (fire_scout_planning_safe) StdoutLine: {'line': b'[ 96%] \x1b[32m\x1b[1mLinking CXX executable safe_airfar_like_planner\x1b[0m\n'}
[25.086011] (-) TimerEvent: {}
[25.186397] (-) TimerEvent: {}
[25.264762] (fire_scout_planning_safe) StdoutLine: {'line': b'[ 96%] Built target safe_airfar_like_planner\n'}
[25.286593] (-) TimerEvent: {}
[25.386794] (-) TimerEvent: {}
[25.487108] (-) TimerEvent: {}
[25.587435] (-) TimerEvent: {}
[25.687750] (-) TimerEvent: {}
[25.788080] (-) TimerEvent: {}
[25.888405] (-) TimerEvent: {}
[25.988709] (-) TimerEvent: {}
[26.089004] (-) TimerEvent: {}
[26.189312] (-) TimerEvent: {}
[26.289676] (-) TimerEvent: {}
[26.389980] (-) TimerEvent: {}
[26.490346] (-) TimerEvent: {}
[26.590700] (-) TimerEvent: {}
[26.690963] (-) TimerEvent: {}
[26.791292] (-) TimerEvent: {}
[26.891642] (-) TimerEvent: {}
[26.991938] (-) TimerEvent: {}
[27.092244] (-) TimerEvent: {}
[27.192570] (-) TimerEvent: {}
[27.292873] (-) TimerEvent: {}
[27.393193] (-) TimerEvent: {}
[27.493500] (-) TimerEvent: {}
[27.593813] (-) TimerEvent: {}
[27.694115] (-) TimerEvent: {}
[27.794462] (-) TimerEvent: {}
[27.894769] (-) TimerEvent: {}
[27.995115] (-) TimerEvent: {}
[28.095444] (-) TimerEvent: {}
[28.195684] (-) TimerEvent: {}
[28.295902] (-) TimerEvent: {}
[28.396229] (-) TimerEvent: {}
[28.496550] (-) TimerEvent: {}
[28.596876] (-) TimerEvent: {}
[28.697173] (-) TimerEvent: {}
[28.797537] (-) TimerEvent: {}
[28.897780] (-) TimerEvent: {}
[28.998029] (-) TimerEvent: {}
[29.098327] (-) TimerEvent: {}
[29.198572] (-) TimerEvent: {}
[29.298788] (-) TimerEvent: {}
[29.399079] (-) TimerEvent: {}
[29.499426] (-) TimerEvent: {}
[29.599649] (-) TimerEvent: {}
[29.699897] (-) TimerEvent: {}
[29.800191] (-) TimerEvent: {}
[29.900521] (-) TimerEvent: {}
[30.000738] (-) TimerEvent: {}
[30.100986] (-) TimerEvent: {}
[30.201293] (-) TimerEvent: {}
[30.301550] (-) TimerEvent: {}
[30.401786] (-) TimerEvent: {}
[30.502037] (-) TimerEvent: {}
[30.602361] (-) TimerEvent: {}
[30.702589] (-) TimerEvent: {}
[30.802827] (-) TimerEvent: {}
[30.903083] (-) TimerEvent: {}
[31.003433] (-) TimerEvent: {}
[31.103659] (-) TimerEvent: {}
[31.203916] (-) TimerEvent: {}
[31.304247] (-) TimerEvent: {}
[31.404533] (-) TimerEvent: {}
[31.504813] (-) TimerEvent: {}
[31.605037] (-) TimerEvent: {}
[31.705374] (-) TimerEvent: {}
[31.805721] (-) TimerEvent: {}
[31.906076] (-) TimerEvent: {}
[32.006413] (-) TimerEvent: {}
[32.106647] (-) TimerEvent: {}
[32.206988] (-) TimerEvent: {}
[32.307302] (-) TimerEvent: {}
[32.407639] (-) TimerEvent: {}
[32.507963] (-) TimerEvent: {}
[32.608283] (-) TimerEvent: {}
[32.708522] (-) TimerEvent: {}
[32.808838] (-) TimerEvent: {}
[32.909070] (-) TimerEvent: {}
[33.009349] (-) TimerEvent: {}
[33.109668] (-) TimerEvent: {}
[33.209986] (-) TimerEvent: {}
[33.310335] (-) TimerEvent: {}
[33.410562] (-) TimerEvent: {}
[33.510914] (-) TimerEvent: {}
[33.611234] (-) TimerEvent: {}
[33.711511] (-) TimerEvent: {}
[33.811858] (-) TimerEvent: {}
[33.912171] (-) TimerEvent: {}
[34.012499] (-) TimerEvent: {}
[34.112725] (-) TimerEvent: {}
[34.213059] (-) TimerEvent: {}
[34.313391] (-) TimerEvent: {}
[34.413702] (-) TimerEvent: {}
[34.514015] (-) TimerEvent: {}
[34.614333] (-) TimerEvent: {}
[34.714579] (-) TimerEvent: {}
[34.814929] (-) TimerEvent: {}
[34.915287] (-) TimerEvent: {}
[35.015682] (-) TimerEvent: {}
[35.116058] (-) TimerEvent: {}
[35.216417] (-) TimerEvent: {}
[35.316918] (-) TimerEvent: {}
[35.417279] (-) TimerEvent: {}
[35.517613] (-) TimerEvent: {}
[35.617945] (-) TimerEvent: {}
[35.718324] (-) TimerEvent: {}
[35.818686] (-) TimerEvent: {}
[35.918957] (-) TimerEvent: {}
[36.019258] (-) TimerEvent: {}
[36.119529] (-) TimerEvent: {}
[36.219747] (-) TimerEvent: {}
[36.320000] (-) TimerEvent: {}
[36.420309] (-) TimerEvent: {}
[36.520574] (-) TimerEvent: {}
[36.620806] (-) TimerEvent: {}
[36.721063] (-) TimerEvent: {}
[36.821384] (-) TimerEvent: {}
[36.921637] (-) TimerEvent: {}
[37.018076] (fire_scout_planning_safe) StdoutLine: {'line': b'[100%] \x1b[32m\x1b[1mLinking CXX executable safe_airfar_path_follower\x1b[0m\n'}
[37.021702] (-) TimerEvent: {}
[37.121914] (-) TimerEvent: {}
[37.222218] (-) TimerEvent: {}
[37.302091] (fire_scout_planning_safe) StdoutLine: {'line': b'[100%] Built target safe_airfar_path_follower\n'}
[37.312582] (fire_scout_planning_safe) CommandEnded: {'returncode': 0}
[37.313386] (fire_scout_planning_safe) JobProgress: {'identifier': 'fire_scout_planning_safe', 'progress': 'install'}
[37.314463] (fire_scout_planning_safe) Command: {'cmd': ['/usr/bin/cmake', '--install', '/home/wei/fire_scout_ws/build/fire_scout_planning_safe'], 'cwd': '/home/wei/fire_scout_ws/build/fire_scout_planning_safe', 'env': OrderedDict([('GJS_DEBUG_TOPICS', 'JS ERROR;JS LOG'), ('LESSOPEN', '| /usr/bin/lesspipe %s'), ('LANGUAGE', 'zh_CN:en'), ('USER', 'wei'), ('LC_TIME', 'en_US.UTF-8'), ('XDG_SESSION_TYPE', 'wayland'), ('SHLVL', '1'), ('LD_LIBRARY_PATH', '/home/wei/fire_scout_ws/install/px4_msgs/lib:/opt/ros/humble/opt/rviz_ogre_vendor/lib:/opt/ros/humble/lib/x86_64-linux-gnu:/opt/ros/humble/lib'), ('HOME', '/home/wei'), ('OLDPWD', '/home/wei/fire_scout_ws'), ('DESKTOP_SESSION', 'ubuntu'), ('GIO_LAUNCHED_DESKTOP_FILE', '/usr/share/applications/terminator.desktop'), ('ROS_PYTHON_VERSION', '3'), ('GNOME_SHELL_SESSION_MODE', 'ubuntu'), ('GTK_MODULES', 'gail:atk-bridge'), ('LC_MONETARY', 'en_US.UTF-8'), ('MANAGERPID', '1353'), ('SYSTEMD_EXEC_PID', '1565'), ('DBUS_SESSION_BUS_ADDRESS', 'unix:path=/run/user/1000/bus'), ('COLORTERM', 'truecolor'), ('TERMINATOR_DBUS_NAME', 'net.tenshu.Terminator25ef4b219e3b005583550f2b0f9f990c3'), ('GIO_LAUNCHED_DESKTOP_FILE_PID', '751313'), ('IM_CONFIG_PHASE', '1'), ('WAYLAND_DISPLAY', 'wayland-0'), ('ROS_DISTRO', 'humble'), ('LOGNAME', 'wei'), ('JOURNAL_STREAM', '8:9374'), ('_', '/usr/bin/colcon'), ('ROS_VERSION', '2'), ('XDG_SESSION_CLASS', 'user'), ('USERNAME', 'wei'), ('TERM', 'xterm-256color'), ('GNOME_DESKTOP_SESSION_ID', 'this-is-deprecated'), ('ROS_LOCALHOST_ONLY', '0'), ('PATH', '/opt/ros/humble/bin:/home/wei/.local/bin:/usr/local/sbin:/usr/local/bin:/usr/sbin:/usr/bin:/sbin:/bin:/usr/games:/usr/local/games:/snap/bin:/snap/bin'), ('SESSION_MANAGER', 'local/wei:@/tmp/.ICE-unix/1528,unix/wei:/tmp/.ICE-unix/1528'), ('INVOCATION_ID', 'ed7428c5436e412e81e0d8a34a655579'), ('PAPERSIZE', 'letter'), ('XDG_MENU_PREFIX', 'gnome-'), ('LC_ADDRESS', 'en_US.UTF-8'), ('GNOME_SETUP_DISPLAY', ':1'), ('XDG_RUNTIME_DIR', '/run/user/1000'), ('DISPLAY', ':0'), ('TERMINATOR_DBUS_PATH', '/net/tenshu/Terminator2'), ('LANG', 'zh_CN.UTF-8'), ('XDG_CURRENT_DESKTOP', 'ubuntu:GNOME'), ('IBUS_DISABLE_SNOOPER', '1'), ('LC_TELEPHONE', 'en_US.UTF-8'), ('RMW_IMPLEMENTATION', 'rmw_cyclonedds_cpp'), ('XMODIFIERS', '@im=ibus'), ('XDG_SESSION_DESKTOP', 'ubuntu'), ('XAUTHORITY', '/run/user/1000/.mutter-Xwaylandauth.F875V3'), ('LS_COLORS', 'rs=0:di=01;34:ln=01;36:mh=00:pi=40;33:so=01;35:do=01;35:bd=40;33;01:cd=40;33;01:or=40;31;01:mi=00:su=37;41:sg=30;43:ca=30;41:tw=30;42:ow=34;42:st=37;44:ex=01;32:*.tar=01;31:*.tgz=01;31:*.arc=01;31:*.arj=01;31:*.taz=01;31:*.lha=01;31:*.lz4=01;31:*.lzh=01;31:*.lzma=01;31:*.tlz=01;31:*.txz=01;31:*.tzo=01;31:*.t7z=01;31:*.zip=01;31:*.z=01;31:*.dz=01;31:*.gz=01;31:*.lrz=01;31:*.lz=01;31:*.lzo=01;31:*.xz=01;31:*.zst=01;31:*.tzst=01;31:*.bz2=01;31:*.bz=01;31:*.tbz=01;31:*.tbz2=01;31:*.tz=01;31:*.deb=01;31:*.rpm=01;31:*.jar=01;31:*.war=01;31:*.ear=01;31:*.sar=01;31:*.rar=01;31:*.alz=01;31:*.ace=01;31:*.zoo=01;31:*.cpio=01;31:*.7z=01;31:*.rz=01;31:*.cab=01;31:*.wim=01;31:*.swm=01;31:*.dwm=01;31:*.esd=01;31:*.jpg=01;35:*.jpeg=01;35:*.mjpg=01;35:*.mjpeg=01;35:*.gif=01;35:*.bmp=01;35:*.pbm=01;35:*.pgm=01;35:*.ppm=01;35:*.tga=01;35:*.xbm=01;35:*.xpm=01;35:*.tif=01;35:*.tiff=01;35:*.png=01;35:*.svg=01;35:*.svgz=01;35:*.mng=01;35:*.pcx=01;35:*.mov=01;35:*.mpg=01;35:*.mpeg=01;35:*.m2v=01;35:*.mkv=01;35:*.webm=01;35:*.webp=01;35:*.ogm=01;35:*.mp4=01;35:*.m4v=01;35:*.mp4v=01;35:*.vob=01;35:*.qt=01;35:*.nuv=01;35:*.wmv=01;35:*.asf=01;35:*.rm=01;35:*.rmvb=01;35:*.flc=01;35:*.avi=01;35:*.fli=01;35:*.flv=01;35:*.gl=01;35:*.dl=01;35:*.xcf=01;35:*.xwd=01;35:*.yuv=01;35:*.cgm=01;35:*.emf=01;35:*.ogv=01;35:*.ogx=01;35:*.aac=00;36:*.au=00;36:*.flac=00;36:*.m4a=00;36:*.mid=00;36:*.midi=00;36:*.mka=00;36:*.mp3=00;36:*.mpc=00;36:*.ogg=00;36:*.ra=00;36:*.wav=00;36:*.oga=00;36:*.opus=00;36:*.spx=00;36:*.xspf=00;36:'), ('SSH_AGENT_LAUNCHER', 'gnome-keyring'), ('SSH_AUTH_SOCK', '/run/user/1000/keyring/ssh'), ('AMENT_PREFIX_PATH', '/home/wei/fire_scout_ws/install/px4_msgs:/opt/ros/humble'), ('SHELL', '/bin/bash'), ('LC_NAME', 'en_US.UTF-8'), ('TERMINATOR_UUID', 'urn:uuid:fca43956-d007-4aaf-9558-4a21fbf7314a'), ('QT_ACCESSIBILITY', '1'), ('GDMSESSION', 'ubuntu'), ('LESSCLOSE', '/usr/bin/lesspipe %s %s'), ('LC_MEASUREMENT', 'en_US.UTF-8'), ('GJS_DEBUG_OUTPUT', 'stderr'), ('LC_IDENTIFICATION', 'en_US.UTF-8'), ('GZ_VERSION', 'harmonic'), ('QT_IM_MODULE', 'ibus'), ('PWD', '/home/wei/fire_scout_ws/build/fire_scout_planning_safe'), ('LC_ALL', 'en_US.UTF-8'), ('XDG_CONFIG_DIRS', '/etc/xdg/xdg-ubuntu:/etc/xdg'), ('XDG_DATA_DIRS', '/usr/share/ubuntu:/home/wei/.local/share/flatpak/exports/share:/var/lib/flatpak/exports/share:/usr/local/share/:/usr/share/:/var/lib/snapd/desktop'), ('PYTHONPATH', '/home/wei/fire_scout_ws/install/px4_msgs/local/lib/python3.10/dist-packages:/opt/ros/humble/lib/python3.10/site-packages:/opt/ros/humble/local/lib/python3.10/dist-packages'), ('LC_NUMERIC', 'en_US.UTF-8'), ('LC_PAPER', 'en_US.UTF-8'), ('COLCON', '1'), ('VTE_VERSION', '6800'), ('CMAKE_PREFIX_PATH', '/home/wei/fire_scout_ws/install/px4_msgs:/opt/ros/humble')]), 'shell': False}
[37.320750] (fire_scout_planning_safe) StdoutLine: {'line': b'-- Install configuration: "Release"\n'}
[37.321009] (fire_scout_planning_safe) StdoutLine: {'line': b'-- Up-to-date: /home/wei/fire_scout_ws/install/fire_scout_planning_safe/lib/fire_scout_planning_safe/radar_free_space_mapper\n'}
[37.321133] (fire_scout_planning_safe) StdoutLine: {'line': b'-- Up-to-date: /home/wei/fire_scout_ws/install/fire_scout_planning_safe/lib/fire_scout_planning_safe/multi_uav_map_fusion\n'}
[37.321278] (fire_scout_planning_safe) StdoutLine: {'line': b'-- Installing: /home/wei/fire_scout_ws/install/fire_scout_planning_safe/lib/fire_scout_planning_safe/racer_task_allocator\n'}
[37.322274] (-) TimerEvent: {}
[37.323682] (fire_scout_planning_safe) StdoutLine: {'line': b'-- Set runtime path of "/home/wei/fire_scout_ws/install/fire_scout_planning_safe/lib/fire_scout_planning_safe/racer_task_allocator" to ""\n'}
[37.323838] (fire_scout_planning_safe) StdoutLine: {'line': b'-- Installing: /home/wei/fire_scout_ws/install/fire_scout_planning_safe/lib/fire_scout_planning_safe/safe_airfar_like_planner\n'}
[37.326473] (fire_scout_planning_safe) StdoutLine: {'line': b'-- Set runtime path of "/home/wei/fire_scout_ws/install/fire_scout_planning_safe/lib/fire_scout_planning_safe/safe_airfar_like_planner" to ""\n'}
[37.326716] (fire_scout_planning_safe) StdoutLine: {'line': b'-- Installing: /home/wei/fire_scout_ws/install/fire_scout_planning_safe/lib/fire_scout_planning_safe/safe_airfar_path_follower\n'}
[37.329730] (fire_scout_planning_safe) StdoutLine: {'line': b'-- Set runtime path of "/home/wei/fire_scout_ws/install/fire_scout_planning_safe/lib/fire_scout_planning_safe/safe_airfar_path_follower" to ""\n'}
[37.329848] (fire_scout_planning_safe) StdoutLine: {'line': b'-- Up-to-date: /home/wei/fire_scout_ws/install/fire_scout_planning_safe/lib/fire_scout_planning_safe/passage_coordinator\n'}
[37.330049] (fire_scout_planning_safe) StdoutLine: {'line': b'-- Installing: /home/wei/fire_scout_ws/install/fire_scout_planning_safe/lib/fire_scout_planning_safe/fire_scout_light_logger.py\n'}
[37.330180] (fire_scout_planning_safe) StdoutLine: {'line': b'-- Up-to-date: /home/wei/fire_scout_ws/install/fire_scout_planning_safe/lib/fire_scout_planning_safe/collect_fire_scout_logs.sh\n'}
[37.330231] (fire_scout_planning_safe) StdoutLine: {'line': b'-- Installing: /home/wei/fire_scout_ws/install/fire_scout_planning_safe/lib/fire_scout_planning_safe/install_fire_scout_planning_safe.sh\n'}
[37.330275] (fire_scout_planning_safe) StdoutLine: {'line': b'-- Up-to-date: /home/wei/fire_scout_ws/install/fire_scout_planning_safe/share/fire_scout_planning_safe/launch\n'}
[37.330331] (fire_scout_planning_safe) StdoutLine: {'line': b'-- Up-to-date: /home/wei/fire_scout_ws/install/fire_scout_planning_safe/share/fire_scout_planning_safe/launch/safe_airfar_planner_only.launch.py\n'}
[37.330380] (fire_scout_planning_safe) StdoutLine: {'line': b'-- Up-to-date: /home/wei/fire_scout_ws/install/fire_scout_planning_safe/share/fire_scout_planning_safe/launch/multi_racer_navigation.launch.py\n'}
[37.330425] (fire_scout_planning_safe) StdoutLine: {'line': b'-- Up-to-date: /home/wei/fire_scout_ws/install/fire_scout_planning_safe/share/fire_scout_planning_safe/launch/multi_map_fusion.launch.py\n'}
[37.330559] (fire_scout_planning_safe) StdoutLine: {'line': b'-- Up-to-date: /home/wei/fire_scout_ws/install/fire_scout_planning_safe/share/fire_scout_planning_safe/launch/multi_safe_airfar_planner_only.launch.py\n'}
[37.330603] (fire_scout_planning_safe) StdoutLine: {'line': b'-- Up-to-date: /home/wei/fire_scout_ws/install/fire_scout_planning_safe/share/fire_scout_planning_safe/launch/multi_safe_airfar_navigation.launch.py\n'}
[37.330640] (fire_scout_planning_safe) StdoutLine: {'line': b'-- Up-to-date: /home/wei/fire_scout_ws/install/fire_scout_planning_safe/share/fire_scout_planning_safe/launch/safe_airfar_navigation.launch.py\n'}
[37.330675] (fire_scout_planning_safe) StdoutLine: {'line': b'-- Up-to-date: /home/wei/fire_scout_ws/install/fire_scout_planning_safe/share/fire_scout_planning_safe/config\n'}
[37.330712] (fire_scout_planning_safe) StdoutLine: {'line': b'-- Installing: /home/wei/fire_scout_ws/install/fire_scout_planning_safe/share/fire_scout_planning_safe/config/safe_airfar.yaml\n'}
[37.330747] (fire_scout_planning_safe) StdoutLine: {'line': b'-- Up-to-date: /home/wei/fire_scout_ws/install/fire_scout_planning_safe/share/fire_scout_planning_safe/docs\n'}
[37.330830] (fire_scout_planning_safe) StdoutLine: {'line': b'-- Up-to-date: /home/wei/fire_scout_ws/install/fire_scout_planning_safe/share/fire_scout_planning_safe/docs/V2_0_GUIDE_ZH.md\n'}
[37.330937] (fire_scout_planning_safe) StdoutLine: {'line': b'-- Up-to-date: /home/wei/fire_scout_ws/install/fire_scout_planning_safe/share/fire_scout_planning_safe/docs/V22_STARTUP_SPREAD_ZH.md\n'}
[37.330989] (fire_scout_planning_safe) StdoutLine: {'line': b'-- Up-to-date: /home/wei/fire_scout_ws/install/fire_scout_planning_safe/share/fire_scout_planning_safe/docs/V2_0_VALIDATION.txt\n'}
[37.331023] (fire_scout_planning_safe) StdoutLine: {'line': b'-- Installing: /home/wei/fire_scout_ws/install/fire_scout_planning_safe/share/fire_scout_planning_safe/docs/V2_0_1_VALIDATION.txt\n'}
[37.331073] (fire_scout_planning_safe) StdoutLine: {'line': b'-- Up-to-date: /home/wei/fire_scout_ws/install/fire_scout_planning_safe/share/fire_scout_planning_safe/docs/V21_PEER_DEADLOCK_AND_SCALED_WORLD_ZH.md\n'}
[37.331114] (fire_scout_planning_safe) StdoutLine: {'line': b'-- Up-to-date: /home/wei/fire_scout_ws/install/fire_scout_planning_safe/share/fire_scout_planning_safe/docs/V19_1_SONAR_MEMORY_FIX_ZH.md\n'}
[37.331170] (fire_scout_planning_safe) StdoutLine: {'line': b'-- Installing: /home/wei/fire_scout_ws/install/fire_scout_planning_safe/share/fire_scout_planning_safe/docs/V2_0_1_GUIDE_ZH.md\n'}
[37.331206] (fire_scout_planning_safe) StdoutLine: {'line': b'-- Up-to-date: /home/wei/fire_scout_ws/install/fire_scout_planning_safe/share/fire_scout_planning_safe/docs/LOG_COLLECTION_ZH.md\n'}
[37.331251] (fire_scout_planning_safe) StdoutLine: {'line': b'-- Up-to-date: /home/wei/fire_scout_ws/install/fire_scout_planning_safe/share/fire_scout_planning_safe/docs/V19_INCREMENTAL_ROUTE_REPAIR_ZH.md\n'}
[37.331286] (fire_scout_planning_safe) StdoutLine: {'line': b'-- Up-to-date: /home/wei/fire_scout_ws/install/fire_scout_planning_safe/share/fire_scout_planning_safe/docs/RACER_TASK_ALLOCATION_ZH.md\n'}
[37.331332] (fire_scout_planning_safe) StdoutLine: {'line': b'-- Up-to-date: /home/wei/fire_scout_ws/install/fire_scout_planning_safe/share/fire_scout_planning_safe/docs/V20_PEER_SAFETY_AND_ROUTE_CONTINUITY_ZH.md\n'}
[37.331381] (fire_scout_planning_safe) StdoutLine: {'line': b'-- Installing: /home/wei/fire_scout_ws/install/fire_scout_planning_safe/share/fire_scout_planning_safe/README.md\n'}
[37.331419] (fire_scout_planning_safe) StdoutLine: {'line': b'-- Up-to-date: /home/wei/fire_scout_ws/install/fire_scout_planning_safe/include\n'}
[37.331466] (fire_scout_planning_safe) StdoutLine: {'line': b'-- Up-to-date: /home/wei/fire_scout_ws/install/fire_scout_planning_safe/include/fire_scout\n'}
[37.331500] (fire_scout_planning_safe) StdoutLine: {'line': b'-- Up-to-date: /home/wei/fire_scout_ws/install/fire_scout_planning_safe/include/fire_scout/envelope_escape.hpp\n'}
[37.331536] (fire_scout_planning_safe) StdoutLine: {'line': b'-- Up-to-date: /home/wei/fire_scout_ws/install/fire_scout_planning_safe/include/fire_scout/visibility_memory.hpp\n'}
[37.331571] (fire_scout_planning_safe) StdoutLine: {'line': b'-- Installing: /home/wei/fire_scout_ws/install/fire_scout_planning_safe/include/fire_scout/route_candidates.hpp\n'}
[37.331606] (fire_scout_planning_safe) StdoutLine: {'line': b'-- Up-to-date: /home/wei/fire_scout_ws/install/fire_scout_planning_safe/include/fire_scout/gap_policy.hpp\n'}
[37.331641] (fire_scout_planning_safe) StdoutLine: {'line': b'-- Up-to-date: /home/wei/fire_scout_ws/install/fire_scout_planning_safe/include/fire_scout/racer_task_allocator.hpp\n'}
[37.331674] (fire_scout_planning_safe) StdoutLine: {'line': b'-- Up-to-date: /home/wei/fire_scout_ws/install/fire_scout_planning_safe/include/fire_scout/autonomous_recovery.hpp\n'}
[37.331707] (fire_scout_planning_safe) StdoutLine: {'line': b'-- Installing: /home/wei/fire_scout_ws/install/fire_scout_planning_safe/include/fire_scout/tracker.hpp\n'}
[37.331742] (fire_scout_planning_safe) StdoutLine: {'line': b'-- Up-to-date: /home/wei/fire_scout_ws/install/fire_scout_planning_safe/include/fire_scout/route_repair.hpp\n'}
[37.331774] (fire_scout_planning_safe) StdoutLine: {'line': b'-- Up-to-date: /home/wei/fire_scout_ws/install/fire_scout_planning_safe/include/fire_scout/input_freshness.hpp\n'}
[37.331808] (fire_scout_planning_safe) StdoutLine: {'line': b'-- Up-to-date: /home/wei/fire_scout_ws/install/fire_scout_planning_safe/include/fire_scout/observation_gate.hpp\n'}
[37.331841] (fire_scout_planning_safe) StdoutLine: {'line': b'-- Up-to-date: /home/wei/fire_scout_ws/install/fire_scout_planning_safe/include/fire_scout/glass_risk.hpp\n'}
[37.331874] (fire_scout_planning_safe) StdoutLine: {'line': b'-- Up-to-date: /home/wei/fire_scout_ws/install/fire_scout_planning_safe/include/fire_scout/route_switch.hpp\n'}
[37.331906] (fire_scout_planning_safe) StdoutLine: {'line': b'-- Installing: /home/wei/fire_scout_ws/install/fire_scout_planning_safe/include/fire_scout/route_topology.hpp\n'}
[37.331938] (fire_scout_planning_safe) StdoutLine: {'line': b'-- Up-to-date: /home/wei/fire_scout_ws/install/fire_scout_planning_safe/include/fire_scout/px4_command_clock.hpp\n'}
[37.331970] (fire_scout_planning_safe) StdoutLine: {'line': b'-- Up-to-date: /home/wei/fire_scout_ws/install/fire_scout_planning_safe/include/fire_scout/peer_uav_filter.hpp\n'}
[37.332001] (fire_scout_planning_safe) StdoutLine: {'line': b'-- Up-to-date: /home/wei/fire_scout_ws/install/fire_scout_planning_safe/include/fire_scout/ros_utils.hpp\n'}
[37.332032] (fire_scout_planning_safe) StdoutLine: {'line': b'-- Up-to-date: /home/wei/fire_scout_ws/install/fire_scout_planning_safe/include/fire_scout/map_pair_buffer.hpp\n'}
[37.332064] (fire_scout_planning_safe) StdoutLine: {'line': b'-- Up-to-date: /home/wei/fire_scout_ws/install/fire_scout_planning_safe/include/fire_scout/px4_topics.hpp\n'}
[37.332098] (fire_scout_planning_safe) StdoutLine: {'line': b'-- Up-to-date: /home/wei/fire_scout_ws/install/fire_scout_planning_safe/include/fire_scout/peer_safety.hpp\n'}
[37.332130] (fire_scout_planning_safe) StdoutLine: {'line': b'-- Up-to-date: /home/wei/fire_scout_ws/install/fire_scout_planning_safe/include/fire_scout/goal_approach.hpp\n'}
[37.332163] (fire_scout_planning_safe) StdoutLine: {'line': b'-- Up-to-date: /home/wei/fire_scout_ws/install/fire_scout_planning_safe/include/fire_scout/hold_safety.hpp\n'}
[37.332226] (fire_scout_planning_safe) StdoutLine: {'line': b'-- Up-to-date: /home/wei/fire_scout_ws/install/fire_scout_planning_safe/include/fire_scout/ultrasonic.hpp\n'}
[37.332338] (fire_scout_planning_safe) StdoutLine: {'line': b'-- Up-to-date: /home/wei/fire_scout_ws/install/fire_scout_planning_safe/include/fire_scout/planner.hpp\n'}
[37.332476] (fire_scout_planning_safe) StdoutLine: {'line': b'-- Up-to-date: /home/wei/fire_scout_ws/install/fire_scout_planning_safe/include/fire_scout/directional_motion.hpp\n'}
[37.332646] (fire_scout_planning_safe) StdoutLine: {'line': b'-- Up-to-date: /home/wei/fire_scout_ws/install/fire_scout_planning_safe/include/fire_scout/route_memory.hpp\n'}
[37.332684] (fire_scout_planning_safe) StdoutLine: {'line': b'-- Up-to-date: /home/wei/fire_scout_ws/install/fire_scout_planning_safe/include/fire_scout/local_recovery.hpp\n'}
[37.332776] (fire_scout_planning_safe) StdoutLine: {'line': b'-- Installing: /home/wei/fire_scout_ws/install/fire_scout_planning_safe/include/fire_scout/timed_trajectory.hpp\n'}
[37.332897] (fire_scout_planning_safe) StdoutLine: {'line': b'-- Up-to-date: /home/wei/fire_scout_ws/install/fire_scout_planning_safe/include/fire_scout/snapshot_stamp.hpp\n'}
[37.333037] (fire_scout_planning_safe) StdoutLine: {'line': b'-- Up-to-date: /home/wei/fire_scout_ws/install/fire_scout_planning_safe/include/fire_scout/vehicle.hpp\n'}
[37.333075] (fire_scout_planning_safe) StdoutLine: {'line': b'-- Up-to-date: /home/wei/fire_scout_ws/install/fire_scout_planning_safe/include/fire_scout/confidence_fusion.hpp\n'}
[37.333159] (fire_scout_planning_safe) StdoutLine: {'line': b'-- Up-to-date: /home/wei/fire_scout_ws/install/fire_scout_planning_safe/include/fire_scout/geometry.hpp\n'}
[37.333223] (fire_scout_planning_safe) StdoutLine: {'line': b'-- Up-to-date: /home/wei/fire_scout_ws/install/fire_scout_planning_safe/include/fire_scout/retreat_route.hpp\n'}
[37.333263] (fire_scout_planning_safe) StdoutLine: {'line': b'-- Up-to-date: /home/wei/fire_scout_ws/install/fire_scout_planning_safe/include/fire_scout/bspline.hpp\n'}
[37.333303] (fire_scout_planning_safe) StdoutLine: {'line': b'-- Up-to-date: /home/wei/fire_scout_ws/install/fire_scout_planning_safe/include/fire_scout/grid.hpp\n'}
[37.333341] (fire_scout_planning_safe) StdoutLine: {'line': b'-- Up-to-date: /home/wei/fire_scout_ws/install/fire_scout_planning_safe/include/fire_scout/passage_scheduler.hpp\n'}
[37.333383] (fire_scout_planning_safe) StdoutLine: {'line': b'-- Up-to-date: /home/wei/fire_scout_ws/install/fire_scout_planning_safe/include/fire_scout/pose_history.hpp\n'}
[37.333421] (fire_scout_planning_safe) StdoutLine: {'line': b'-- Up-to-date: /home/wei/fire_scout_ws/install/fire_scout_planning_safe/include/fire_scout/navigation_contract.hpp\n'}
[37.333460] (fire_scout_planning_safe) StdoutLine: {'line': b'-- Up-to-date: /home/wei/fire_scout_ws/install/fire_scout_planning_safe/share/ament_index/resource_index/package_run_dependencies/fire_scout_planning_safe\n'}
[37.333557] (fire_scout_planning_safe) StdoutLine: {'line': b'-- Up-to-date: /home/wei/fire_scout_ws/install/fire_scout_planning_safe/share/ament_index/resource_index/parent_prefix_path/fire_scout_planning_safe\n'}
[37.333782] (fire_scout_planning_safe) StdoutLine: {'line': b'-- Up-to-date: /home/wei/fire_scout_ws/install/fire_scout_planning_safe/share/fire_scout_planning_safe/environment/ament_prefix_path.sh\n'}
[37.334345] (fire_scout_planning_safe) StdoutLine: {'line': b'-- Installing: /home/wei/fire_scout_ws/install/fire_scout_planning_safe/share/fire_scout_planning_safe/environment/ament_prefix_path.dsv\n'}
[37.334401] (fire_scout_planning_safe) StdoutLine: {'line': b'-- Up-to-date: /home/wei/fire_scout_ws/install/fire_scout_planning_safe/share/fire_scout_planning_safe/environment/path.sh\n'}
[37.334451] (fire_scout_planning_safe) StdoutLine: {'line': b'-- Installing: /home/wei/fire_scout_ws/install/fire_scout_planning_safe/share/fire_scout_planning_safe/environment/path.dsv\n'}
[37.334500] (fire_scout_planning_safe) StdoutLine: {'line': b'-- Up-to-date: /home/wei/fire_scout_ws/install/fire_scout_planning_safe/share/fire_scout_planning_safe/local_setup.bash\n'}
[37.334552] (fire_scout_planning_safe) StdoutLine: {'line': b'-- Up-to-date: /home/wei/fire_scout_ws/install/fire_scout_planning_safe/share/fire_scout_planning_safe/local_setup.sh\n'}
[37.334605] (fire_scout_planning_safe) StdoutLine: {'line': b'-- Up-to-date: /home/wei/fire_scout_ws/install/fire_scout_planning_safe/share/fire_scout_planning_safe/local_setup.zsh\n'}
[37.334656] (fire_scout_planning_safe) StdoutLine: {'line': b'-- Installing: /home/wei/fire_scout_ws/install/fire_scout_planning_safe/share/fire_scout_planning_safe/local_setup.dsv\n'}
[37.334718] (fire_scout_planning_safe) StdoutLine: {'line': b'-- Installing: /home/wei/fire_scout_ws/install/fire_scout_planning_safe/share/fire_scout_planning_safe/package.dsv\n'}
[37.334770] (fire_scout_planning_safe) StdoutLine: {'line': b'-- Up-to-date: /home/wei/fire_scout_ws/install/fire_scout_planning_safe/share/ament_index/resource_index/packages/fire_scout_planning_safe\n'}
[37.334811] (fire_scout_planning_safe) StdoutLine: {'line': b'-- Installing: /home/wei/fire_scout_ws/install/fire_scout_planning_safe/share/fire_scout_planning_safe/cmake/fire_scout_planning_safeConfig.cmake\n'}
[37.334849] (fire_scout_planning_safe) StdoutLine: {'line': b'-- Installing: /home/wei/fire_scout_ws/install/fire_scout_planning_safe/share/fire_scout_planning_safe/cmake/fire_scout_planning_safeConfig-version.cmake\n'}
[37.334891] (fire_scout_planning_safe) StdoutLine: {'line': b'-- Installing: /home/wei/fire_scout_ws/install/fire_scout_planning_safe/share/fire_scout_planning_safe/package.xml\n'}
[37.334939] (fire_scout_planning_safe) CommandEnded: {'returncode': 0}
[37.348562] (fire_scout_planning_safe) JobEnded: {'identifier': 'fire_scout_planning_safe', 'rc': 0}
[37.350085] (fire_scout_mapping) JobStarted: {'identifier': 'fire_scout_mapping'}
[37.360019] (fire_scout_mapping) JobProgress: {'identifier': 'fire_scout_mapping', 'progress': 'cmake'}
[37.360225] (fire_scout_mapping) JobProgress: {'identifier': 'fire_scout_mapping', 'progress': 'build'}
[37.361067] (fire_scout_mapping) Command: {'cmd': ['/usr/bin/cmake', '--build', '/home/wei/fire_scout_ws/build/fire_scout_mapping', '--', '-j32', '-l32'], 'cwd': '/home/wei/fire_scout_ws/build/fire_scout_mapping', 'env': OrderedDict([('GJS_DEBUG_TOPICS', 'JS ERROR;JS LOG'), ('LESSOPEN', '| /usr/bin/lesspipe %s'), ('LANGUAGE', 'zh_CN:en'), ('USER', 'wei'), ('LC_TIME', 'en_US.UTF-8'), ('XDG_SESSION_TYPE', 'wayland'), ('SHLVL', '1'), ('LD_LIBRARY_PATH', '/home/wei/fire_scout_ws/install/px4_msgs/lib:/opt/ros/humble/opt/rviz_ogre_vendor/lib:/opt/ros/humble/lib/x86_64-linux-gnu:/opt/ros/humble/lib'), ('HOME', '/home/wei'), ('OLDPWD', '/home/wei/fire_scout_ws'), ('DESKTOP_SESSION', 'ubuntu'), ('GIO_LAUNCHED_DESKTOP_FILE', '/usr/share/applications/terminator.desktop'), ('ROS_PYTHON_VERSION', '3'), ('GNOME_SHELL_SESSION_MODE', 'ubuntu'), ('GTK_MODULES', 'gail:atk-bridge'), ('LC_MONETARY', 'en_US.UTF-8'), ('MANAGERPID', '1353'), ('SYSTEMD_EXEC_PID', '1565'), ('DBUS_SESSION_BUS_ADDRESS', 'unix:path=/run/user/1000/bus'), ('COLORTERM', 'truecolor'), ('TERMINATOR_DBUS_NAME', 'net.tenshu.Terminator25ef4b219e3b005583550f2b0f9f990c3'), ('GIO_LAUNCHED_DESKTOP_FILE_PID', '751313'), ('IM_CONFIG_PHASE', '1'), ('WAYLAND_DISPLAY', 'wayland-0'), ('ROS_DISTRO', 'humble'), ('LOGNAME', 'wei'), ('JOURNAL_STREAM', '8:9374'), ('_', '/usr/bin/colcon'), ('ROS_VERSION', '2'), ('XDG_SESSION_CLASS', 'user'), ('USERNAME', 'wei'), ('TERM', 'xterm-256color'), ('GNOME_DESKTOP_SESSION_ID', 'this-is-deprecated'), ('ROS_LOCALHOST_ONLY', '0'), ('PATH', '/opt/ros/humble/bin:/home/wei/.local/bin:/usr/local/sbin:/usr/local/bin:/usr/sbin:/usr/bin:/sbin:/bin:/usr/games:/usr/local/games:/snap/bin:/snap/bin'), ('SESSION_MANAGER', 'local/wei:@/tmp/.ICE-unix/1528,unix/wei:/tmp/.ICE-unix/1528'), ('INVOCATION_ID', 'ed7428c5436e412e81e0d8a34a655579'), ('PAPERSIZE', 'letter'), ('XDG_MENU_PREFIX', 'gnome-'), ('LC_ADDRESS', 'en_US.UTF-8'), ('GNOME_SETUP_DISPLAY', ':1'), ('XDG_RUNTIME_DIR', '/run/user/1000'), ('DISPLAY', ':0'), ('TERMINATOR_DBUS_PATH', '/net/tenshu/Terminator2'), ('LANG', 'zh_CN.UTF-8'), ('XDG_CURRENT_DESKTOP', 'ubuntu:GNOME'), ('IBUS_DISABLE_SNOOPER', '1'), ('LC_TELEPHONE', 'en_US.UTF-8'), ('RMW_IMPLEMENTATION', 'rmw_cyclonedds_cpp'), ('XMODIFIERS', '@im=ibus'), ('XDG_SESSION_DESKTOP', 'ubuntu'), ('XAUTHORITY', '/run/user/1000/.mutter-Xwaylandauth.F875V3'), ('LS_COLORS', 'rs=0:di=01;34:ln=01;36:mh=00:pi=40;33:so=01;35:do=01;35:bd=40;33;01:cd=40;33;01:or=40;31;01:mi=00:su=37;41:sg=30;43:ca=30;41:tw=30;42:ow=34;42:st=37;44:ex=01;32:*.tar=01;31:*.tgz=01;31:*.arc=01;31:*.arj=01;31:*.taz=01;31:*.lha=01;31:*.lz4=01;31:*.lzh=01;31:*.lzma=01;31:*.tlz=01;31:*.txz=01;31:*.tzo=01;31:*.t7z=01;31:*.zip=01;31:*.z=01;31:*.dz=01;31:*.gz=01;31:*.lrz=01;31:*.lz=01;31:*.lzo=01;31:*.xz=01;31:*.zst=01;31:*.tzst=01;31:*.bz2=01;31:*.bz=01;31:*.tbz=01;31:*.tbz2=01;31:*.tz=01;31:*.deb=01;31:*.rpm=01;31:*.jar=01;31:*.war=01;31:*.ear=01;31:*.sar=01;31:*.rar=01;31:*.alz=01;31:*.ace=01;31:*.zoo=01;31:*.cpio=01;31:*.7z=01;31:*.rz=01;31:*.cab=01;31:*.wim=01;31:*.swm=01;31:*.dwm=01;31:*.esd=01;31:*.jpg=01;35:*.jpeg=01;35:*.mjpg=01;35:*.mjpeg=01;35:*.gif=01;35:*.bmp=01;35:*.pbm=01;35:*.pgm=01;35:*.ppm=01;35:*.tga=01;35:*.xbm=01;35:*.xpm=01;35:*.tif=01;35:*.tiff=01;35:*.png=01;35:*.svg=01;35:*.svgz=01;35:*.mng=01;35:*.pcx=01;35:*.mov=01;35:*.mpg=01;35:*.mpeg=01;35:*.m2v=01;35:*.mkv=01;35:*.webm=01;35:*.webp=01;35:*.ogm=01;35:*.mp4=01;35:*.m4v=01;35:*.mp4v=01;35:*.vob=01;35:*.qt=01;35:*.nuv=01;35:*.wmv=01;35:*.asf=01;35:*.rm=01;35:*.rmvb=01;35:*.flc=01;35:*.avi=01;35:*.fli=01;35:*.flv=01;35:*.gl=01;35:*.dl=01;35:*.xcf=01;35:*.xwd=01;35:*.yuv=01;35:*.cgm=01;35:*.emf=01;35:*.ogv=01;35:*.ogx=01;35:*.aac=00;36:*.au=00;36:*.flac=00;36:*.m4a=00;36:*.mid=00;36:*.midi=00;36:*.mka=00;36:*.mp3=00;36:*.mpc=00;36:*.ogg=00;36:*.ra=00;36:*.wav=00;36:*.oga=00;36:*.opus=00;36:*.spx=00;36:*.xspf=00;36:'), ('SSH_AGENT_LAUNCHER', 'gnome-keyring'), ('SSH_AUTH_SOCK', '/run/user/1000/keyring/ssh'), ('AMENT_PREFIX_PATH', '/home/wei/fire_scout_ws/install/fire_scout_planning_safe:/home/wei/fire_scout_ws/install/px4_msgs:/opt/ros/humble'), ('SHELL', '/bin/bash'), ('LC_NAME', 'en_US.UTF-8'), ('TERMINATOR_UUID', 'urn:uuid:fca43956-d007-4aaf-9558-4a21fbf7314a'), ('QT_ACCESSIBILITY', '1'), ('GDMSESSION', 'ubuntu'), ('LESSCLOSE', '/usr/bin/lesspipe %s %s'), ('LC_MEASUREMENT', 'en_US.UTF-8'), ('GJS_DEBUG_OUTPUT', 'stderr'), ('LC_IDENTIFICATION', 'en_US.UTF-8'), ('GZ_VERSION', 'harmonic'), ('QT_IM_MODULE', 'ibus'), ('PWD', '/home/wei/fire_scout_ws/build/fire_scout_mapping'), ('LC_ALL', 'en_US.UTF-8'), ('XDG_CONFIG_DIRS', '/etc/xdg/xdg-ubuntu:/etc/xdg'), ('XDG_DATA_DIRS', '/usr/share/ubuntu:/home/wei/.local/share/flatpak/exports/share:/var/lib/flatpak/exports/share:/usr/local/share/:/usr/share/:/var/lib/snapd/desktop'), ('PYTHONPATH', '/home/wei/fire_scout_ws/install/px4_msgs/local/lib/python3.10/dist-packages:/opt/ros/humble/lib/python3.10/site-packages:/opt/ros/humble/local/lib/python3.10/dist-packages'), ('LC_NUMERIC', 'en_US.UTF-8'), ('LC_PAPER', 'en_US.UTF-8'), ('COLCON', '1'), ('VTE_VERSION', '6800'), ('CMAKE_PREFIX_PATH', '/home/wei/fire_scout_ws/install/fire_scout_planning_safe:/home/wei/fire_scout_ws/install/px4_msgs:/opt/ros/humble')]), 'shell': False}
[37.405740] (fire_scout_mapping) StdoutLine: {'line': b'\x1b[35m\x1b[1mConsolidate compiler generated dependencies of target radar_map_builder\x1b[0m\n'}
[37.422484] (-) TimerEvent: {}
[37.423176] (fire_scout_mapping) StdoutLine: {'line': b'[100%] Built target radar_map_builder\n'}
[37.432290] (fire_scout_mapping) CommandEnded: {'returncode': 0}
[37.432876] (fire_scout_mapping) JobProgress: {'identifier': 'fire_scout_mapping', 'progress': 'install'}
[37.433091] (fire_scout_mapping) Command: {'cmd': ['/usr/bin/cmake', '--install', '/home/wei/fire_scout_ws/build/fire_scout_mapping'], 'cwd': '/home/wei/fire_scout_ws/build/fire_scout_mapping', 'env': OrderedDict([('GJS_DEBUG_TOPICS', 'JS ERROR;JS LOG'), ('LESSOPEN', '| /usr/bin/lesspipe %s'), ('LANGUAGE', 'zh_CN:en'), ('USER', 'wei'), ('LC_TIME', 'en_US.UTF-8'), ('XDG_SESSION_TYPE', 'wayland'), ('SHLVL', '1'), ('LD_LIBRARY_PATH', '/home/wei/fire_scout_ws/install/px4_msgs/lib:/opt/ros/humble/opt/rviz_ogre_vendor/lib:/opt/ros/humble/lib/x86_64-linux-gnu:/opt/ros/humble/lib'), ('HOME', '/home/wei'), ('OLDPWD', '/home/wei/fire_scout_ws'), ('DESKTOP_SESSION', 'ubuntu'), ('GIO_LAUNCHED_DESKTOP_FILE', '/usr/share/applications/terminator.desktop'), ('ROS_PYTHON_VERSION', '3'), ('GNOME_SHELL_SESSION_MODE', 'ubuntu'), ('GTK_MODULES', 'gail:atk-bridge'), ('LC_MONETARY', 'en_US.UTF-8'), ('MANAGERPID', '1353'), ('SYSTEMD_EXEC_PID', '1565'), ('DBUS_SESSION_BUS_ADDRESS', 'unix:path=/run/user/1000/bus'), ('COLORTERM', 'truecolor'), ('TERMINATOR_DBUS_NAME', 'net.tenshu.Terminator25ef4b219e3b005583550f2b0f9f990c3'), ('GIO_LAUNCHED_DESKTOP_FILE_PID', '751313'), ('IM_CONFIG_PHASE', '1'), ('WAYLAND_DISPLAY', 'wayland-0'), ('ROS_DISTRO', 'humble'), ('LOGNAME', 'wei'), ('JOURNAL_STREAM', '8:9374'), ('_', '/usr/bin/colcon'), ('ROS_VERSION', '2'), ('XDG_SESSION_CLASS', 'user'), ('USERNAME', 'wei'), ('TERM', 'xterm-256color'), ('GNOME_DESKTOP_SESSION_ID', 'this-is-deprecated'), ('ROS_LOCALHOST_ONLY', '0'), ('PATH', '/opt/ros/humble/bin:/home/wei/.local/bin:/usr/local/sbin:/usr/local/bin:/usr/sbin:/usr/bin:/sbin:/bin:/usr/games:/usr/local/games:/snap/bin:/snap/bin'), ('SESSION_MANAGER', 'local/wei:@/tmp/.ICE-unix/1528,unix/wei:/tmp/.ICE-unix/1528'), ('INVOCATION_ID', 'ed7428c5436e412e81e0d8a34a655579'), ('PAPERSIZE', 'letter'), ('XDG_MENU_PREFIX', 'gnome-'), ('LC_ADDRESS', 'en_US.UTF-8'), ('GNOME_SETUP_DISPLAY', ':1'), ('XDG_RUNTIME_DIR', '/run/user/1000'), ('DISPLAY', ':0'), ('TERMINATOR_DBUS_PATH', '/net/tenshu/Terminator2'), ('LANG', 'zh_CN.UTF-8'), ('XDG_CURRENT_DESKTOP', 'ubuntu:GNOME'), ('IBUS_DISABLE_SNOOPER', '1'), ('LC_TELEPHONE', 'en_US.UTF-8'), ('RMW_IMPLEMENTATION', 'rmw_cyclonedds_cpp'), ('XMODIFIERS', '@im=ibus'), ('XDG_SESSION_DESKTOP', 'ubuntu'), ('XAUTHORITY', '/run/user/1000/.mutter-Xwaylandauth.F875V3'), ('LS_COLORS', 'rs=0:di=01;34:ln=01;36:mh=00:pi=40;33:so=01;35:do=01;35:bd=40;33;01:cd=40;33;01:or=40;31;01:mi=00:su=37;41:sg=30;43:ca=30;41:tw=30;42:ow=34;42:st=37;44:ex=01;32:*.tar=01;31:*.tgz=01;31:*.arc=01;31:*.arj=01;31:*.taz=01;31:*.lha=01;31:*.lz4=01;31:*.lzh=01;31:*.lzma=01;31:*.tlz=01;31:*.txz=01;31:*.tzo=01;31:*.t7z=01;31:*.zip=01;31:*.z=01;31:*.dz=01;31:*.gz=01;31:*.lrz=01;31:*.lz=01;31:*.lzo=01;31:*.xz=01;31:*.zst=01;31:*.tzst=01;31:*.bz2=01;31:*.bz=01;31:*.tbz=01;31:*.tbz2=01;31:*.tz=01;31:*.deb=01;31:*.rpm=01;31:*.jar=01;31:*.war=01;31:*.ear=01;31:*.sar=01;31:*.rar=01;31:*.alz=01;31:*.ace=01;31:*.zoo=01;31:*.cpio=01;31:*.7z=01;31:*.rz=01;31:*.cab=01;31:*.wim=01;31:*.swm=01;31:*.dwm=01;31:*.esd=01;31:*.jpg=01;35:*.jpeg=01;35:*.mjpg=01;35:*.mjpeg=01;35:*.gif=01;35:*.bmp=01;35:*.pbm=01;35:*.pgm=01;35:*.ppm=01;35:*.tga=01;35:*.xbm=01;35:*.xpm=01;35:*.tif=01;35:*.tiff=01;35:*.png=01;35:*.svg=01;35:*.svgz=01;35:*.mng=01;35:*.pcx=01;35:*.mov=01;35:*.mpg=01;35:*.mpeg=01;35:*.m2v=01;35:*.mkv=01;35:*.webm=01;35:*.webp=01;35:*.ogm=01;35:*.mp4=01;35:*.m4v=01;35:*.mp4v=01;35:*.vob=01;35:*.qt=01;35:*.nuv=01;35:*.wmv=01;35:*.asf=01;35:*.rm=01;35:*.rmvb=01;35:*.flc=01;35:*.avi=01;35:*.fli=01;35:*.flv=01;35:*.gl=01;35:*.dl=01;35:*.xcf=01;35:*.xwd=01;35:*.yuv=01;35:*.cgm=01;35:*.emf=01;35:*.ogv=01;35:*.ogx=01;35:*.aac=00;36:*.au=00;36:*.flac=00;36:*.m4a=00;36:*.mid=00;36:*.midi=00;36:*.mka=00;36:*.mp3=00;36:*.mpc=00;36:*.ogg=00;36:*.ra=00;36:*.wav=00;36:*.oga=00;36:*.opus=00;36:*.spx=00;36:*.xspf=00;36:'), ('SSH_AGENT_LAUNCHER', 'gnome-keyring'), ('SSH_AUTH_SOCK', '/run/user/1000/keyring/ssh'), ('AMENT_PREFIX_PATH', '/home/wei/fire_scout_ws/install/fire_scout_planning_safe:/home/wei/fire_scout_ws/install/px4_msgs:/opt/ros/humble'), ('SHELL', '/bin/bash'), ('LC_NAME', 'en_US.UTF-8'), ('TERMINATOR_UUID', 'urn:uuid:fca43956-d007-4aaf-9558-4a21fbf7314a'), ('QT_ACCESSIBILITY', '1'), ('GDMSESSION', 'ubuntu'), ('LESSCLOSE', '/usr/bin/lesspipe %s %s'), ('LC_MEASUREMENT', 'en_US.UTF-8'), ('GJS_DEBUG_OUTPUT', 'stderr'), ('LC_IDENTIFICATION', 'en_US.UTF-8'), ('GZ_VERSION', 'harmonic'), ('QT_IM_MODULE', 'ibus'), ('PWD', '/home/wei/fire_scout_ws/build/fire_scout_mapping'), ('LC_ALL', 'en_US.UTF-8'), ('XDG_CONFIG_DIRS', '/etc/xdg/xdg-ubuntu:/etc/xdg'), ('XDG_DATA_DIRS', '/usr/share/ubuntu:/home/wei/.local/share/flatpak/exports/share:/var/lib/flatpak/exports/share:/usr/local/share/:/usr/share/:/var/lib/snapd/desktop'), ('PYTHONPATH', '/home/wei/fire_scout_ws/install/px4_msgs/local/lib/python3.10/dist-packages:/opt/ros/humble/lib/python3.10/site-packages:/opt/ros/humble/local/lib/python3.10/dist-packages'), ('LC_NUMERIC', 'en_US.UTF-8'), ('LC_PAPER', 'en_US.UTF-8'), ('COLCON', '1'), ('VTE_VERSION', '6800'), ('CMAKE_PREFIX_PATH', '/home/wei/fire_scout_ws/install/fire_scout_planning_safe:/home/wei/fire_scout_ws/install/px4_msgs:/opt/ros/humble')]), 'shell': False}
[37.440393] (fire_scout_mapping) StdoutLine: {'line': b'-- Install configuration: ""\n'}
[37.440584] (fire_scout_mapping) StdoutLine: {'line': b'-- Up-to-date: /home/wei/fire_scout_ws/install/fire_scout_mapping/lib/fire_scout_mapping/radar_map_builder\n'}
[37.440721] (fire_scout_mapping) StdoutLine: {'line': b'-- Up-to-date: /home/wei/fire_scout_ws/install/fire_scout_mapping/share/fire_scout_mapping/launch\n'}
[37.440845] (fire_scout_mapping) StdoutLine: {'line': b'-- Up-to-date: /home/wei/fire_scout_ws/install/fire_scout_mapping/share/fire_scout_mapping/launch/planning_map.launch.py\n'}
[37.440944] (fire_scout_mapping) StdoutLine: {'line': b'-- Up-to-date: /home/wei/fire_scout_ws/install/fire_scout_mapping/share/fire_scout_mapping/launch/radar_mapping.launch.py\n'}
[37.441040] (fire_scout_mapping) StdoutLine: {'line': b'-- Up-to-date: /home/wei/fire_scout_ws/install/fire_scout_mapping/share/ament_index/resource_index/package_run_dependencies/fire_scout_mapping\n'}
[37.441113] (fire_scout_mapping) StdoutLine: {'line': b'-- Up-to-date: /home/wei/fire_scout_ws/install/fire_scout_mapping/share/ament_index/resource_index/parent_prefix_path/fire_scout_mapping\n'}
[37.441184] (fire_scout_mapping) StdoutLine: {'line': b'-- Up-to-date: /home/wei/fire_scout_ws/install/fire_scout_mapping/share/fire_scout_mapping/environment/ament_prefix_path.sh\n'}
[37.441304] (fire_scout_mapping) StdoutLine: {'line': b'-- Up-to-date: /home/wei/fire_scout_ws/install/fire_scout_mapping/share/fire_scout_mapping/environment/ament_prefix_path.dsv\n'}
[37.441378] (fire_scout_mapping) StdoutLine: {'line': b'-- Up-to-date: /home/wei/fire_scout_ws/install/fire_scout_mapping/share/fire_scout_mapping/environment/path.sh\n'}
[37.441458] (fire_scout_mapping) StdoutLine: {'line': b'-- Up-to-date: /home/wei/fire_scout_ws/install/fire_scout_mapping/share/fire_scout_mapping/environment/path.dsv\n'}
[37.441531] (fire_scout_mapping) StdoutLine: {'line': b'-- Up-to-date: /home/wei/fire_scout_ws/install/fire_scout_mapping/share/fire_scout_mapping/local_setup.bash\n'}
[37.441602] (fire_scout_mapping) StdoutLine: {'line': b'-- Up-to-date: /home/wei/fire_scout_ws/install/fire_scout_mapping/share/fire_scout_mapping/local_setup.sh\n'}
[37.441672] (fire_scout_mapping) StdoutLine: {'line': b'-- Up-to-date: /home/wei/fire_scout_ws/install/fire_scout_mapping/share/fire_scout_mapping/local_setup.zsh\n'}
[37.441741] (fire_scout_mapping) StdoutLine: {'line': b'-- Up-to-date: /home/wei/fire_scout_ws/install/fire_scout_mapping/share/fire_scout_mapping/local_setup.dsv\n'}
[37.441810] (fire_scout_mapping) StdoutLine: {'line': b'-- Installing: /home/wei/fire_scout_ws/install/fire_scout_mapping/share/fire_scout_mapping/package.dsv\n'}
[37.441879] (fire_scout_mapping) StdoutLine: {'line': b'-- Up-to-date: /home/wei/fire_scout_ws/install/fire_scout_mapping/share/ament_index/resource_index/packages/fire_scout_mapping\n'}
[37.441948] (fire_scout_mapping) StdoutLine: {'line': b'-- Up-to-date: /home/wei/fire_scout_ws/install/fire_scout_mapping/share/fire_scout_mapping/cmake/fire_scout_mappingConfig.cmake\n'}
[37.442024] (fire_scout_mapping) StdoutLine: {'line': b'-- Up-to-date: /home/wei/fire_scout_ws/install/fire_scout_mapping/share/fire_scout_mapping/cmake/fire_scout_mappingConfig-version.cmake\n'}
[37.442094] (fire_scout_mapping) StdoutLine: {'line': b'-- Up-to-date: /home/wei/fire_scout_ws/install/fire_scout_mapping/share/fire_scout_mapping/package.xml\n'}
[37.442792] (fire_scout_mapping) CommandEnded: {'returncode': 0}
[37.450064] (fire_scout_mapping) JobEnded: {'identifier': 'fire_scout_mapping', 'rc': 0}
[37.450687] (-) EventReactorShutdown: {}
